"industry_code","industry_employment_share","location_quotient","industry_present","industry_comparative_advantage","industry_feasibility","industry_feasibility_percentile_score"
"111000",0.0086746726666486,1.70897204144639,1,1,0.288430773328947,49.62
"112000",0.0093117189406056,3.51172680744656,1,1,0.296289119354146,50.16
"113110",1.35541760416384e-05,0.53578792392376,1,0,0.248114150451538,46.38
"113210",0,0,0,0,0.236709897970922,49.95
"113310",0.000203312640624576,0.569501738078168,1,0,0.274268681980296,44.43
"114111",1.35541760416384e-05,0.194840005319022,1,0,0.21430067487894,48.86
"114112",1.35541760416384e-05,0.199327209760737,1,0,0.200547077749215,47.78
"114119",0,0,0,0,0.183588079541456,52.22
"114210",4.06625281249153e-05,1.05656196653918,1,1,0.276179727321541,50.92
"115111",2.71083520832769e-05,0.77418897264213,1,0,0.216692257262303,49.73
"115112",0.000460841985415707,2.32474003279013,1,1,0.284730854833344,51.46
"115113",0,0,0,0,0.235527714278588,51.24
"115114",0.000311746048957684,0.632271141143743,1,0,0.232000246348822,54.59
"115115",0.00243975168749492,1.24243309314026,1,1,0.29000577305013,52.11
"115116",0.000121987584374746,0.920421688908156,1,0,0.228103585314147,51.57
"115210",0.00159939277291333,6.36066340857431,1,1,0.282985955698393,51.46
"115310",0.000596383745832091,4.13344023370573,1,1,0.257487356074829,51.35
"211120",0,0,0,0,0.189550175289412,39.35
"211130",0,0,0,0,0.193202284298052,41.19
"212114",0,0,0,0,0.180392357428122,47.68
"212115",0,0,0,0,0.168829913427781,44
"212210",0,0,0,0,0.146001148740295,39.24
"212220",0,0,0,0,0.151687891438649,47.14
"212230",0,0,0,0,0.150327321131492,51.14
"212290",0,0,0,0,0.161564847163197,56.76
"212311",0,0,0,0,0.197203738109641,53.41
"212312",0.000759033858331752,5.48787630924523,1,1,0.234945943389185,53.62
"212313",0,0,0,0,0.170237277444556,53.73
"212319",0,0,0,0,0.196769767162795,48.32
"212321",0,0,0,0,0.260490418458373,46.81
"212322",0,0,0,0,0.175478343136674,52.11
"212323",0,0,0,0,0.152627516962542,49.41
"212390",0,0,0,0,0.183545356189397,47.89
"213111",0,0,0,0,0.199284389133691,39.78
"213112",0,0,0,0,0.202303588783233,38.27
"213113",0,0,0,0,0.17085400489804,45.19
"213114",0,0,0,0,0.173758725845114,51.78
"213115",0,0,0,0,0.183588931218207,49.73
"221111",0,0,0,0,0.193979450188685,50.59
"221112",5.42167041665537e-05,0.126859667901736,1,0,0.223041038718324,47.78
"221113",0,0,0,0,0.14106976582665,53.3
"221114",1.35541760416384e-05,0.140937950760739,1,0,0.16514351801054,55.46
"221115",0,0,0,0,0.183038286360935,48.43
"221116",0,0,0,0,0.152903493321782,56.65
"221117",0,0,0,0,0.161748378119615,54.38
"221118",0,0,0,0,0.156221123859737,53.51
"221121",0,0,0,0,0.188561020770774,51.14
"221122",1.35541760416384e-05,0.010247798899695,1,0,0.277520561448157,42.81
"221210",0,0,0,0,0.244989568162855,44.97
"221310",0.000203312640624576,0.634849379658177,1,0,0.266074196867515,44
"221320",1.35541760416384e-05,0.304174143216244,1,0,0.21413025146993,50.05
"221330",0,0,0,0,0.142372719334844,56.32
"236115",0.00323944807395158,1.03303749885468,1,1,0.275792927515959,52.32
"236116",1.35541760416384e-05,0.0430944344143388,1,0,0.19834061415231,56.86
"236117",0.000420179457290791,0.743834016223911,1,0,0.245427886326491,51.35
"236118",0.00407980698853317,0.898784848383599,1,0,0.257620276296225,47.24
"236210",0.00321233972186831,3.26054873999194,1,1,0.245520471677821,53.95
"236220",0.00679064219686085,1.43988283768733,1,1,0.252250071138276,51.78
"237110",0.00069126297812356,0.541605894854211,1,0,0.264138124174571,48.86
"237120",0,0,0,0,0.215428659716131,41.19
"237130",0,0,0,0,0.248969500209883,46.38
"237210",9.4879232291469e-05,0.387085427029101,1,0,0.219019059610856,54.7
"237310",0.000637046273957006,0.285862606579124,1,0,0.258907379297535,45.84
"237990",4.06625281249153e-05,0.0474161291916876,1,0,0.247816902168208,49.08
"238110",0.00271083520832769,1.57625156819897,1,1,0.265372883540573,53.08
"238120",0.000975900674997967,1.79160223265799,1,1,0.23474133747116,56.22
"238130",0.000813250562498306,1.28409735761591,1,1,0.246191571198875,57.08
"238140",0.00077258803437339,0.741839771064255,1,0,0.248343759245771,52.32
"238150",0.000745479682290114,1.49956567985632,1,1,0.247906366383808,54.38
"238160",0.00342920653853452,2.0105021267504,1,1,0.251575104650876,53.08
"238170",0.000216866816666215,0.620214845575597,1,0,0.264844668175683,47.78
"238190",0.000989454851039605,2.62408273517885,1,1,0.264677519618891,52.43
"238210",0.00752256770310933,1.0812407722063,1,1,0.243954071973128,52.76
"238220",0.0125240586624739,1.53050499051623,1,1,0.253173291702345,53.19
"238290",0.000325300224999322,0.319040163538163,1,0,0.236677784435181,50.05
"238310",0.00208734311041232,1.16249540162544,1,1,0.22892208651313,56.86
"238320",0.0015858385968717,0.828425305828911,1,0,0.243445228486988,51.35
"238330",0.000487950337498983,0.606725422631822,1,0,0.242841851917942,51.14
"238340",6.77708802081922e-05,0.134249880370892,1,0,0.235649388857263,54.16
"238350",0.00043373363333243,0.281928453052392,1,0,0.256840381058244,50.81
"238390",0.000379516929165876,0.591699395826082,1,0,0.197010035452868,52.86
"238910",0.00836292661769091,2.48934138493966,1,1,0.28305678398093,45.73
"238990",0.00429667380519938,1.28550811536674,1,1,0.267700804568263,51.35
"311111",0,0,0,0,0.198788532153847,54.92
"311119",0.00119276749166418,5.48566318901258,1,1,0.269482387052868,55.89
"311211",0,0,0,0,0.183357576751617,51.89
"311212",0,0,0,0,0.167239129786221,49.08
"311213",0,0,0,0,0.156516523489193,49.41
"311221",0,0,0,0,0.158141777555495,52.32
"311224",0,0,0,0,0.193258707008215,53.41
"311225",0,0,0,0,0.155648164351235,53.95
"311230",0,0,0,0,0.154933014915053,55.24
"311313",0,0,0,0,0.171478713756174,55.24
"311314",0.000393071105207514,10.2608442034456,1,1,0.17498948905864,76.54
"311340",2.71083520832769e-05,0.174249612426533,1,0,0.173460539189549,54.27
"311351",0,0,0,0,0.158757179385021,54.92
"311352",0.000352408577082599,1.87737809360689,1,1,0.20077281186121,57.19
"311411",0,0,0,0,0.180799321041628,58.59
"311412",0,0,0,0,0.177527954898655,51.89
"311421",1.35541760416384e-05,0.0420880788119662,1,0,0.210839638018192,53.95
"311422",0,0,0,0,0.159314851658568,58.16
"311423",0,0,0,0,0.177018093369433,56.86
"311511",0.00710238824581854,21.6590890441533,1,1,0.20489102733712,59.89
"311512",0,0,0,0,0.146689263208814,55.57
"311513",0.000121987584374746,0.338740047477365,1,0,0.20357436305878,55.68
"311514",0.00276505191249424,23.6549172046313,1,1,0.194229935821361,68.65
"311520",1.35541760416384e-05,0.089998657138104,1,0,0.172166146745753,53.3
"311611",0.000623492097915368,0.714816138104306,1,0,0.238502705149172,52.22
"311612",0.000298191872916045,0.336319045943267,1,0,0.231230533823925,52.76
"311613",0,0,0,0,0.169516521945252,50.92
"311615",0.0693838271571471,48.6857776937113,1,1,0.221064372575403,61.73
"311710",0,0,0,0,0.165429788670774,49.08
"311811",0.000718371330206837,0.974004537991946,1,0,0.228953260312244,48.65
"311812",8.13250562498306e-05,0.0911706729112257,1,0,0.200119249747104,54.59
"311813",0,0,0,0,0.142256508080937,56.97
"311821",0.000393071105207514,1.74431478223684,1,1,0.182358733345921,61.41
"311824",0,0,0,0,0.159649646057769,53.41
"311830",0,0,0,0,0.165427988610267,56.65
"311911",0,0,0,0,0.159388416250375,54.7
"311919",0,0,0,0,0.173092276737089,55.14
"311920",0,0,0,0,0.191167394785818,52.22
"311930",0,0,0,0,0.133308204309178,57.51
"311941",0,0,0,0,0.167103895204508,55.24
"311942",0,0,0,0,0.169998543892076,55.24
"311991",0,0,0,0,0.169520213916669,55.46
"311999",0.000311746048957684,1.23379501722222,1,1,0.206031058068242,60.97
"312111",0,0,0,0,0.197869850071482,52.76
"312112",0,0,0,0,0.193786708565202,52.11
"312113",0.000298191872916045,6.48156413704279,1,1,0.216821609372577,56.11
"312120",0.00982677763018786,15.3347770098043,1,1,0.243764559203595,52
"312130",0.000162650112499661,0.352941357972084,1,0,0.223047944851773,50.7
"312140",0,0,0,0,0.201473973527464,50.81
"312230",0,0,0,0,0.15273629326281,52.86
"313110",0,0,0,0,0.159890124345437,49.3
"313210",0,0,0,0,0.169225137185864,51.89
"313220",0,0,0,0,0.138413652960572,45.3
"313230",0,0,0,0,0.155799366876949,51.46
"313240",0,0,0,0,0.139632454217624,50.49
"313310",0,0,0,0,0.19214221546514,52.11
"313320",0,0,0,0,0.145705192886423,48.32
"314110",0,0,0,0,0.153785047288798,51.46
"314120",2.71083520832769e-05,0.309594437172927,1,0,0.180776467028862,53.84
"314910",0.00077258803437339,5.4628462090012,1,1,0.222193664185719,55.89
"314994",0,0,0,0,0.158554194400464,50.49
"314999",5.42167041665537e-05,0.284420673428081,1,0,0.23219918413427,52
"315120",0,0,0,0,0.150378409693754,53.51
"315210",2.71083520832769e-05,0.173291143711315,1,0,0.182027080610477,53.19
"315250",2.71083520832769e-05,0.0974802898017155,1,0,0.178858103821286,52.86
"315990",2.71083520832769e-05,0.323608127714001,1,0,0.192277134091219,55.68
"316110",0,0,0,0,0.196523196827069,50.49
"316210",0,0,0,0,0.174002290791694,50.38
"316990",2.71083520832769e-05,0.356330077590677,1,0,0.208524997907209,50.38
"321113",0.000230420992707853,0.49027243569589,1,0,0.260933808441087,45.3
"321114",0,0,0,0,0.203962915487305,50.7
"321211",0,0,0,0,0.182649301455569,56
"321212",0,0,0,0,0.16424673484583,46.7
"321215",0.000582829569790452,2.54283371743074,1,1,0.249209153959524,56.11
"321219",0,0,0,0,0.176807464066843,50.05
"321911",0,0,0,0,0.20341054514815,53.62
"321912",1.35541760416384e-05,0.177282768945362,1,0,0.211165920044512,52.65
"321918",8.13250562498306e-05,0.385861801992942,1,0,0.228018384814134,54.38
"321920",0.000121987584374746,0.305441134993738,1,0,0.256266005135395,50.16
"321991",1.35541760416384e-05,0.0758360799981956,1,0,0.185058699285094,55.57
"321992",0.000853913090623221,7.83092003281279,1,1,0.228898237644132,56.11
"321999",4.06625281249153e-05,0.200194143513086,1,0,0.257110385173694,48.54
"322110",0,0,0,0,0.161022501456469,46.16
"322120",0,0,0,0,0.179669070245492,47.68
"322130",0,0,0,0,0.161133126033217,49.51
"322211",0.00233131827916181,3.83380050237393,1,1,0.226714683039591,55.89
"322212",0,0,0,0,0.161830813269992,52.86
"322219",0,0,0,0,0.167465140393001,53.41
"322220",2.71083520832769e-05,0.0865012445133269,1,0,0.182017575984917,51.24
"322230",0,0,0,0,0.151464876708499,50.92
"322291",0,0,0,0,0.159810686925738,49.73
"322299",0,0,0,0,0.168395260257782,50.27
"323111",0.00188403046978774,1.24166435857255,1,1,0.22809837867837,55.46
"323113",0.000284637696874407,0.617624312408412,1,0,0.242399832051818,49.41
"323117",0.0133915259291388,177.243250138162,1,1,0.179341653935876,63.24
"323120",2.71083520832769e-05,0.283925107486636,1,0,0.164963157397613,53.62
"324110",0,0,0,0,0.158994929200478,46.81
"324121",0,0,0,0,0.211802866819135,50.16
"324122",0,0,0,0,0.156575664327349,54.92
"324191",0,0,0,0,0.155544450780559,49.73
"324199",0,0,0,0,0.140015997856438,45.73
"325110",0,0,0,0,0.148945363402302,45.84
"325120",1.35541760416384e-05,0.106905472106768,1,0,0.164482887654598,50.16
"325130",0,0,0,0,0.145874152754322,52.76
"325180",0,0,0,0,0.185957630797063,48.11
"325193",0,0,0,0,0.193322690216514,53.95
"325194",0,0,0,0,0.156472037577114,55.89
"325199",0,0,0,0,0.181591826330544,49.19
"325211",0,0,0,0,0.188066496942313,47.89
"325212",0,0,0,0,0.150957078983675,50.16
"325220",0,0,0,0,0.158972886134546,51.03
"325311",0,0,0,0,0.195151813113662,52.86
"325312",0,0,0,0,0.15259821360741,50.16
"325314",1.35541760416384e-05,0.312667029840384,1,0,0.208411839996729,53.62
"325315",0,0,0,0,0.161657217868787,57.08
"325320",0,0,0,0,0.166605271376773,49.62
"325411",0,0,0,0,0.170409318553519,53.51
"325412",0.000609937921873729,0.457706770019759,1,0,0.162286322118067,54.92
"325413",0,0,0,0,0.139019456409309,57.41
"325414",0,0,0,0,0.140059201960988,54.7
"325510",0,0,0,0,0.190493923558425,51.14
"325520",0,0,0,0,0.150975513403108,51.14
"325611",4.06625281249153e-05,0.244043043224931,1,0,0.169656352951036,51.14
"325612",0,0,0,0,0.161612595973722,49.73
"325613",0,0,0,0,0.134915758298309,48.65
"325620",0,0,0,0,0.16302020285608,53.95
"325910",0,0,0,0,0.139605933443506,50.7
"325920",0,0,0,0,0.150576722291514,51.24
"325991",0,0,0,0,0.162173205827101,48.65
"325992",0,0,0,0,0.1490787178206,46.49
"325998",0,0,0,0,0.201105328653442,48.65
"326111",0,0,0,0,0.171292106995458,52.86
"326112",0,0,0,0,0.159136859277928,49.41
"326113",0,0,0,0,0.186105765652776,54.49
"326121",0,0,0,0,0.166267603617337,50.49
"326122",0,0,0,0,0.197100028935719,50.05
"326130",0,0,0,0,0.165281692963761,51.78
"326140",0,0,0,0,0.171991274962248,51.03
"326150",0,0,0,0,0.184007106557485,50.05
"326160",0.0018704762937461,9.34163629111938,1,1,0.185201391305408,60.43
"326191",0,0,0,0,0.162217494117723,55.89
"326199",0.00043373363333243,0.252127926746633,1,0,0.246978063134768,48.32
"326211",0,0,0,0,0.151104688870099,46.49
"326212",0,0,0,0,0.171994244526764,52.86
"326220",0,0,0,0,0.170426467610729,51.78
"326291",0,0,0,0,0.166453899250369,47.78
"326299",0,0,0,0,0.173657394196498,51.89
"327110",0,0,0,0,0.204723964184615,48
"327120",0,0,0,0,0.173989292090461,48.76
"327211",0,0,0,0,0.146572780939617,52.97
"327212",0,0,0,0,0.169410471788971,47.14
"327213",0,0,0,0,0.14700736759978,50.92
"327215",6.77708802081922e-05,0.250129651984225,1,0,0.18552121658257,52.54
"327310",0,0,0,0,0.176861968728769,52.11
"327320",0.000826804738539944,1.33682359381851,1,1,0.27963104322247,48.32
"327331",0,0,0,0,0.213420594929974,53.62
"327332",0,0,0,0,0.163920697182084,52.32
"327390",0.0010572257312478,3.19322770239266,1,1,0.23893233545877,54.92
"327410",0,0,0,0,0.159289337249877,52.65
"327420",0,0,0,0,0.146845277122323,52
"327910",0,0,0,0,0.152294911322129,47.35
"327991",5.42167041665537e-05,0.256877639170906,1,0,0.238481301264479,52.22
"327992",0,0,0,0,0.160266687526035,48.22
"327993",0,0,0,0,0.178232227301078,53.51
"327999",4.06625281249153e-05,0.547795535820042,1,0,0.174557388025203,52.11
"331110",0,0,0,0,0.17768439106587,49.73
"331210",0,0,0,0,0.175372249151696,48.22
"331221",1.35541760416384e-05,0.107635966859684,1,0,0.16453464462972,47.03
"331222",0,0,0,0,0.15811918480743,49.41
"331313",0,0,0,0,0.15233963326583,52.97
"331314",0,0,0,0,0.148550968274259,50.81
"331315",0,0,0,0,0.15419441013056,47.78
"331318",0.00077258803437339,4.96666336382032,1,1,0.181320454603081,63.24
"331410",0,0,0,0,0.145972801275643,50.05
"331420",0,0,0,0,0.166492197668849,51.57
"331491",0,0,0,0,0.154785189499115,49.95
"331492",0,0,0,0,0.149440284200196,51.03
"331511",0,0,0,0,0.182796643260266,49.84
"331512",0,0,0,0,0.1436845001987,55.24
"331513",0,0,0,0,0.152180007305711,50.7
"331523",0,0,0,0,0.165145561240256,51.03
"331524",0,0,0,0,0.163481018692258,49.08
"331529",0,0,0,0,0.166300237225751,51.89
"332111",0,0,0,0,0.170879444615284,50.05
"332112",0,0,0,0,0.146435735888395,55.57
"332114",5.42167041665537e-05,1.56426662992637,1,1,0.179250834798465,66.7
"332117",0,0,0,0,0.140030990886266,48.32
"332119",0,0,0,0,0.19743053002205,51.14
"332215",0,0,0,0,0.168112376357042,49.95
"332216",1.35541760416384e-05,0.0916711831039295,1,0,0.186306163454147,52.43
"332311",0.000149095936458023,0.67904358317331,1,0,0.231507180631366,52.43
"332312",0.00094879232291469,1.64135529890407,1,1,0.254894432236834,52.76
"332313",0,0,0,0,0.235395748874562,51.68
"332321",0.00069126297812356,1.76185832460514,1,1,0.210130608025579,58.27
"332322",1.35541760416384e-05,0.0201883538350787,1,0,0.236010473080983,50.59
"332323",0.00119276749166418,4.5084253581165,1,1,0.228152209710156,56.22
"332410",0,0,0,0,0.16001983644696,50.16
"332420",0,0,0,0,0.217115708506053,50.05
"332431",0,0,0,0,0.1667262962789,54.38
"332439",0,0,0,0,0.16336078980065,49.51
"332510",0,0,0,0,0.175767932127637,52.11
"332613",0,0,0,0,0.156185508055537,52.43
"332618",0,0,0,0,0.191897282578756,49.84
"332710",0.0012334300197891,0.801662298574437,1,0,0.259667286592307,43.57
"332721",0,0,0,0,0.192312255280867,51.46
"332722",0,0,0,0,0.158772656262861,49.19
"332811",0,0,0,0,0.159315554529977,48.11
"332812",2.71083520832769e-05,0.0787857736451137,1,0,0.21150050675287,49.84
"332813",1.35541760416384e-05,0.044283313239196,1,0,0.19173438350823,49.3
"332911",0,0,0,0,0.169665882773045,50.49
"332912",0,0,0,0,0.162595894523143,49.95
"332913",0,0,0,0,0.155791071326438,54.59
"332919",0,0,0,0,0.158039846062295,47.57
"332991",0,0,0,0,0.152514607486406,51.24
"332992",0,0,0,0,0.167418085738185,51.14
"332993",0,0,0,0,0.151571415913543,47.78
"332994",0,0,0,0,0.174749136178647,53.19
"332996",0.000271083520832769,1.44004433477802,1,1,0.201176227229273,57.51
"332999",6.77708802081922e-05,0.133689303185684,1,0,0.233602797735427,50.7
"333111",0,0,0,0,0.240476693821598,52.22
"333112",0,0,0,0,0.161635447210094,49.73
"333120",0,0,0,0,0.203201831425015,51.24
"333131",0,0,0,0,0.175583038796381,50.81
"333132",0,0,0,0,0.179336016307972,43.46
"333241",0,0,0,0,0.187321831097059,56.11
"333242",0,0,0,0,0.141461812055494,57.62
"333243",0,0,0,0,0.189929193604282,51.78
"333248",1.35541760416384e-05,0.0332015954880671,1,0,0.215650343609783,50.7
"333310",8.13250562498306e-05,0.158545146635756,1,0,0.200310613372565,51.68
"333413",0,0,0,0,0.172957094110808,51.46
"333414",0,0,0,0,0.167453181052978,48.97
"333415",5.42167041665537e-05,0.0955062548303873,1,0,0.188555455126115,51.35
"333511",0,0,0,0,0.19049331403871,50.05
"333514",0,0,0,0,0.21711079539181,51.46
"333515",0,0,0,0,0.179828381789509,49.51
"333517",0,0,0,0,0.202067993516315,50.59
"333519",0,0,0,0,0.160341403571521,51.46
"333611",0,0,0,0,0.162369893217789,53.41
"333612",0,0,0,0,0.144702263409166,50.59
"333613",0,0,0,0,0.156266717753962,50.7
"333618",0,0,0,0,0.169532446588176,55.35
"333912",0,0,0,0,0.162039608040838,48.11
"333914",0,0,0,0,0.183721711277924,49.95
"333921",0,0,0,0,0.147807317174039,53.73
"333922",0,0,0,0,0.196588715859567,53.19
"333923",0,0,0,0,0.163785587498393,51.35
"333924",0,0,0,0,0.17319187075149,51.68
"333991",0,0,0,0,0.151803049226311,51.14
"333992",0,0,0,0,0.173217482855452,51.78
"333993",0,0,0,0,0.168908335056629,52.43
"333994",0,0,0,0,0.147312425224844,50.38
"333995",0,0,0,0,0.166893123869257,49.41
"333996",0,0,0,0,0.153664518124492,49.84
"333998",0,0,0,0,0.195023531247633,50.38
"334111",0,0,0,0,0.129719818731233,56.76
"334112",0,0,0,0,0.127016185620822,59.78
"334118",0,0,0,0,0.143480177645457,52.32
"334210",0,0,0,0,0.131688460195417,55.14
"334220",0,0,0,0,0.155081592834452,53.62
"334290",0,0,0,0,0.145575212047097,55.89
"334310",0,0,0,0,0.144073745562413,55.46
"334412",0,0,0,0,0.140039895704441,58.27
"334413",0,0,0,0,0.143665438560826,56.65
"334416",0,0,0,0,0.149971097933651,52.43
"334417",0,0,0,0,0.147659166034625,57.41
"334418",0,0,0,0,0.167460017334032,55.35
"334419",0,0,0,0,0.171697160722724,51.78
"334510",0,0,0,0,0.131806160133512,54.59
"334511",4.06625281249153e-05,0.0575746376119767,1,0,0.147936013523266,56.11
"334512",0,0,0,0,0.156013868989843,52.97
"334513",0.000216866816666215,0.658420633112622,1,0,0.179372880036551,48.65
"334514",0,0,0,0,0.152139824394948,57.73
"334515",0.000881021442706498,4.20800066833103,1,1,0.176649598384786,62.7
"334516",0,0,0,0,0.149016496882377,56
"334517",0,0,0,0,0.121175926936979,57.19
"334519",0,0,0,0,0.160056152516708,50.7
"334610",0.000840358914581583,12.5391709457532,1,1,0.159114629956763,65.84
"335131",0,0,0,0,0.162111560449202,54.7
"335132",0,0,0,0,0.160880177136542,55.14
"335139",1.35541760416384e-05,0.201933573583778,1,0,0.153626161738023,55.89
"335210",0.000325300224999322,5.43594649809152,1,1,0.174545060480073,63.14
"335220",0,0,0,0,0.154945187347494,48.97
"335311",0,0,0,0,0.160193418990441,51.03
"335312",0,0,0,0,0.173444965320461,49.19
"335313",0,0,0,0,0.164559231729466,48.43
"335314",1.35541760416384e-05,0.0543728080012836,1,0,0.165586213468424,48.54
"335910",0,0,0,0,0.159531300617099,52.11
"335921",0,0,0,0,0.139382255577326,54.81
"335929",0,0,0,0,0.148321835834419,52.54
"335931",1.35541760416384e-05,0.0800984692533232,1,0,0.160626652156855,49.62
"335932",0,0,0,0,0.150535559532347,53.73
"335991",0,0,0,0,0.141131970841749,51.03
"335999",2.71083520832769e-05,0.123559313104836,1,0,0.175173763670712,51.03
"336110",0,0,0,0,0.144131760382249,54.05
"336120",0,0,0,0,0.156962804460214,52.65
"336211",0,0,0,0,0.20761234398489,54.49
"336212",0,0,0,0,0.211539058455952,53.84
"336213",0,0,0,0,0.158733758460481,53.51
"336214",0,0,0,0,0.200319839686025,54.16
"336310",0.00280571444061915,8.35291131606665,1,1,0.2157214467952,60.32
"336320",0,0,0,0,0.185373787290811,52.43
"336330",0,0,0,0,0.168017236823848,51.03
"336340",0,0,0,0,0.150710455721813,50.49
"336350",0,0,0,0,0.177695774072413,52.54
"336360",0,0,0,0,0.171265644265643,50.81
"336370",0,0,0,0,0.175854433238722,51.14
"336390",0.00535389953644718,6.01115373865799,1,1,0.221791849038493,55.14
"336411",0,0,0,0,0.153297733680716,50.81
"336412",0,0,0,0,0.155616810438235,50.16
"336413",0,0,0,0,0.178099223364551,51.89
"336414",0,0,0,0,0.123181757902372,56.11
"336415",0,0,0,0,0.139939033620527,53.62
"336419",0,0,0,0,0.128669840195948,58.05
"336510",0,0,0,0,0.161135123324948,50.16
"336611",1.35541760416384e-05,0.021740918325225,1,0,0.15958904446549,47.57
"336612",0,0,0,0,0.200320285260304,51.03
"336991",0,0,0,0,0.1640283643327,56.54
"336992",0,0,0,0,0.148138541993591,61.19
"336999",0,0,0,0,0.177764622875176,51.57
"337110",0.00121987584374746,1.66948685402655,1,1,0.263509348864926,54.81
"337121",1.35541760416384e-05,0.0492491140443084,1,0,0.167222216078694,52.65
"337122",0.00094879232291469,5.52818383352601,1,1,0.237664543854838,58.16
"337126",0,0,0,0,0.172092369873736,54.92
"337127",0,0,0,0,0.181139670354885,51.57
"337211",0,0,0,0,0.165551022925066,51.35
"337212",0.000162650112499661,0.959327951483468,1,0,0.199936549642144,52.22
"337214",0,0,0,0,0.145928030412504,51.57
"337215",0,0,0,0,0.180657771854781,51.24
"337910",0,0,0,0,0.167561744160394,52.76
"337920",0.000325300224999322,6.23299558893062,1,1,0.171567897720419,63.68
"339112",0,0,0,0,0.16121893244758,56.43
"339113",0.000203312640624576,0.345331142688577,1,0,0.18458505443644,51.46
"339114",0,0,0,0,0.141579174223018,54.59
"339115",0,0,0,0,0.150693107766044,53.73
"339116",4.06625281249153e-05,0.143253591882126,1,0,0.207935672499108,52.86
"339910",0.000230420992707853,1.51064387576398,1,1,0.199345996276013,60.11
"339920",5.42167041665537e-05,0.190128726172101,1,0,0.223087881964006,51.57
"339930",0.000352408577082599,4.36751339094969,1,1,0.197119342919609,59.14
"339940",6.77708802081922e-05,1.11327965722945,1,1,0.174086974104507,60.76
"339950",0.00051505868958226,0.997393307093196,1,0,0.236118763189892,50.49
"339991",0,0,0,0,0.169508736033261,50.81
"339992",0,0,0,0,0.179250544364153,52.65
"339993",0,0,0,0,0.135859235116516,52.76
"339994",0,0,0,0,0.162596749237998,56.32
"339995",0,0,0,0,0.157824229546181,47.24
"339999",0.000108433408333107,0.236255895662116,1,0,0.227344976189953,51.57
"423110",0.00440510721353249,5.4011791157701,1,1,0.24734812856048,55.89
"423120",0.00174848870937136,1.65299705545697,1,1,0.233943087217521,56.32
"423130",0.000420179457290791,2.07800411585058,1,1,0.213170082955668,57.62
"423140",1.35541760416384e-05,0.10004338828452,1,0,0.236465772100521,50.49
"423210",0,0,0,0,0.16208933053635,53.62
"423220",1.35541760416384e-05,0.0373002990639311,1,0,0.167145335211832,52.11
"423310",0.00069126297812356,1.03326098151934,1,1,0.239154260435245,56.54
"423320",0.000379516929165876,0.965755679820537,1,0,0.220758044713739,52.97
"423330",0.00043373363333243,1.5914291811185,1,1,0.224869951373379,55.89
"423390",0.000108433408333107,0.503559005701696,1,0,0.216517474947868,53.3
"423410",0,0,0,0,0.141905673166932,54.81
"423420",0.000135541760416384,0.3368870559767,1,0,0.184329080667782,52
"423430",0,0,0,0,0.13924249883314,58.05
"423440",0,0,0,0,0.181234685003537,51.78
"423450",0.0001762042885413,0.096166762192126,1,0,0.157152841697432,54.05
"423460",0,0,0,0,0.152009507944476,54.59
"423490",0,0,0,0,0.166821287537154,54.16
"423510",0.000271083520832769,0.351943390630102,1,0,0.224084186344989,50.59
"423520",0,0,0,0,0.159952239319997,48.43
"423610",0.000908129794789775,0.785747473057602,1,0,0.223815349281987,50.92
"423620",0,0,0,0,0.157532346008009,56.32
"423690",0.000460841985415707,0.559112233797046,1,0,0.149280290751074,57.51
"423710",0,0,0,0,0.197578676491949,52.76
"423720",0.0010572257312478,1.50355966968489,1,1,0.247222711460305,55.57
"423730",0.000284637696874407,0.580505868718464,1,0,0.193156758947415,53.3
"423740",0.000230420992707853,2.44509499979086,1,1,0.196685021091285,57.73
"423810",0.000243975168749492,0.387775648948915,1,0,0.247488533603973,46.7
"423820",0.00376806093957548,5.53182317249902,1,1,0.294839533406924,49.62
"423830",0.00174848870937136,0.868784608485315,1,0,0.221396651002598,48.97
"423840",0.000216866816666215,0.344941066178163,1,0,0.229450366235123,46.59
"423850",0.000393071105207514,1.16949561520728,1,1,0.236727773637181,55.57
"423860",0,0,0,0,0.189504445831635,51.14
"423910",1.35541760416384e-05,0.0362429785640363,1,0,0.214432019886762,52.76
"423920",0.000108433408333107,0.750698886260137,1,0,0.163250153062725,52.54
"423930",1.35541760416384e-05,0.0215576364627871,1,0,0.263095309325387,44.32
"423940",4.06625281249153e-05,0.187694599203287,1,0,0.163303180226331,55.89
"423990",0.000962346498956328,1.73333219878874,1,1,0.221773180138019,55.57
"424110",0,0,0,0,0.152582857368004,53.3
"424120",0,0,0,0,0.175003156527448,49.08
"424130",0,0,0,0,0.185501817116307,51.46
"424210",0.016305673778091,10.8815487621088,1,1,0.165478685599708,61.62
"424310",0,0,0,0,0.15748148305773,52.76
"424340",0,0,0,0,0.147245993909254,55.14
"424350",4.06625281249153e-05,0.0709798553412707,1,0,0.162164792215211,57.41
"424410",0.0053267911843639,3.55218207360733,1,1,0.215571473470128,56.54
"424420",0,0,0,0,0.177216364493443,53.95
"424430",0.000271083520832769,1.33674176539024,1,1,0.217179659171785,56.86
"424440",0.000189758464582938,2.62390310328016,1,1,0.189890878196676,62.38
"424450",0.00043373363333243,1.12055237157094,1,1,0.264484365764774,51.35
"424460",1.35541760416384e-05,0.080308094096383,1,0,0.164897693511818,54.7
"424470",0.000311746048957684,1.10313756746482,1,1,0.202838849433687,63.03
"424480",0,0,0,0,0.1861434404417,56.97
"424490",0.00043373363333243,0.296374194780929,1,0,0.245977875885374,48.22
"424510",0,0,0,0,0.261231636769013,48.11
"424520",0.000664154626040283,7.11300684897004,1,1,0.269635110508149,53.62
"424590",0.000216866816666215,2.1745870527501,1,1,0.222930755605172,57.95
"424610",0,0,0,0,0.179624861443325,51.68
"424690",2.71083520832769e-05,0.03819848753977,1,0,0.224061721742421,45.84
"424710",0.000149095936458023,0.739580348562775,1,0,0.26494147214779,43.68
"424720",0,0,0,0,0.26268753060838,44.76
"424810",0,0,0,0,0.250722727423215,48
"424820",0.000189758464582938,0.326237920481404,1,0,0.17300690031956,51.24
"424910",0.00206023475832904,2.91047221747806,1,1,0.292954447260333,49.95
"424920",1.35541760416384e-05,0.0854269765538805,1,0,0.171541030254299,52.76
"424930",0.000189758464582938,0.653448954488137,1,0,0.20659795689668,53.08
"424940",0,0,0,0,0.191369715058846,52.54
"424950",1.35541760416384e-05,0.098656565532517,1,0,0.191142187684172,51.68
"424990",0.000243975168749492,0.465820897463041,1,0,0.19338291464836,52.11
"425120",0.000271083520832769,0.0947101763673481,1,0,0.155633563981122,51.24
"441110",0.00632980021144515,0.987509491427628,1,0,0.272959332842126,42.92
"441120",0.00184336794166283,1.54698403764876,1,1,0.274228947545237,47.78
"441210",9.4879232291469e-05,0.298008562215572,1,0,0.259749104945645,47.89
"441222",0,0,0,0,0.246671530150756,49.51
"441227",0.000813250562498306,1.69655810191385,1,1,0.281535447733682,47.14
"441330",0.00311746048957684,1.32425646225305,1,1,0.286808480118375,44.97
"441340",0.00100300902708124,0.881900047882015,1,0,0.278680195251928,44.32
"444110",0.0046219740301987,1.09497367338434,1,1,0.281113919099605,44.54
"444120",0.000447287809374068,1.75354690254632,1,1,0.268523393170313,48.43
"444140",0.00231776410312017,2.20412756017144,1,1,0.290671446472394,45.51
"444180",0.00206023475832904,1.33309093231002,1,1,0.271070394477202,47.57
"444230",0.0001762042885413,0.900176469787216,1,0,0.268198985736788,44.22
"444240",0.000759033858331752,0.784521529530904,1,0,0.289058646963561,43.57
"445110",0.0136897178020548,0.901466774430106,1,0,0.267473460176634,46.16
"445131",0.00170782618124644,1.66209387959802,1,1,0.253625685447902,51.14
"445132",0.000135541760416384,0.57198788266571,1,0,0.241351299675665,48.43
"445230",0.000121987584374746,0.537236255476695,1,0,0.216545345007693,52.76
"445240",9.4879232291469e-05,0.253572496228961,1,0,0.259630142389798,47.78
"445250",0.000352408577082599,4.00740008852566,1,1,0.206277210082823,56.97
"445291",0.000230420992707853,1.63118865610413,1,1,0.225833795832404,57.73
"445292",2.71083520832769e-05,0.197230780008663,1,0,0.222695213184722,53.08
"445298",0.000718371330206837,1.30629953746584,1,1,0.261097787247215,51.35
"445320",6.77708802081922e-05,0.064094332384925,1,0,0.262862320153371,44.32
"449110",0.0018704762937461,1.56954490412193,1,1,0.269034075690166,48.43
"449121",0.000677708802081921,1.57572072696848,1,1,0.275736868326125,48.22
"449122",0,0,0,0,0.207500852980576,55.14
"449129",0.000487950337498983,0.613742853653711,1,0,0.214147373401512,51.68
"449210",0.00219577651874543,0.935214316871522,1,0,0.225405239291052,53.19
"455110",0.00840358914581583,1.43304320166409,1,1,0.237811972766181,51.89
"455211",0.0141370056114289,1.46574776400156,1,1,0.288058861244468,45.08
"455219",0.00414757786874136,1.1566224751817,1,1,0.290202231642656,43.78
"456110",0.00351053159478435,0.855669786780798,1,0,0.263853502474334,42.92
"456120",0.00113855078749763,0.944635088945398,1,0,0.233820190371771,48.97
"456130",0.000230420992707853,0.553843044653838,1,0,0.217449325966922,53.73
"456191",0.00025752934479113,0.820545221259904,1,0,0.250264025806691,48.86
"456199",6.77708802081922e-05,0.148897506081353,1,0,0.249988996564151,47.57
"457110",0.00538100788853046,1.0395446414483,1,1,0.292234277246268,44.43
"457120",0.000664154626040283,1.2073078946452,1,1,0.274321083877922,48
"457210",0.000745479682290114,1.73391720967202,1,1,0.277988685501525,47.35
"458110",0.00351053159478435,0.688584172435866,1,0,0.212749695756269,52.11
"458210",0.000542167041665537,0.536000622583515,1,0,0.208729787266491,52.43
"458310",0.000555721217707176,0.694231314314159,1,0,0.236204748300786,49.73
"458320",0.000121987584374746,1.71744651110758,1,1,0.186637511577868,61.19
"459110",0.00159939277291333,0.903331669695274,1,0,0.261386172904001,47.68
"459120",0.00100300902708124,1.20836378339366,1,1,0.261711313207408,49.41
"459130",0.000393071105207514,1.66416314731292,1,1,0.266057293558689,47.24
"459140",0.000216866816666215,0.976727016794825,1,0,0.225971095973662,50.59
"459210",0.00142318848437204,3.3096756736556,1,1,0.250708456776455,52.11
"459310",0.000569275393748814,1.29964953599045,1,1,0.273087823196412,46.16
"459410",0.000284637696874407,0.718922610217178,1,0,0.255536037235527,46.59
"459420",0.000555721217707176,0.653458084766073,1,0,0.24729040514849,47.68
"459510",0.00182981376562119,1.24124014735437,1,1,0.266522308976142,47.89
"459910",0.000460841985415707,0.569549111768203,1,0,0.240943189560299,49.08
"459920",1.35541760416384e-05,0.0995879939519422,1,0,0.220018116745807,53.41
"459930",0.0001762042885413,2.18671044910295,1,1,0.27077979461273,47.78
"459991",0.000501504513540622,0.524511426502837,1,0,0.272610784779358,41.62
"459999",0.00119276749166418,0.925360825617858,1,0,0.2497896936397,49.19
"481111",1.35541760416384e-05,0.0047095991750191,1,0,0.126658922920299,58.38
"481112",0,0,0,0,0.141032021141959,56.97
"481211",1.35541760416384e-05,0.0519759072702108,1,0,0.187463221753172,52.54
"481212",0,0,0,0,0.155737343226802,56
"481219",0.0044457697416574,92.3066360406432,1,1,0.191007140492029,59.89
"482110",0.00069126297812356,0.56315309288999,1,0,0.270911639024947,42.05
"483111",1.35541760416384e-05,0.227107337995365,1,0,0.136517326207475,57.08
"483112",0,0,0,0,0.132010865937781,58.81
"483113",0,0,0,0,0.143013006543258,52.76
"483114",0,0,0,0,0.150594162907538,54.49
"483211",1.35541760416384e-05,0.10087195801331,1,0,0.151974674012097,46.16
"483212",0,0,0,0,0.156956805465481,52.97
"484110",0.0019382471739543,0.888380405966395,1,0,0.262621012040956,48.76
"484121",0.00493372007915639,1.28992559069314,1,1,0.278600650968367,50.92
"484122",0.00108433408333107,0.681626662580964,1,0,0.232259701352562,54.05
"484210",9.4879232291469e-05,0.166150393397355,1,0,0.221498015139555,51.35
"484220",0.0013418634281222,0.962763048915591,1,0,0.283883783733184,43.35
"484230",0.00077258803437339,0.965012542179327,1,0,0.259646500234181,45.84
"485111",0,0,0,0,0.134588172048708,58.05
"485112",0,0,0,0,0.11951850959145,58.16
"485113",0,0,0,0,0.173366992162879,52.76
"485119",0,0,0,0,0.13647637302371,60.22
"485210",0,0,0,0,0.175365639961893,51.89
"485310",0.000379516929165876,0.524019966623414,1,0,0.174263643072608,54.05
"485320",0.000379516929165876,0.375626485244455,1,0,0.145958768375912,58.38
"485410",0,0,0,0,0.227016992695378,48.97
"485510",1.35541760416384e-05,0.0999545134948086,1,0,0.209123006869257,52.65
"485991",1.35541760416384e-05,0.0298540007644579,1,0,0.224452384757242,50.92
"485999",0.00107077990728944,4.39610830681799,1,1,0.212742182927682,54.7
"486110",0,0,0,0,0.176494209497899,44.11
"486210",0,0,0,0,0.226524217018633,40.11
"486910",0,0,0,0,0.180374126201783,52.22
"486990",0,0,0,0,0.151933768607933,50.59
"487110",0,0,0,0,0.185513107909499,51.89
"487210",0,0,0,0,0.19260014292598,51.89
"487990",0,0,0,0,0.175286486104956,57.73
"488111",0,0,0,0,0.17843811617366,53.73
"488119",0,0,0,0,0.160245509273554,55.78
"488190",0,0,0,0,0.205429787842347,51.24
"488210",0,0,0,0,0.210313637485058,49.3
"488310",0,0,0,0,0.151560165938475,48.32
"488320",0,0,0,0,0.153431783573286,51.89
"488330",0,0,0,0,0.161927238644714,48
"488390",0,0,0,0,0.166829588861831,51.35
"488410",0.000311746048957684,0.614873383458397,1,0,0.259989897011287,44.86
"488490",0.000352408577082599,1.35851580807807,1,1,0.220565962323137,57.73
"488510",6.77708802081922e-05,0.0400611854871073,1,0,0.167545756829826,55.46
"488991",1.35541760416384e-05,0.102154117790911,1,0,0.178592706236408,53.95
"488999",0.000121987584374746,1.24330114011541,1,1,0.194838484797546,62.05
"491110",0,0,0,0,0.207751797111127,51.24
"492110",0.00107077990728944,0.185897813517547,1,0,0.217277919826045,52.32
"492210",0.000338854401040961,0.24325213461126,1,0,0.177188829074814,51.57
"493110",0.0312965924801431,3.08919670312366,1,1,0.222147956878103,58.59
"493120",0.00494727425519803,11.6316815934167,1,1,0.221168208911763,58.92
"493130",4.06625281249153e-05,0.661299956480208,1,0,0.22932192413376,51.68
"493190",0.000135541760416384,0.423422530061786,1,0,0.199875044677907,50.38
"512110",0.000447287809374068,0.279553051109901,1,0,0.129379777662993,60.11
"512120",0,0,0,0,0.141272802401357,58.92
"512131",0.000325300224999322,0.473030095160998,1,0,0.266550564599755,47.03
"512132",0,0,0,0,0.197139203939889,52.65
"512191",2.71083520832769e-05,0.178393714194321,1,0,0.147702944792266,59.78
"512199",0,0,0,0,0.154602968096481,61.3
"512230",1.35541760416384e-05,0.241129170783119,1,0,0.150735608627615,54.49
"512240",5.42167041665537e-05,0.602031911460292,1,0,0.179324499043338,53.84
"512250",2.71083520832769e-05,0.408970098572701,1,0,0.153533194877928,55.57
"512290",1.35541760416384e-05,0.483392951003229,1,0,0.170003727709103,55.68
"513110",0.000664154626040283,1.23969047445403,1,1,0.278070535046715,46.81
"513120",0.000108433408333107,0.273364348296845,1,0,0.173676316473486,51.78
"513130",0.000420179457290791,1.30775874093228,1,1,0.176652355943639,61.41
"513140",0,0,0,0,0.161701069242899,54.38
"513191",0,0,0,0,0.132438032132404,55.14
"513199",2.71083520832769e-05,0.107181889067987,1,0,0.149691350881972,55.89
"513210",0.00233131827916181,0.636108424957271,1,0,0.132935121976709,57.3
"516110",0.000203312640624576,0.633838924970165,1,0,0.273251945751223,42.27
"516120",0.00086746726666486,2.16372796360288,1,1,0.205668099896858,55.35
"516210",0.00043373363333243,0.314526950856182,1,0,0.147815675560745,55.68
"517111",0.000487950337498983,0.183430137499,1,0,0.229638153233027,49.62
"517112",5.42167041665537e-05,0.108293313984705,1,0,0.225470623244577,48.43
"517121",0,0,0,0,0.198066818055969,52.76
"517410",0,0,0,0,0.159972988109009,52.97
"517810",1.35541760416384e-05,0.0483521547159388,1,0,0.178219950583171,53.95
"518210",0.000718371330206837,0.250401830496387,1,0,0.142944386064353,55.14
"519210",0.000745479682290114,4.52113000792193,1,1,0.210755563846896,57.51
"519290",0.000121987584374746,0.130672754369195,1,0,0.12489764793332,53.84
"521110",0,0,0,0,0.130310465737208,52.86
"522110",0.00466263655832362,0.587303581365303,1,0,0.259086398698982,43.89
"522130",0.00159939277291333,0.894681966189332,1,0,0.260807675780789,43.89
"522180",0,0,0,0,0.23905278097747,48
"522210",0,0,0,0,0.131282587784122,61.08
"522220",0,0,0,0,0.166482990547505,55.46
"522291",0.000284637696874407,0.535874719310756,1,0,0.253214562065739,44.43
"522292",0.00094879232291469,0.89617809001601,1,0,0.167484529371255,53.62
"522299",0.000121987584374746,0.234528720793776,1,0,0.241848454321905,51.03
"522310",0.000135541760416384,0.26960882078798,1,0,0.151264751507414,55.46
"522320",2.71083520832769e-05,0.0362179791919524,1,0,0.151158298767531,56.54
"522390",6.77708802081922e-05,0.156176449812534,1,0,0.166992516154754,52.43
"523150",0.000881021442706498,0.333894830149281,1,0,0.120977083382093,55.46
"523160",0,0,0,0,0.172497503742819,53.95
"523210",0,0,0,0,0.155247670775007,56.11
"523910",1.35541760416384e-05,0.0512232211347507,1,0,0.174899749766189,50.49
"523940",0.00112499661145599,0.332618373213752,1,0,0.134545376294813,58.16
"523991",1.35541760416384e-05,0.0929514061567184,1,0,0.185815702652768,51.68
"523999",0,0,0,0,0.160891427282082,56.97
"524113",1.35541760416384e-05,0.0101580558734675,1,0,0.144677443997457,51.57
"524114",6.77708802081922e-05,0.0239191521737753,1,0,0.153415305508381,51.68
"524126",0.00164005530103825,0.572192679191766,1,0,0.169370341957425,53.62
"524127",0.000189758464582938,0.521019789306236,1,0,0.21184846027025,49.95
"524128",0,0,0,0,0.15393305636927,53.51
"524130",0,0,0,0,0.133248861675381,52.32
"524210",0.0043373363333243,0.547332640025662,1,0,0.210457828185156,53.73
"524291",2.71083520832769e-05,0.0619261900513368,1,0,0.195787435264772,53.84
"524292",1.35541760416384e-05,0.00994266550739036,1,0,0.166400339141965,52.11
"524298",0.000149095936458023,0.231354621022597,1,0,0.166361509469485,53.95
"525110",0,0,0,0,0.147232485570949,53.41
"525120",0,0,0,0,0.152146427833867,56.11
"525190",0,0,0,0,0.161151267457386,53.51
"525910",1.35541760416384e-05,0.597729507843102,1,0,0.156540643475673,60.32
"525920",0,0,0,0,0.193323550969205,51.35
"525990",0,0,0,0,0.151926275313422,58.7
"531110",0.00161294694895497,0.530140926497888,1,0,0.216416168115546,51.78
"531120",0.000908129794789775,0.645743797394959,1,0,0.191115648657168,51.46
"531130",0.000569275393748814,0.888335639264534,1,0,0.248602764362014,49.3
"531190",0.00069126297812356,1.78879645473522,1,1,0.269219537386688,51.03
"531210",0.00525902030415571,1.64528824860057,1,1,0.219968013529433,58.81
"531311",0.00527257448019735,1.59400582289953,1,1,0.20317921793357,57.08
"531312",0.000338854401040961,0.319386961949687,1,0,0.160573869231376,51.78
"531320",1.35541760416384e-05,0.0749080539106547,1,0,0.246367840877499,49.73
"531390",0.000243975168749492,0.331306781029251,1,0,0.181545929600997,56.54
"532111",0.000189758464582938,0.297987086055787,1,0,0.197228991458385,53.41
"532112",0,0,0,0,0.143365859921188,54.92
"532120",0.000460841985415707,0.839597438580416,1,0,0.209953071779394,53.73
"532210",0,0,0,0,0.244417868925526,47.24
"532281",5.42167041665537e-05,1.76891240464442,1,1,0.197159526190942,58.05
"532282",0,0,0,0,0.183907184238809,50.7
"532283",0.000135541760416384,0.712101728249234,1,0,0.258545374730501,44.11
"532284",5.42167041665537e-05,0.444369691946736,1,0,0.221966440168199,52.97
"532289",0.000203312640624576,0.549502646049655,1,0,0.262769670289766,44.54
"532310",2.71083520832769e-05,0.14762580016268,1,0,0.253576816322685,46.16
"532411",0,0,0,0,0.174866997312744,51.46
"532412",0.000542167041665537,0.951965006548531,1,0,0.228785039109471,45.95
"532420",0,0,0,0,0.159589941856426,52.86
"532490",8.13250562498306e-05,0.166150393397355,1,0,0.197835960428652,51.57
"533110",0,0,0,0,0.165520670217414,52.97
"541110",0.00464908238228198,0.62987211147131,1,0,0.140533439729929,54.49
"541191",0.000325300224999322,0.873287450229314,1,0,0.259013672793807,47.03
"541199",8.13250562498306e-05,0.30908819994817,1,0,0.166694657505028,56
"541211",0.00195180134999593,0.611963415316308,1,0,0.181784620976478,54.59
"541213",0.000325300224999322,0.389902392503426,1,0,0.255402515180958,46.81
"541214",0.000121987584374746,0.0909493905486966,1,0,0.1660415966946,53.19
"541219",0.0011656591395809,0.501530059351785,1,0,0.22632604800706,51.24
"541310",0.000393071105207514,0.305799029747226,1,0,0.16737342940343,55.03
"541320",6.77708802081922e-05,0.225606762451188,1,0,0.220027039350625,54.16
"541330",0.00200601805416249,0.289338565384557,1,0,0.177033008281387,50.27
"541340",6.77708802081922e-05,0.678621616549998,1,0,0.246970331986388,50.27
"541350",0.000108433408333107,0.512654533413708,1,0,0.227543804084406,52
"541360",0,0,0,0,0.205014555626312,46.7
"541370",0.000121987584374746,0.35361040773777,1,0,0.249668588703373,49.84
"541380",6.77708802081922e-05,0.0660682358082224,1,0,0.200212749342787,50.7
"541410",0.0001762042885413,0.267858920240237,1,0,0.183580704553672,56.32
"541420",5.42167041665537e-05,0.360709067171022,1,0,0.168273998312261,50.81
"541430",0.000569275393748814,0.778281227112845,1,0,0.195206768850894,51.78
"541490",2.71083520832769e-05,0.151090241679431,1,0,0.169080582527789,54.81
"541511",0.00132830925208057,0.199693181794668,1,0,0.141193412507066,58.59
"541512",0.000840358914581583,0.121440904113406,1,0,0.140741864182687,54.27
"541513",1.35541760416384e-05,0.0275358615588549,1,0,0.170890986614288,51.14
"541519",0.000203312640624576,0.238263236153602,1,0,0.163914579230378,53.73
"541611",0.00149095936458023,0.258750999913802,1,0,0.14405604423087,57.84
"541612",0.000650600449998645,1.04780617082419,1,1,0.158517648119117,63.03
"541613",0.000596383745832091,0.259893828796544,1,0,0.148779241676222,56.97
"541614",0.000650600449998645,0.633769503538236,1,0,0.184431000867657,52.65
"541618",0.000203312640624576,0.237306054565738,1,0,0.166879336075493,59.35
"541620",6.77708802081922e-05,0.0977068306607912,1,0,0.204894992680787,48.86
"541690",0.0014096343083304,0.918974470562428,1,0,0.1840331064483,47.03
"541713",2.71083520832769e-05,0.19332553956012,1,0,0.138716907727572,52.86
"541714",0.000745479682290114,0.446992123177307,1,0,0.133871149784094,54.92
"541715",0.00246686003957819,0.771353319066859,1,0,0.153502915682533,54.27
"541720",0,0,0,0,0.163577455234962,54.7
"541810",0.000162650112499661,0.117627108737416,1,0,0.129600798740217,57.19
"541820",2.71083520832769e-05,0.0578903785205077,1,0,0.137444966017074,57.51
"541830",1.35541760416384e-05,0.120626135618939,1,0,0.131118052897329,56.11
"541840",0,0,0,0,0.157261159744448,53.19
"541850",0.000406625281249153,2.0215817458109,1,1,0.202438701712036,58.27
"541860",1.35541760416384e-05,0.0647526649631072,1,0,0.145603261585834,55.24
"541870",0.000135541760416384,1.23488279737837,1,1,0.186038923657589,60
"541890",0.000542167041665537,0.885268070850595,1,0,0.170805744404422,55.46
"541910",0.000731925506248475,1.67801015549073,1,1,0.162471811590393,64.65
"541921",0.000189758464582938,0.569012581457864,1,0,0.230238600473428,50.38
"541922",5.42167041665537e-05,0.474963514649738,1,0,0.196492671447307,53.62
"541930",0.000162650112499661,0.606591295681608,1,0,0.148504495469825,54.92
"541940",0.00265661850416113,0.950655339447937,1,0,0.266539736400447,45.84
"541990",0.000908129794789775,0.450549871735279,1,0,0.184600181625243,52.22
"551111",0,0,0,0,0.185544491210645,50.59
"551112",9.4879232291469e-05,0.185967609389879,1,0,0.18901048980448,52.76
"551114",0.00773943451977554,0.536166716187838,1,0,0.178287710662015,52.22
"561110",0.000677708802081921,0.181103220741864,1,0,0.192748992846856,51.68
"561210",0.000501504513540622,0.485608120527242,1,0,0.214444858628366,50.05
"561311",0.000135541760416384,0.0927791333363614,1,0,0.169301500460444,52.86
"561312",0,0,0,0,0.14977351821899,53.95
"561320",0.00477106996665673,0.317092751394841,1,0,0.210661136588217,55.03
"561330",0.000135541760416384,0.0554281572583613,1,0,0.191953509653455,51.24
"561410",0.000162650112499661,0.437418381913969,1,0,0.197707195930981,51.57
"561421",1.35541760416384e-05,0.062245119718224,1,0,0.195907986100701,49.3
"561422",4.06625281249153e-05,0.0216156173166816,1,0,0.208332851392608,53.08
"561431",0.00025752934479113,1.16344028158633,1,1,0.236567966148795,54.7
"561439",9.4879232291469e-05,0.372786089332998,1,0,0.173397975119349,56.22
"561440",0,0,0,0,0.199827820302431,51.35
"561450",0,0,0,0,0.143577717893573,57.08
"561491",1.35541760416384e-05,0.237876245293847,1,0,0.204271792085453,52.43
"561492",0.000311746048957684,2.38386494379028,1,1,0.224554460583008,54.16
"561499",0.000596383745832091,1.00265494660153,1,1,0.181385329639832,58.38
"561510",0.000108433408333107,0.184115616079463,1,0,0.170070424005021,55.24
"561520",4.06625281249153e-05,0.251364334521679,1,0,0.180886938390377,54.49
"561591",0,0,0,0,0.233370106890453,49.51
"561599",0,0,0,0,0.170576750656047,55.68
"561611",4.06625281249153e-05,0.147152316404296,1,0,0.18640691966722,52.32
"561612",0.00109788825937271,0.23215217204138,1,0,0.16091529364414,52.76
"561613",0,0,0,0,0.181030194594832,52.97
"561621",0.000501504513540622,0.581218191858844,1,0,0.188332318985618,53.3
"561622",0,0,0,0,0.22758966083629,51.46
"561710",0.000637046273957006,0.702025823487586,1,0,0.25139453188941,50.16
"561720",0.0125240586624739,1.52228788648749,1,1,0.235054084422172,55.68
"561730",0.00424245710103283,0.575525550518655,1,0,0.256394418122341,50.49
"561740",0.00025752934479113,0.957976871851393,1,0,0.243259241642703,50.92
"561790",0.000501504513540622,0.538371393933258,1,0,0.214749833181527,53.51
"561910",1.35541760416384e-05,0.0363461173761138,1,0,0.193144943696648,52.86
"561920",0.000135541760416384,0.394336478329709,1,0,0.14871209279475,56.76
"561990",0.0001762042885413,0.140375662324622,1,0,0.21806832173116,50.81
"562111",0.00142318848437204,1.26371641719461,1,1,0.26804797867093,48.11
"562112",8.13250562498306e-05,1.04465024441992,1,1,0.177317253848425,60.11
"562119",2.71083520832769e-05,0.245513793069803,1,0,0.219887644981246,53.51
"562211",1.35541760416384e-05,0.0533549676979515,1,0,0.177601777991297,50.16
"562212",0,0,0,0,0.236147343171349,46.38
"562213",0,0,0,0,0.148419174864685,55.89
"562219",0,0,0,0,0.201394883789537,50.49
"562910",0.000284637696874407,0.478189366689919,1,0,0.209214904544423,48.86
"562920",0,0,0,0,0.210920818515152,52.54
"562991",0.000135541760416384,0.6039168676048,1,0,0.268055783988911,46.05
"562998",0,0,0,0,0.212142189754711,51.89
"611110",0.00417468622082464,0.55586831272464,1,0,0.224610883085583,49.51
"611210",1.35541760416384e-05,0.0733386536874971,1,0,0.18882772322268,51.35
"611310",0.0150180270541354,1.35671234122182,1,1,0.219643269188634,55.89
"611410",0,0,0,0,0.142984510133809,55.46
"611420",1.35541760416384e-05,0.116596335776155,1,0,0.155504676515314,57.41
"611430",0.000108433408333107,0.326165544328782,1,0,0.177704515584267,53.95
"611511",0,0,0,0,0.213966557921645,52.76
"611512",0,0,0,0,0.191347164731424,52.54
"611513",0,0,0,0,0.186197288804234,49.3
"611519",0.000162650112499661,0.433777968852526,1,0,0.190351516079375,50.59
"611610",0.000230420992707853,0.229593208785012,1,0,0.211569854747288,50.16
"611620",0.000975900674997967,0.68754498781209,1,0,0.197775389499957,51.46
"611630",0.000108433408333107,0.890120453759194,1,0,0.145453994835567,59.35
"611691",0.000474396161457345,0.617349214362952,1,0,0.148569556310304,56.86
"611692",0.000243975168749492,1.61340030351914,1,1,0.228176391329493,52.65
"611699",0.000216866816666215,0.342764367487742,1,0,0.206977191358516,53.84
"611710",0.00043373363333243,0.306401500286183,1,0,0.169150207901955,55.03
"621111",0.0150857979343436,0.897178182520335,1,0,0.247173677758083,46.7
"621112",0.000582829569790452,1.03128801564838,1,1,0.214217377816846,55.89
"621210",0.00665510043644447,1.05649237013288,1,1,0.251255040608833,51.46
"621310",0.000704817154165198,0.731367929678068,1,0,0.269636221703345,46.27
"621320",0.000216866816666215,0.231128313068941,1,0,0.27826388489433,42.27
"621330",0.0015180677166635,0.87439161606209,1,0,0.211994437707678,51.57
"621340",0.00201957223020413,0.682743703032765,1,0,0.247557280960709,47.68
"621391",0.000365962753124238,1.88645893020291,1,1,0.251108098676486,52
"621399",0.00051505868958226,0.426668853967172,1,0,0.22665730749226,49.19
"621410",4.06625281249153e-05,0.193589530082787,1,0,0.216120779542395,50.16
"621420",0.000962346498956328,0.493638443583894,1,0,0.25677626459082,44
"621491",0,0,0,0,0.147395159947379,57.73
"621492",0.000216866816666215,0.266729665801635,1,0,0.257893866104737,44.86
"621493",0.000243975168749492,0.219891971238661,1,0,0.238895800968595,48.32
"621498",0.0015180677166635,0.94218556790182,1,0,0.231186547767753,49.62
"621511",6.77708802081922e-05,0.0501422835955678,1,0,0.175032325033814,51.78
"621512",0,0,0,0,0.187475031423908,53.3
"621610",0.00485239502290656,0.46336774629839,1,0,0.226238796484127,48.32
"621910",0.000704817154165198,0.66052139189956,1,0,0.268650172315385,43.14
"621991",1.35541760416384e-05,0.0257506129656682,1,0,0.212525005620387,52.22
"621999",0.000230420992707853,0.322181838031396,1,0,0.203720687492312,50.81
"622110",0.0231911952072434,0.789782650743479,1,0,0.261091869131453,44.86
"622210",0,0,0,0,0.20507787214777,52.76
"622310",0.00268372685624441,1.68976797227449,1,1,0.199713846759227,55.24
"623110",0.00378161511561712,0.432175017990062,1,0,0.281229286674573,41.19
"623210",0.00216866816666215,0.912049849751042,1,0,0.257336012417285,43.57
"623220",0,0,0,0,0.24647696277537,48.86
"623311",0.0164547697145491,5.83361311621713,1,1,0.257322334544497,50.05
"623312",0.00215511399062051,0.737979512719272,1,0,0.261885664653194,47.35
"623990",0.000284637696874407,0.295226567391234,1,0,0.24680634791285,48.76
"624110",0.000677708802081921,0.456762783638016,1,0,0.248067892312813,48.22
"624120",0.00630269185936187,0.430396967943815,1,0,0.228066342928674,47.46
"624190",0.00108433408333107,0.319342716709807,1,0,0.24274524130505,45.84
"624210",0,0,0,0,0.236087585092333,48.11
"624221",0.000881021442706498,1.58688621341295,1,1,0.254712298006378,50.59
"624229",0.000121987584374746,0.419196568048533,1,0,0.223752912302337,51.57
"624230",2.71083520832769e-05,0.123439894705419,1,0,0.192797872849046,51.78
"624310",0.00279216026457752,1.65861419452462,1,1,0.266803554101269,46.16
"624410",0.00502859931144786,0.700695557674491,1,0,0.257930200964382,44
"711110",1.35541760416384e-05,0.0278444547892218,1,0,0.197748185516064,53.95
"711120",5.42167041665537e-05,0.509147173302544,1,0,0.183391194418903,53.62
"711130",9.4879232291469e-05,0.261937368736958,1,0,0.180034625786171,52.76
"711190",1.35541760416384e-05,0.202227383131101,1,0,0.175906701799597,52.76
"711211",2.71083520832769e-05,0.0386041473455235,1,0,0.153794584642624,55.03
"711212",1.35541760416384e-05,0.089595963313506,1,0,0.201056399547301,52.54
"711219",2.71083520832769e-05,0.142941605838099,1,0,0.189584813113516,55.35
"711310",0.000650600449998645,0.775814785901686,1,0,0.186133963898803,53.73
"711320",5.42167041665537e-05,0.183413525674658,1,0,0.184084988402848,52.54
"711410",1.35541760416384e-05,0.0636794163725585,1,0,0.14928474622731,57.19
"711510",0.0013418634281222,0.63870241453977,1,0,0.20400145218404,52.22
"712110",0.000365962753124238,0.60065594054855,1,0,0.219394924504724,49.51
"712120",0,0,0,0,0.187352605349269,53.73
"712130",0,0,0,0,0.177564885926276,52.22
"712190",0,0,0,0,0.209705215665525,49.08
"713110",0.00142318848437204,1.17118956051653,1,1,0.181847048941806,63.35
"713120",0,0,0,0,0.225310072112018,53.08
"713210",0,0,0,0,0.1615898843451,51.35
"713290",0.000189758464582938,0.458953693643556,1,0,0.219282776145432,50.38
"713910",0.00104367155520616,0.405174441472917,1,0,0.258555109684531,47.03
"713920",0,0,0,0,0.194671121060298,53.95
"713930",1.35541760416384e-05,0.0483205125770216,1,0,0.215165281580706,49.73
"713940",0.00208734311041232,0.504178233708108,1,0,0.216836284934065,51.78
"713950",8.13250562498306e-05,0.200228072806942,1,0,0.260347732938181,45.73
"713990",0.00138252595624712,0.827586632486267,1,0,0.227506315854694,50.59
"721110",0.0182303667760037,2.0239210462729,1,1,0.260949026471555,52
"721120",0,0,0,0,0.15536463461191,48.11
"721191",1.35541760416384e-05,0.149356810651314,1,0,0.232204630858033,50.27
"721199",0.000135541760416384,1.172559547667,1,1,0.241783232106115,56.11
"721211",6.77708802081922e-05,0.299053884888468,1,0,0.2749725903261,47.78
"721214",0.00113855078749763,4.84079116456471,1,1,0.252872813166499,52.97
"721310",0.000108433408333107,1.24154994785092,1,1,0.253176487488922,53.41
"722310",0.0103147279676868,2.76523343201351,1,1,0.241040155818931,52.32
"722320",0.000311746048957684,0.232281178668275,1,0,0.196074127153813,52.86
"722330",0.000406625281249153,0.804749410614006,1,0,0.253968224286884,49.41
"722410",0.000325300224999322,0.131797060116511,1,0,0.25970584176185,45.3
"722511",0.0371248881780477,1.19584237825544,1,1,0.252161816029789,48.76
"722513",0.0298734039957711,1.11292506440897,1,1,0.281674375914856,44.43
"722514",0.000975900674997967,2.0328288596247,1,1,0.264420303843664,48.54
"722515",0.00525902030415571,0.952659839023984,1,0,0.248587619838747,47.68
"811111",0.00376806093957548,1.25658364685254,1,1,0.286612037100918,46.05
"811114",0.000352408577082599,0.996503485167615,1,0,0.273518379141336,45.3
"811121",0.00196535552603757,1.14675275870014,1,1,0.278468065228458,45.41
"811122",0.00025752934479113,0.943997101279977,1,0,0.269929661501592,45.51
"811191",0.000393071105207514,0.754239645902648,1,0,0.271017885251999,44.11
"811192",0.00113855078749763,0.872807413064664,1,0,0.256549787428036,46.49
"811198",0.000745479682290114,2.85917805482065,1,1,0.253287173856585,55.46
"811210",0.00025752934479113,0.371371954945749,1,0,0.195714028773851,51.78
"811310",0.00188403046978774,1.12947287156799,1,1,0.282086435990368,47.14
"811411",6.77708802081922e-05,1.16821158138227,1,1,0.276869966075005,50.05
"811412",0.000338854401040961,1.68619030065639,1,1,0.254812280379507,54.38
"811420",0.000108433408333107,0.907077976679795,1,0,0.247145874607893,49.62
"811430",0,0,0,0,0.184085163568715,54.92
"811490",0.000569275393748814,1.15751789569084,1,1,0.269449239968678,52
"812111",0.000637046273957006,1.13121759981744,1,1,0.23664019679458,52.11
"812112",0.00285993114478571,0.632589775262743,1,0,0.251318991780821,47.24
"812113",0.0011656591395809,0.754416831670665,1,0,0.181618663199912,51.57
"812191",0,0,0,0,0.22161145271154,52.54
"812199",0.0015180677166635,0.981523382654064,1,0,0.21948797254034,52.86
"812210",0.000623492097915368,0.957662789084752,1,0,0.284449010371508,41.73
"812220",0.000338854401040961,1.73747333997866,1,1,0.257056947414766,45.62
"812310",0.000352408577082599,1.35803531085391,1,1,0.257314096173085,50.7
"812320",0.000135541760416384,0.234651645514056,1,0,0.229455381112805,48.97
"812331",0,0,0,0,0.215329261024613,52.11
"812332",0,0,0,0,0.212136754788726,51.57
"812910",0.00128764672395565,0.981617122900308,1,0,0.247369540023693,48.11
"812921",0,0,0,0,0.153887308588038,52.76
"812922",0.0001762042885413,45.8458532515659,1,1,0.172093961639358,62.81
"812930",0.00086746726666486,1.08805237797603,1,1,0.144538946118513,66.59
"812990",0.00142318848437204,1.09290766840038,1,1,0.226344632512546,56.54
"813110",0.011697253923934,1.30240055446662,1,1,0.28177403894549,45.08
"813211",8.13250562498306e-05,0.176052112546384,1,0,0.193397737630976,50.16
"813212",0,0,0,0,0.157724410209738,56.11
"813219",0.000149095936458023,0.562674752977606,1,0,0.203886332095244,52
"813311",1.35541760416384e-05,0.0400668918216066,1,0,0.195111880756542,49.73
"813312",0.000243975168749492,0.516194887928199,1,0,0.233639754139617,48.43
"813319",0.000365962753124238,0.487683125800574,1,0,0.226384119747654,50.16
"813410",0.000759033858331752,0.362788911350228,1,0,0.255607805896879,45.3
"813910",0.000135541760416384,0.197171529799374,1,0,0.22417010681914,51.46
"813920",5.42167041665537e-05,0.104433088894213,1,0,0.148901409661156,55.14
"813930",1.35541760416384e-05,0.0220067873528778,1,0,0.223618284562648,46.81
"813940",0,0,0,0,0.164195179653964,54.59
"813990",0.000853913090623221,1.35958240997861,1,1,0.220667099417702,59.24
"814110",0.00315812301770175,0.360869018195833,1,0,0.208728811249369,49.19
"901149",0.00243975168749492,0.702177903563785,1,0,0.265406234653211,41.08
"901199",0.00299547290520209,0.206729017890927,1,0,0.22423281471355,48.86
"901200",0.0053267911843639,0.501270260521868,1,0,0.19370018163242,47.57
"902611",0,0,0,0,0.167314447335067,52.76
"902612",0.0762422402342162,4.9479031406971,1,1,0.246555797449511,50.7
"902619",0,0,0,0,0.179512745363436,49.95
"902622",0,0,0,0,0.177922562713413,52.11
"902999",0.00688552142915232,0.51491310556463,1,0,0.267543243126937,42.38
"903611",0.0508959310363523,1.19775737448447,1,1,0.290828914862941,44.22
"903612",0,0,0,0,0.233822754542586,49.08
"903619",0.000298191872916045,0.851733453148125,1,0,0.200148873998851,46.7
"903622",0,0,0,0,0.234009534035697,49.51
"903999",0.0298598498197295,0.872525041460016,1,0,0.285178477019193,41.41
"999999",0.00162650112499661,1.21566890905154,1,1,0.208623562244961,61.3
