"cbsa_geoid","industry_employment_share","location_quotient","industry_present","industry_comparative_advantage","industry_feasibility","industry_feasibility_percentile_score"
"10100",0.000399201596806387,0.212209848887576,1,0,0.223138152330638,61.3
"10140",0.00018698578908003,0.0993989662422173,1,0,0.179228178938369,34.59
"10180",0.0155195606496871,8.24997606878051,1,1,0.272327494178188,78.7
"10220",0,0,0,0,0.149067621845908,13.62
"10300",0.000610438498321294,0.324500359017221,1,0,0.223726776031949,61.84
"10420",0.00203837953091684,1.08357335163964,1,1,0.354290529112467,94.92
"10460",0.00403842383846305,2.14676824782309,1,1,0.148343359029557,13.41
"10480",0.000392095357590966,0.208432273942667,1,0,0.163212201003066,22.81
"10500",0.0164490469758367,8.74407768158281,1,1,0.244068738411509,69.73
"10540",0.00113575995163861,0.603753716513024,1,0,0.227663807725617,64
"10580",0.000305567182921725,0.162435136110618,1,0,0.266202811456547,77.08
"10620",7.69260356167545e-05,0.0408927782963482,1,0,0.215537302506148,57.19
"10660",0,0,0,0,0.165624207383145,24.22
"10700",8.70151623920468e-05,0.0462560135276711,1,0,0.19838525948275,47.57
"10740",0.00732060548747826,3.89152898357962,1,1,0.312278420487214,88.43
"10760",6.6831517743768e-05,0.0355266772347376,1,0,0.145142758454073,11.35
"10780",0.00122260193259486,0.649917669270864,1,0,0.23348100015565,66.27
"10820",4.59939288013982e-05,0.0244497135251301,1,0,0.22892260790394,64.76
"10860",0,0,0,0,0.114192201250939,3.14
"10900",9.27802329272163e-05,0.0493206424191429,1,0,0.311425585402398,88.11
"10940",7.05517144066601e-05,0.0375042804757569,1,0,0.156639652462568,19.68
"10980",7.51766651631334e-05,0.0399628380291218,1,0,0.196108926556577,45.73
"11020",0.00209095661265029,1.11152257493649,1,1,0.292281880909868,83.24
"11060",0,0,0,0,0.117690022593837,3.89
"11100",0.000786770703257519,0.418236032578863,1,0,0.331944338608476,91.24
"11140",0.000370480142264375,0.196941935189455,1,0,0.162519350966098,22.59
"11180",0.00034194853674522,0.181774942511627,1,0,0.163087930668291,22.7
"11200",3.80107697180868e-05,0.020205980543429,1,0,0.197451999775979,47.03
"11220",0.000243652843428683,0.129522360377998,1,0,0.144779392310967,11.03
"11260",0.000220981735379176,0.117470724182682,1,0,0.296023322165826,84.43
"11360",0.000418297529056739,0.222360972855099,1,0,0.207904454155574,52.76
"11380",0,0,0,0,0.106184121656941,1.73
"11420",0,0,0,0,0.187677221466915,39.89
"11460",0.00012312945831247,0.0654538557739563,1,0,0.174623538498167,30.27
"11500",6.04924082027706e-05,0.0321568974329066,1,0,0.212690237569661,55.35
"11540",0.00353472778951971,1.8790106454321,1,1,0.320029595665458,89.62
"11580",0,0,0,0,0.151309520793305,15.03
"11620",0.000768344218209758,0.408440777152039,1,0,0.211762118556385,55.03
"11660",0.000101770812131081,0.0540999055020739,1,0,0.115704240230645,3.46
"11680",0,0,0,0,0.127319985998665,5.19
"11700",0.00107829572021566,0.573206554466928,1,0,0.350575633699244,94.49
"11740",0.0018735148967282,0.995933674373904,1,0,0.18575945994368,38.81
"11820",0,0,0,0,0.198348276812454,47.46
"11860",0,0,0,0,0.128051396556652,5.3
"11900",0.000682490331386972,0.362802081077607,1,0,0.138602662869176,8.32
"11940",8.994827973915e-05,0.0478152166821118,1,0,0.186071154852188,39.03
"11980",8.30771786990114e-05,0.044162637821997,1,0,0.230904447204305,65.51
"12020",0.00243245434643555,1.29305787705396,1,1,0.224428794396131,62.27
"12060",0.00134251082025956,0.71365951583453,1,0,0.434378942858723,99.68
"12100",0.00108206865426547,0.575212192147184,1,0,0.226017808178024,63.24
"12140",4.13838768415825e-05,0.0219990759585904,1,0,0.161499137564464,21.95
"12180",0,0,0,0,0.188116766077551,40.11
"12220",0.00122298266657259,0.650120061998064,1,0,0.213808546711654,56.22
"12260",0.0026481055438309,1.40769496362324,1,1,0.248935917784246,72
"12300",0.000254456523275704,0.135265441783752,1,0,0.223663627314653,61.73
"12380",0,0,0,0,0.142886604701914,9.95
"12420",0.00173568397505663,0.922664731328706,1,0,0.337917782233977,92.32
"12460",0,0,0,0,0.156840945296377,19.78
"12520",0,0,0,0,0.168577634261594,26.92
"12540",0.000146759700301244,0.0780153538284007,1,0,0.211630512694695,54.7
"12580",0.000561972666166274,0.298736617088064,1,0,0.293999496774851,83.35
"12620",0.000359944394796942,0.191341282797612,1,0,0.286654992418352,81.73
"12660",4.98280930788779e-05,0.026487900317075,1,0,0.191660908656578,42.59
"12700",2.68003108836062e-05,0.0142466612564891,1,0,0.254774778294125,74.38
"12740",2.59013675922089e-05,0.0137687958833241,1,0,0.200949141413391,49.62
"12780",0.00476277706539659,2.53182404433923,1,1,0.193464994609779,43.89
"12860",0.000199242877067145,0.105914658590034,1,0,0.19702853881911,46.59
"12900",5.01378791677112e-05,0.0266525781631175,1,0,0.154017908412895,17.3
"12940",0.000745407329037222,0.396247855519975,1,0,0.302333770911899,86.05
"12980",6.72133351256889e-05,0.0357296458840824,1,0,0.18950292452374,41.08
"13020",0.00016008537886873,0.0850990936174031,1,0,0.233362533571757,65.95
"13060",0,0,0,0,0.154534054873305,17.62
"13100",0.000402131295868101,0.213767234930483,1,0,0.160943697451924,21.62
"13140",0.00107334923892309,0.570577075887638,1,0,0.284933493141409,81.08
"13180",5.00237612866111e-05,0.0265919147326669,1,0,0.165197277443502,24
"13220",0.00570049959434647,3.03030390453738,1,1,0.211151355421184,54.27
"13260",0,0,0,0,0.179296729520966,34.7
"13300",0.00010275380189067,0.0546224487734667,1,0,0.123434775539218,4.65
"13340",4.63327618959366e-05,0.0246298323432043,1,0,0.154056246095268,17.41
"13380",0.00403871207891308,2.14692147231627,1,1,0.328013869793668,90.81
"13420",0.000306520120856505,0.162941704262541,1,0,0.194596079660018,44.43
"13460",0.00194778017449535,1.03541203192217,1,1,0.359671438084146,96
"13540",0.000155255395124981,0.0825315434658249,1,0,0.20781425824818,52.65
"13660",7.14949596053478e-05,0.0380056961080559,1,0,0.150795038480034,14.59
"13700",0.0082808408238375,4.40197632962101,1,1,0.173118904488587,29.51
"13740",0.00104647874045442,0.556293103916612,1,0,0.367882629730184,96.97
"13780",0.000686069882498454,0.364704919158742,1,0,0.240841842940633,68.97
"13820",0.000327232898266174,0.173952319949732,1,0,0.357277056445448,95.68
"13860",0,0,0,0,0.141632125453762,9.41
"13900",0.000136373216300319,0.0724940477566254,1,0,0.294460306971732,83.78
"13940",0.000894689753170886,0.475604253190749,1,0,0.19984355438912,48.65
"13980",0.00061410268760235,0.326448189536561,1,0,0.175052370581689,30.81
"14010",0.00339422364848186,1.8043206572751,1,1,0.167458399077261,25.73
"14020",0.000622672462310354,0.331003758979005,1,0,0.168746172161282,27.35
"14100",0,0,0,0,0.191222876719513,42.27
"14140",0.00313166491185443,1.66474819496644,1,1,0.208877122258276,53.3
"14180",8.83236177353824e-05,0.046951569639938,1,0,0.120777931692151,4.22
"14220",0.0630725334134254,33.5284550254721,1,1,0.149449621294817,14.05
"14260",0.00584899742918821,3.10924322578259,1,1,0.434256204301496,99.57
"14300",9.57395883197702e-05,0.0508937933425925,1,0,0.156354263444339,19.35
"14380",0,0,0,0,0.179599817636536,35.03
"14420",0,0,0,0,0.10573157910472,1.51
"14460",0.000538339827512741,0.28617373868384,1,0,0.295240228639964,84.11
"14500",0.000396906863751454,0.21099000167574,1,0,0.268820956015402,77.62
"14540",0.00197007260492297,1.04726236851958,1,1,0.304921098639654,86.92
"14580",3.47519866552371e-05,0.0184736581608106,1,0,0.342226177938678,93.62
"14620",6.59978880675818e-05,0.0350835316435704,1,0,0.166722942129868,25.08
"14660",2.13981554789977e-05,0.0113749528483808,1,0,0.259686528377,75.57
"14700",0.000283580678703091,0.150747425502423,1,0,0.182477882872183,36.97
"14710",0.00033177124372745,0.176364839369097,1,0,0.212969696256637,55.68
"14720",0.000179733275818685,0.0955436341103883,1,0,0.175365923079571,31.14
"14740",0.000118041241793864,0.062749032779362,1,0,0.222657215499701,61.08
"14780",0,0,0,0,0.186426597129012,39.35
"14820",0.00102467765348817,0.54470395846303,1,0,0.177514200728374,32.86
"14860",0.000239861601978328,0.127506990745931,1,0,0.299196993866257,85.19
"14940",7.02765381777294e-05,0.03735800073533,1,0,0.180417951504001,35.57
"15020",0,0,0,0,0.166949755330024,25.41
"15060",0,0,0,0,0.191152526117706,42.16
"15100",0,0,0,0,0.15525757304588,18.27
"15180",0.0199628808111901,10.6119814003599,1,1,0.225368639955035,62.7
"15220",0,0,0,0,0.182699844958091,37.08
"15260",0.000133682180165384,0.0710635315059039,1,0,0.23787386838608,68
"15340",0,0,0,0,0.196256733982763,45.95
"15380",0.00113256876121322,0.602057325407979,1,0,0.333728284345332,91.68
"15420",0,0,0,0,0.178323005690475,33.73
"15460",0.000385191525786433,0.204762295877184,1,0,0.210186490852548,54.05
"15500",0.00091739459933788,0.487673824085904,1,0,0.248788337847344,71.89
"15540",0.000366345097081451,0.194743804419359,1,0,0.287697167108573,82.16
"15580",0.000163925468553631,0.0871404302710308,1,0,0.231883919358285,65.84
"15620",0.000575916230366492,0.306148816026029,1,0,0.200589064558472,49.19
"15660",3.50201365785327e-05,0.0186162028178385,1,0,0.133161982548134,6.7
"15700",0.000142460289194387,0.0757298484882653,1,0,0.16685606183343,25.3
"15740",6.29405840886203e-05,0.0334583126550465,1,0,0.17377405471965,29.95
"15780",8.8292424509977e-05,0.0469349877682658,1,0,0.103618070570205,1.3
"15820",0.00253807106598985,1.34920221183599,1,1,0.185786217325671,38.92
"15860",0.000122100122100122,0.0649066753923539,1,0,0.17905586463941,34.38
"15900",0,0,0,0,0.147174178047415,12.76
"15940",0.00369515266669612,1.96429021148535,1,1,0.361697001876639,96.11
"15980",0.00378330564089078,2.01115106946411,1,1,0.334093792277256,91.78
"16020",0.000243793425703954,0.129597091901193,1,0,0.269438813147095,77.84
"16060",7.15281999928472e-05,0.0380233662217645,1,0,0.152831097929831,16.32
"16100",0.000172121977107777,0.0914975767744419,1,0,0.186166098441017,39.24
"16140",0.000544323483670296,0.289354564560159,1,0,0.164669673807951,23.68
"16180",0.001541728481252,0.819560769920559,1,0,0.209852533815946,53.62
"16220",0.00013514731056852,0.0718423738350362,1,0,0.329965332869936,90.92
"16260",0.000722595563263242,0.384121447693748,1,0,0.234788525785884,66.81
"16300",0.0022253919199123,1.18298645801576,1,1,0.321185165776655,89.84
"16340",7.84252215512509e-05,0.0416897240579859,1,0,0.152583359865988,16.22
"16380",0,0,0,0,0.168846007062697,27.46
"16460",0,0,0,0,0.152079650244928,15.89
"16500",9.72699565527527e-05,0.0517073151673087,1,0,0.240314568992656,68.54
"16540",0.000560653899495411,0.29803557962183,1,0,0.229547523490717,65.08
"16580",0.000156887354879197,0.0833990698875711,1,0,0.193301491257667,43.57
"16620",0.0020561296696841,1.0930090710748,1,1,0.247327648929561,70.92
"16660",0.000980392156862745,0.521162423003312,1,0,0.133171229239468,6.81
"16700",0.00309071696470279,1.64298085298479,1,1,0.378062147285521,97.84
"16740",0.00142499503064881,0.757506940199425,1,0,0.40298858271171,98.59
"16820",0.000153705454238044,0.081707617098714,1,0,0.192837852680224,43.35
"16860",0.00647523544061619,3.44214237958342,1,1,0.353255651406816,94.81
"16940",0.00078327618318219,0.416378395778177,1,0,0.241047792196356,69.08
"16980",0.000854906284724192,0.454455931403371,1,0,0.417145238993203,99.35
"17020",0.000123332212131405,0.0655616367989367,1,0,0.271874546951725,78.49
"17060",0,0,0,0,0.178267684017834,33.62
"17140",0.00152497013461115,0.810652272968866,1,0,0.385201270038598,98.16
"17220",2.17812724619372e-05,0.0115786123470057,1,0,0.201383916712933,49.95
"17260",0,0,0,0,0.141121173951628,9.08
"17300",0.00387244824783669,2.05853800203345,1,1,0.205061019382075,51.46
"17340",0,0,0,0,0.159642723790038,20.86
"17380",8.08407437348424e-05,0.0429737810398851,1,0,0.151776840039205,15.57
"17410",0.000699921908083966,0.372068457480744,1,0,0.369535635103338,97.08
"17420",0.00680816199133861,3.61912136359719,1,1,0.25572797775635,74.7
"17500",5.54415922825304e-05,0.0294719560605077,1,0,0.167830932744601,26.16
"17540",0.000463886440599341,0.246595385008757,1,0,0.186699599355115,39.57
"17580",0.000117426021606388,0.0624219905429049,1,0,0.15762067114953,20.11
"17650",0.000479156684235745,0.254712827725624,1,0,0.23414484312124,66.49
"17660",0.00599108643238109,3.18477570395244,1,1,0.367648330297173,96.86
"17740",0.000178699070764832,0.094993865522405,1,0,0.17030599542976,28.32
"17780",0.0026458594226632,1.40650095779412,1,1,0.223853925943271,61.95
"17820",0.00260802750373103,1.38639005176582,1,1,0.28366126358278,80.86
"17860",0.000986584142135575,0.524453993652261,1,0,0.237457961602173,67.89
"17900",0.00296769011067476,1.57758154017827,1,1,0.35173463758748,94.59
"17980",0.000786327313784923,0.418000333088353,1,0,0.217431377450803,58.05
"18020",0.000353685778108712,0.188014291842967,1,0,0.165924445698735,24.43
"18060",6.11807892321811e-05,0.0325228309246484,1,0,0.22855757439209,64.54
"18100",0.000346356331393738,0.184118062989533,1,0,0.170399389961627,28.43
"18140",0.00122104370242983,0.649089336442289,1,0,0.295583850658054,84.22
"18180",0.00100564083595339,0.534584259031278,1,0,0.287521696214359,82.05
"18220",0.00720588235294118,3.83054380907434,1,1,0.13840181381323,8.22
"18260",0.000207611351549899,0.110363219717072,1,0,0.253432554054993,73.84
"18300",0.000305378478451731,0.162334823518228,1,0,0.21737206077258,57.84
"18340",0.0242984026206477,12.9166826725845,1,1,0.23336651296586,66.05
"18380",0,0,0,0,0.139419376901322,8.65
"18420",6.75766995539938e-05,0.0359228052076888,1,0,0.180985004928388,35.89
"18460",5.81665891112145e-05,0.0309205253294194,1,0,0.165333821499548,24.11
"18500",0.000877916411716194,0.466687785210872,1,0,0.15625012618259,19.24
"18580",0.00461520657331327,2.45337768521693,1,1,0.304824532991131,86.81
"18620",0.000367666369031987,0.195446173656371,1,0,0.200861893040965,49.51
"18660",0,0,0,0,0.164438639464326,23.35
"18700",6.70465973851827e-05,0.0356410104903371,1,0,0.17582044478112,31.57
"18740",0.00271382298870699,1.44262941568456,1,1,0.195718593981198,45.41
"18820",0,0,0,0,0.150963805741617,14.7
"18860",0,0,0,0,0.117408171899378,3.78
"18880",0.00209946696168158,1.11604655454068,1,1,0.250568572299548,72.86
"18900",0.00043271311120727,0.230024089772124,1,0,0.208883361841976,53.41
"18980",0.00333148250971682,1.77096836689632,1,1,0.237026802897873,67.78
"19060",7.63242253091131e-05,0.0405728645598671,1,0,0.204270376975553,51.24
"19100",0.0022889868195636,1.21679259544854,1,1,0.463909933146736,100
"19140",4.17583029425684e-05,0.0221981155088964,1,0,0.175067265494914,31.03
"19180",7.05990327932507e-05,0.0375294342520653,1,0,0.165890493538364,24.32
"19220",0.000185657925272685,0.098693092868578,1,0,0.197935366925944,47.35
"19260",0.000285727891804372,0.151888853220642,1,0,0.217528908415255,58.16
"19300",0.000720929999699613,0.383236057968412,1,0,0.323328425492606,90.16
"19340",0.00121357343152089,0.645118247465149,1,0,0.301861110967655,85.84
"19430",0.00105764912128193,0.562231118309306,1,0,0.298237221497714,85.08
"19460",4.57547241752711e-05,0.0243225557733332,1,0,0.247434049419284,71.14
"19500",0.000308699141816386,0.164100040582632,1,0,0.199111155663357,48
"19540",0,0,0,0,0.175061179001982,30.92
"19580",5.9028392656868e-05,0.0313786477459051,1,0,0.174872862131633,30.49
"19620",0.0021565952202808,1.14641511824768,1,1,0.155930905280489,18.92
"19660",0.003060030600306,1.62666842136215,1,1,0.344305164484031,94.05
"19700",0,0,0,0,0.126149876420839,4.86
"19740",0.00161002917026854,0.855868437552826,1,0,0.412444408805689,99.24
"19760",9.51927653498334e-05,0.050603110086947,1,0,0.173655909198305,29.73
"19780",0.00252553005851783,1.34253559195815,1,1,0.342169892034351,93.51
"19810",0,0,0,0,0.192184292679403,42.92
"19820",0.00136059519044539,0.723272907902754,1,0,0.358749765360696,95.78
"19860",0.000281113208304887,0.149435753593978,1,0,0.199065871274746,47.89
"19940",0,0,0,0,0.148270745705661,13.3
"19980",4.9867850196978e-05,0.0265090346313957,1,0,0.14169155281446,9.51
"20020",0.00262571143578009,1.39579057665823,1,1,0.294793384797433,84
"20060",0,0,0,0,0.161169619586431,21.84
"20100",0.00156814120564531,0.833601395752353,1,0,0.213921469271507,56.32
"20140",8.49798172933928e-05,0.0451740532367434,1,0,0.202360070479753,50.27
"20180",6.24161283275598e-05,0.0331795194871503,1,0,0.211355412419909,54.38
"20220",0.00192623913554146,1.02396112426584,1,1,0.285779093633338,81.51
"20260",0.000607331357096378,0.322848647262843,1,0,0.24417358779461,69.84
"20300",0,0,0,0,0.0851753283301602,0.22
"20340",5.85582947824559e-05,0.0311287504516823,1,0,0.168167189791819,26.38
"20420",0.000289435600578871,0.153859818079125,1,0,0.279832662874852,80.43
"20460",0.0132617362297616,7.04974895846804,1,1,0.16497443299538,23.89
"20500",0.000801605306312773,0.426121895004882,1,0,0.17423405998498,30.16
"20540",0.000105808909110147,0.0562464999961251,1,0,0.145601836475494,11.89
"20580",4.61957777059177e-05,0.0245570135105732,1,0,0.150140857320359,14.27
"20660",4.85979491665452e-05,0.025833973439441,1,0,0.241935790474305,69.41
"20700",9.46924861512239e-05,0.050337168833235,1,0,0.217952938216544,58.49
"20740",0.000559396274209721,0.297367044039887,1,0,0.294371513529747,83.57
"20780",5.03943356766699e-05,0.0267889067686335,1,0,0.19861710416156,47.68
"20820",0,0,0,0,0.194807306095808,44.65
"20900",0,0,0,0,0.172621588455507,29.3
"20940",5.35439394953484e-05,0.0284631910294293,1,0,0.145248562307279,11.78
"20980",0,0,0,0,0.188129209473241,40.22
"21020",0.0010478885046631,0.557042514370091,1,0,0.168878445548518,27.57
"21060",0.00586309902122791,3.11673943005572,1,1,0.20204250548849,50.05
"21120",0,0,0,0,0.130519834512321,5.62
"21140",2.92485320892958e-05,0.0155481005700065,1,0,0.251573306313781,73.19
"21180",0.00692161273576743,3.6794301537524,1,1,0.178609486213536,33.95
"21220",3.45984845863751e-05,0.0183920586604636,1,0,0.159146806406945,20.76
"21260",0,0,0,0,0.195878506274738,45.51
"21300",0.00327535577140276,1.74113219702259,1,1,0.249810908340497,72.43
"21340",0.0170760401579824,9.07737827331669,1,1,0.27802133496423,80.11
"21380",0.000442477876106195,0.235214898877601,1,0,0.144511887280312,10.92
"21420",0,0,0,0,0.212724253506333,55.46
"21460",5.07227998985544e-05,0.0269635136425756,1,0,0.189788667631593,41.41
"21500",0.00151562944783388,0.805686897716443,1,0,0.276556265138685,80
"21540",0,0,0,0,0.211745078812058,54.92
"21580",0,0,0,0,0.136208202999585,7.89
"21640",0.000109098843552258,0.0579953820056053,1,0,0.11639538397279,3.68
"21660",0.00189940003980779,1.00969384553879,1,1,0.347495929104526,94.16
"21700",0.000100796290696502,0.0535818638709181,1,0,0.223133356589659,61.19
"21740",9.50118764845606e-05,0.0505069521580407,1,0,0.189670600545226,41.3
"21780",0.000117013002209481,0.0622024353494726,1,0,0.320837213636007,89.73
"21820",3.79449039993929e-05,0.0201709672711307,1,0,0.19532740955065,45.19
"21860",0.0001057753331923,0.0562286515192911,1,0,0.143438787851174,10.27
"21900",0.0205943824234083,10.9476786089211,1,1,0.207185069106567,52.43
"21980",0.000178922884236894,0.0951128415572335,1,0,0.148534817707406,13.51
"22020",0.000175652184446908,0.0933741844132185,1,0,0.309284741187973,87.78
"22060",0,0,0,0,0.160136613924383,21.08
"22100",0.00627254194762427,3.33439342301006,1,1,0.205984186536527,51.78
"22140",7.80092050862002e-05,0.0414685756660721,1,0,0.226606255703628,63.46
"22180",0.00241244195533709,1.28241957669429,1,1,0.1518841016284,15.78
"22190",0,0,0,0,0.158647467931642,20.54
"22220",0.000966612418010554,0.51383731127298,1,0,0.299198862311106,85.3
"22260",3.73538530499421e-05,0.0198567730552978,1,0,0.218113502180037,58.59
"22300",4.19542279373204e-05,0.0223022664287881,1,0,0.183630084859017,37.62
"22340",0.00625,3.32241044664611,1,1,0.109620198927903,2.49
"22380",4.05723404830813e-05,0.0215676748585396,1,0,0.223168380309223,61.41
"22420",6.02135574169722e-05,0.0320086643506998,1,0,0.272812586613115,79.14
"22500",0.000522907364949117,0.277970062709622,1,0,0.236253521736588,67.57
"22520",0.000236585596668875,0.125765513263788,1,0,0.261984152444254,76
"22540",0.000118833059357113,0.0631699516503985,1,0,0.251823280543055,73.41
"22580",0.00776625467632713,4.12842970687096,1,1,0.219981629214674,59.46
"22620",0,0,0,0,0.130536389484193,5.73
"22660",0.000791848967338736,0.420935565000345,1,0,0.302444754804617,86.27
"22700",0.000465669788378952,0.247543387135634,1,0,0.174030054654891,30.05
"22780",0.000345333678667012,0.183574435453122,1,0,0.0932943527953746,0.65
"22800",0.00349243306169965,1.85652737414451,1,1,0.156521590641941,19.46
"22820",0.00020124773596297,0.10698041285236,1,0,0.133498507423324,7.14
"22840",0.000257817391624618,0.137052031241709,1,0,0.183875358987305,37.95
"22900",0.00641120801632956,3.40810631825194,1,1,0.31194793226688,88.22
"23060",0.000251513135476333,0.133700779004046,1,0,0.339227751423562,93.08
"23140",7.81372089388967e-05,0.0415366206800577,1,0,0.131246827930502,5.95
"23180",0.000254123735156864,0.135088536388143,1,0,0.155641367229306,18.59
"23190",9.95421063109695e-05,0.0529151574221957,1,0,0.128186052685958,5.41
"23240",0,0,0,0,0.215122057257511,56.76
"23300",0.000103793658207484,0.0551752214918655,1,0,0.156924080600799,19.89
"23340",0,0,0,0,0.189381522738232,40.86
"23380",3.67998822403768e-05,0.019562290110524,1,0,0.178551641042591,33.84
"23420",0.000191273117584685,0.101678048644148,1,0,0.262927975249346,76.43
"23460",5.24548887956358e-05,0.0278842672819649,1,0,0.227476089712597,63.78
"23500",9.8595020951442e-05,0.0524117004154181,1,0,0.186091986054127,39.14
"23540",7.6010501143081e-05,0.0404060932884126,1,0,0.220104232345778,59.78
"23580",9.69026392755206e-05,0.0515120545658512,1,0,0.240799083302916,68.86
"23620",0.000106038916282276,0.0563687685131624,1,0,0.179547008680734,34.92
"23660",4.96277915632754e-05,0.0263814229014083,1,0,0.155025403275226,18.16
"23680",0,0,0,0,0.131610448405556,6.16
"23700",0,0,0,0,0.161895633741277,22.38
"23780",0,0,0,0,0.174789380067162,30.38
"23820",8.06256550834476e-05,0.0428594429947092,1,0,0.225501767454596,62.81
"23900",5.21294896522963e-05,0.0277112897598592,1,0,0.224023719041084,62.05
"23940",0.000221132937751078,0.117551101197076,1,0,0.179495046861092,34.81
"23980",0.000442130084495972,0.235030017840951,1,0,0.215998988867442,57.3
"24020",1.78616082592077e-05,0.00949497501988673,1,0,0.224101857424262,62.16
"24100",0.00257481261085999,1.36873349063638,1,1,0.178971908508835,34.27
"24140",0.000210345157280811,0.11181647167219,1,0,0.202213766603715,50.16
"24180",0.000627183944091031,0.333401998050681,1,0,0.255772179103801,74.81
"24220",0.00251626758983236,1.33761179632257,1,1,0.222135015355222,60.76
"24260",0.000223969181840579,0.119058807915827,1,0,0.240476311254614,68.65
"24300",0.000783043784092266,0.416254855751912,1,0,0.342347658305377,93.73
"24330",5.37345513164965e-05,0.0285645175423631,1,0,0.19252025896048,43.03
"24340",0.000170085331203217,0.0904149249937332,1,0,0.371293060725771,97.19
"24420",0.000139458343792709,0.0741340573262179,1,0,0.245637269192083,70.38
"24460",0,0,0,0,0.172961680634341,29.41
"24500",0.00119990944079692,0.637854665781278,1,0,0.261316612066525,75.78
"24540",0.00183022673279407,0.972922306682563,1,0,0.305799391008922,87.03
"24580",0.00112959486243522,0.600476443429208,1,0,0.30037351252942,85.51
"24600",7.29713952130765e-05,0.0387905481219628,1,0,0.142928407847407,10.05
"24620",7.04225352112676e-05,0.0374356106664351,1,0,0.185065633225159,38.27
"24640",3.4265350877193e-05,0.0182149695539809,1,0,0.225887903410267,63.14
"24660",0.00139263819158867,0.740306508181206,1,0,0.354457534047486,95.14
"24700",6.70690811535882e-05,0.035652962539462,1,0,0.149440469578131,13.95
"24740",0.000295560678607318,0.157115821795643,1,0,0.193353803107342,43.68
"24780",0.00466328049741659,2.47893309444127,1,1,0.21742531167606,57.95
"24820",0,0,0,0,0.199746483953198,48.54
"24860",0.00284734516013222,1.51360788883688,1,1,0.35921565274988,95.89
"24900",0,0,0,0,0.155821661212934,18.7
"24940",0.000237937871777925,0.126484363335635,1,0,0.205851183276042,51.68
"24980",7.6283469372187e-05,0.0405511992877701,1,0,0.168678763064097,27.14
"25060",0.00120215087534995,0.639046180273191,1,0,0.225278843813916,62.49
"25100",0,0,0,0,0.0968473835347889,0.97
"25180",0.000491213211941563,0.261121905101638,1,0,0.302354252118019,86.16
"25200",0.000100462125778581,0.0534042265886456,1,0,0.235421603061112,67.14
"25220",0.000220970058557066,0.11746451695136,1,0,0.25491109240565,74.49
"25260",1.58715043011777e-05,0.00843706427107542,1,0,0.106937658161052,1.95
"25300",0.012379421221865,6.58072294255307,1,1,0.209955821853983,53.73
"25420",0.00126162635105982,0.670662490964027,1,0,0.250623643127163,73.08
"25460",0.0276078783457718,14.6759525481164,1,1,0.228300718649908,64.22
"25500",4.06625281249153e-05,0.0216156173166816,1,0,0.208332851392608,53.08
"25540",0.00047865841070115,0.254447952654165,1,0,0.28549918654194,81.41
"25580",4.51773209848656e-05,0.0240156165106563,1,0,0.191798705333226,42.7
"25620",0.0134833709857302,7.16756681903923,1,1,0.240528255807104,68.76
"25700",0.000168114317736061,0.0893671624763314,1,0,0.181336411797116,36.11
"25720",2.03157060723645e-05,0.0107995382537305,1,0,0.254687517779896,74.27
"25740",0.000139037858022484,0.0739105331157122,1,0,0.272581336699964,78.92
"25770",0.000136920654480728,0.0727850580493432,1,0,0.168318586914127,26.81
"25775",0.000123456790123457,0.0656278606744911,1,0,0.188756284318553,40.65
"25780",0.000317884163010999,0.168982666241776,1,0,0.171014531784516,28.65
"25820",0,0,0,0,0.0917368900226031,0.54
"25840",0.000154994132364989,0.0823926599261264,1,0,0.167968821835863,26.27
"25850",0.000145330731221193,0.0772557343404818,1,0,0.236566854302125,67.68
"25860",0.00154799676220525,0.822892898260011,1,0,0.266616879107305,77.3
"25880",6.76956404007582e-05,0.0359860324575804,1,0,0.159094330059508,20.65
"25900",9.1013549642203e-05,0.048381498898816,1,0,0.242811493371558,69.51
"25940",2.90416263310745e-05,0.0154381124335928,1,0,0.258073782910411,75.03
"25980",0.000271450781037929,0.144299345707306,1,0,0.0859951192245449,0.32
"26020",5.36207405024263e-05,0.0285040173443459,1,0,0.135518194491925,7.57
"26090",2.13360643495701e-05,0.0113419460936521,1,0,0.247366845424515,71.03
"26140",0.000629564341475699,0.334667383192759,1,0,0.249377060490557,72.22
"26220",0,0,0,0,0.166529472125269,24.97
"26300",0.00276249506697309,1.46850279509116,1,1,0.297714687724574,84.86
"26340",0.000203596878181201,0.108229183195801,1,0,0.170140504005776,28.11
"26380",0.000108469281499479,0.0576607158390509,1,0,0.211781569303849,55.14
"26420",0.000885576537087572,0.47075979809991,1,0,0.404007861120228,98.7
"26460",4.04138376980278e-05,0.0214834170491181,1,0,0.211417066851661,54.59
"26500",6.79071030829825e-05,0.0360984429895001,1,0,0.156222503528992,19.14
"26540",6.48298217179903e-05,0.034462604308809,1,0,0.171778906518986,29.08
"26580",0.00558743285593714,2.97019924647988,1,1,0.302505505315373,86.38
"26620",0.00556820711264832,2.95997911682432,1,1,0.220099195245288,59.68
"26660",3.2885001150975e-05,0.017481195417915,1,0,0.125546886999833,4.76
"26700",0,0,0,0,0.150209992789321,14.38
"26740",0.000232288037166086,0.123480992209844,1,0,0.216592093094544,57.62
"26780",0.00158577334768081,0.84297438981563,1,0,0.181776566499264,36.54
"26820",0.011218799787573,5.96375321809021,1,1,0.326126063156628,90.7
"26860",3.21688219777392e-05,0.0171004848312224,1,0,0.22046486193111,59.89
"26900",0.0013374652047475,0.710977338924606,1,0,0.379458775231613,97.95
"26980",0.00252898176179576,1.34437046796284,1,1,0.161668257986546,22.16
"27020",6.27234522988145e-05,0.0333428885067665,1,0,0.189283660466092,40.76
"27060",3.45387351915173e-05,0.0183602967382785,1,0,0.153410886751509,17.08
"27100",1.62792212020577e-05,0.0086538007335967,1,0,0.22000647947689,59.57
"27140",0.00255365091268777,1.35748423510419,1,1,0.31478058292767,88.97
"27180",7.44087164496412e-05,0.0395546074966107,1,0,0.269206546176163,77.73
"27220",0.000547262168982396,0.290916727565012,1,0,0.223430722577659,61.51
"27260",0.00227855211052217,1.21124565363622,1,1,0.406339778924677,98.81
"27300",0,0,0,0,0.146751322616115,12.65
"27340",0.00369838095333809,1.9660063224076,1,1,0.131929589165379,6.38
"27380",0.0123792605751082,6.58063754503904,1,1,0.178036516870737,33.41
"27420",0.000230026069621224,0.12227856267368,1,0,0.150368194524025,14.49
"27460",0.000573609984769666,0.304922848911881,1,0,0.221206237481881,60.54
"27500",0.000850707395919222,0.452223862278582,1,0,0.26179603008841,75.89
"27540",0,0,0,0,0.164612448592196,23.57
"27600",9.97426639270682e-05,0.0530217709772166,1,0,0.154947478590457,18.05
"27620",0.000900700674940636,0.478799573075836,1,0,0.213788624815957,56.11
"27700",9.92161920825479e-05,0.0527419060882407,1,0,0.152855106185998,16.43
"27740",0.00259135055093419,1.37752482261535,1,1,0.254251003179991,73.95
"27780",0.00705846248273746,3.75217751838505,1,1,0.265238834524518,76.76
"27860",0.00049757796607689,0.264505317202366,1,0,0.254573916827348,74.16
"27900",0.00110351145673923,0.586610878698253,1,0,0.29188405722067,83.03
"27940",5.13294322964788e-05,0.0272859907331577,1,0,0.159719696259921,20.97
"27980",0.000105419746289811,0.0560396266169679,1,0,0.248229396830614,71.46
"28020",0.00048588651513081,0.258290309400812,1,0,0.272643050269006,79.03
"28060",0.000698870159908148,0.371509363220492,1,0,0.336051205209528,91.89
"28100",4.39531459464211e-05,0.0233648626008561,1,0,0.212915695042045,55.57
"28140",0.00273859494453728,1.45579783245807,1,1,0.399650495604716,98.49
"28180",0.000312191060929289,0.16595629474896,1,0,0.193843384499392,44.11
"28260",0.00165169516082295,0.87801748111888,1,0,0.231433273427708,65.62
"28300",0.000112318535366299,0.0597069240404772,1,0,0.246480838523804,70.59
"28340",0,0,0,0,0.191238380106671,42.38
"28380",0.000190132141838578,0.101071522286031,1,0,0.129682669770099,5.51
"28420",0.0069035168734178,3.66981065261457,1,1,0.222395124730071,60.86
"28450",4.90238133173189e-05,0.0260603567199823,1,0,0.220863697155999,60.22
"28500",0.000173032832980058,0.0919817747049147,1,0,0.228536917239038,64.43
"28540",0,0,0,0,0.13330460503231,6.92
"28580",0.000147156206313001,0.0782261307429002,1,0,0.202830363427874,50.7
"28620",0.000128805117856683,0.0684709550637643,1,0,0.200685896010998,49.3
"28660",0.00112738456669864,0.599301481885947,1,0,0.196181319312676,45.84
"28680",0.00113900856732531,0.605480634064166,1,0,0.135319673641085,7.46
"28700",0.00515110413459927,2.73825315016873,1,1,0.288315200179679,82.27
"28740",0.000354478989734879,0.188435951777876,1,0,0.285939924768277,81.62
"28780",0,0,0,0,0.139020045972461,8.43
"28820",3.14702920443102e-05,0.0167291563275232,1,0,0.15587726871786,18.81
"28860",0.00142893166344457,0.759599597787461,1,0,0.160763125058602,21.51
"28880",7.27924851685311e-05,0.0386954421058016,1,0,0.312321193818745,88.54
"28900",0.00073305721511564,0.389682711918321,1,0,0.228916096594161,64.65
"28940",0.00208997632202052,1.11100146648384,1,1,0.33807879474429,92.54
"29020",2.55983617048509e-05,0.0136077222952356,1,0,0.200058021970154,48.76
"29060",0.000335390394419104,0.178288728019647,1,0,0.248506818833546,71.57
"29100",3.23122657360734e-05,0.0171767374778137,1,0,0.245239770305384,70.27
"29180",0.000572866073874816,0.304527396539333,1,0,0.338105380764696,92.65
"29200",0.000410060142154183,0.217982096007399,1,0,0.213407131005479,55.78
"29260",0,0,0,0,0.18038172129481,35.46
"29300",0.000836954199017024,0.444912859868559,1,0,0.171831139898392,29.19
"29340",0.000214978636497998,0.11427956283307,1,0,0.26658636739129,77.19
"29380",0.000374209482468286,0.198924399005867,1,0,0.217672141951673,58.27
"29420",0.000201600396997705,0.107167882405309,1,0,0.286877944014916,81.84
"29460",0.00495057991038216,2.63165734579361,1,1,0.336327883492134,92
"29470",0.00025879917184265,0.137573931538141,1,0,0.160444784618988,21.3
"29540",3.51200050572807e-05,0.0186692914701718,1,0,0.386126700082401,98.27
"29620",0.00221238021452631,1.17606962187126,1,1,0.258532707021154,75.24
"29660",0.000480792345785855,0.255582321969027,1,0,0.157467210944314,20
"29700",0.00513339481437351,2.72883912928536,1,1,0.220950584149231,60.43
"29740",0.0036354277257665,1.93254128865816,1,1,0.25275578162196,73.62
"29780",0,0,0,0,0.130867078092387,5.84
"29820",0.00798279719576411,4.24354060746624,1,1,0.309495415070274,87.89
"29860",2.76571618220538e-05,0.0147021509379478,1,0,0.164063492457307,23.03
"29900",0.000149666990945147,0.0795608278774793,1,0,0.140591096415257,8.97
"29940",0.00084863708883533,0.451123316697256,1,0,0.20631951922617,52
"29980",6.98909700866648e-05,0.0371530382627466,1,0,0.182967464348324,37.19
"30020",0.00148505661778355,0.789434819325603,1,0,0.157968096329473,20.22
"30060",0,0,0,0,0.171237408954195,28.76
"30140",5.01060578223907e-05,0.0266356623918984,1,0,0.248169859271676,71.35
"30150",0.000178080797801974,0.0946652004742965,1,0,0.24503181246476,70.16
"30180",0,0,0,0,0.136026040436894,7.68
"30260",4.9741345005969e-05,0.0264417862844896,1,0,0.154467322756878,17.51
"30280",0.000176304654442877,0.0937210281141358,1,0,0.169888186740701,27.89
"30300",0.00040710237058842,0.216409787023578,1,0,0.217755620756323,58.38
"30340",0.00791032534402625,4.20501560949797,1,1,0.290678417068037,82.7
"30380",0,0,0,0,0.208069612854899,52.97
"30420",0,0,0,0,0.113661778460347,2.92
"30460",0.00304982310404218,1.62124226260679,1,1,0.313528951476076,88.76
"30500",9.75562167699137e-05,0.0518594869970614,1,0,0.185136477140905,38.49
"30580",0,0,0,0,0.119484324991283,4.11
"30620",0.000591694094153323,0.314536102341409,1,0,0.267963503133025,77.51
"30660",0.00010501995379122,0.0558271026531588,1,0,0.10946753964415,2.38
"30700",0.00463044028093932,2.4614757059142,1,1,0.295901198113754,84.32
"30780",0.00442760884331818,2.35365341995248,1,1,0.356109896627797,95.35
"30820",6.97982829622391e-05,0.0371037671154728,1,0,0.178632636518194,34.05
"30860",0.00408611658159506,2.17212102670485,1,1,0.265887422534642,76.97
"30900",0,0,0,0,0.14258616299666,9.84
"30980",0.000127983136339682,0.0680340014671191,1,0,0.307339152692827,87.24
"31020",4.36500141862546e-05,0.0232037221005861,1,0,0.225281639339064,62.59
"31060",4.26621160409556e-05,0.02267856960168,1,0,0.0347838695369994,0.11
"31080",0.000616612407682234,0.32778232077041,1,0,0.374852934125356,97.73
"31140",0.00101138603572417,0.537638324909115,1,0,0.383738236794423,98.05
"31180",0.00282889910435788,1.50380222989223,1,1,0.315732498480285,89.19
"31220",8.75503414463316e-05,0.0465405070445962,1,0,0.167826182220211,25.95
"31260",0.00792652239557121,4.21362573001923,1,1,0.233606709915476,66.38
"31300",0.000497546192640839,0.264488426899028,1,0,0.183836367690834,37.84
"31340",0.000831297075345744,0.44190561398321,1,0,0.250194854082031,72.65
"31380",0,0,0,0,0.108857532185453,2.27
"31420",0.000738697461311889,0.392680985979774,1,0,0.272304605190521,78.59
"31500",0,0,0,0,0.146337538771662,12.32
"31540",0.000201261088711907,0.10698751098237,1,0,0.302140480502813,85.95
"31580",0,0,0,0,0.155439259552191,18.38
"31620",0,0,0,0,0.13198586767529,6.49
"31680",0.00921066723787084,4.89625872826931,1,1,0.15131251756257,15.14
"31700",0.00184872742937143,0.982757011895178,1,0,0.321739408795666,89.95
"31740",0.00136416785760686,0.725172086574701,1,0,0.15459939057114,17.73
"31820",0.0031361292723117,1.66712138501777,1,1,0.220611715711928,60
"31860",1.61629222563439e-05,0.00859197788044898,1,0,0.241251460082232,69.19
"31900",0.00278109601314021,1.47839079154926,1,1,0.258785908776894,75.35
"31930",0.00072849129452903,0.38725553395744,1,0,0.197458728728958,47.14
"31940",0,0,0,0,0.176021962502698,31.68
"31980",6.19674670797831e-05,0.0329410175964913,1,0,0.151010683407288,14.81
"32000",5.77901063337957e-05,0.0307203924793908,1,0,0.153375421308721,16.86
"32020",0.000238369552262524,0.126713838495899,1,0,0.167170838974131,25.51
"32060",0.00025569725445073,0.135924996698534,1,0,0.180081388380146,35.35
"32100",3.46836847946726e-05,0.0184373498704002,1,0,0.199251532180549,48.11
"32140",0.0012527197204457,0.665927853748545,1,0,0.136684170787784,8
"32180",0,0,0,0,0.115811680243807,3.57
"32260",0.00432948490230906,2.30149213888452,1,1,0.161749286428854,22.27
"32280",0.000314564328405159,0.167217889733683,1,0,0.1473016874796,12.86
"32300",0.00201402625427081,1.07062749872142,1,1,0.182209061519341,36.86
"32340",0,0,0,0,0.126976901229643,4.97
"32380",0.000877131429373377,0.466270499845079,1,0,0.230675708588009,65.41
"32390",0.000210859251449657,0.112089756766131,1,0,0.164556255326423,23.46
"32460",0.000494734610219804,0.262993829969867,1,0,0.176492147413454,32.22
"32540",0.000178826895565093,0.0950618153546814,1,0,0.177058828541859,32.54
"32580",0.0109219402505622,5.80594694177798,1,1,0.258255885764755,75.14
"32620",0,0,0,0,0.18945628280171,40.97
"32660",0.000122518990443519,0.0651293398019331,1,0,0.182138529829418,36.76
"32700",0,0,0,0,0.132837977747867,6.59
"32740",6.17741536940944e-05,0.0328382549705571,1,0,0.227525065541994,63.89
"32780",0.0017346555263234,0.922118022718283,1,0,0.341718737986561,93.3
"32820",0.00180794814941156,0.961079330975918,1,0,0.330396441730522,91.03
"32860",0,0,0,0,0.151776903049987,15.68
"32900",0.000376718779431155,0.200258305316775,1,0,0.169366282101655,27.78
"32940",0.00635620370607684,3.37886681505287,1,1,0.243738243503167,69.62
"33020",0,0,0,0,0.166308995115624,24.76
"33060",0.000872249060654858,0.463675102591513,1,0,0.144894012757825,11.14
"33100",0.0028131368753256,1.49542325478835,1,1,0.440698390737309,99.78
"33140",4.48551179689603e-05,0.0238443380040988,1,0,0.250282815637627,72.76
"33180",0.001098659635245,0.584031719911424,1,0,0.136139211810173,7.78
"33220",2.34246896228625e-05,0.0124522293619906,1,0,0.163724778177705,22.92
"33260",6.74541311907903e-05,0.035857649622035,1,0,0.185286767776276,38.7
"33300",0.000269469145782808,0.143245936799617,1,0,0.158117479608171,20.32
"33340",0.000583524599729911,0.310193316162824,1,0,0.364958614945494,96.43
"33380",8.02053256336221e-05,0.0426360018818879,1,0,0.167489642351595,25.84
"33420",0.000101564086938858,0.053990013351958,1,0,0.171548612260822,28.97
"33460",0.000142578730338744,0.075792810103517,1,0,0.365635090022884,96.54
"33500",0.000660111080761176,0.350905592106846,1,0,0.225879703466002,63.03
"33540",0.00257341414985892,1.36799008880611,1,1,0.367102355604288,96.76
"33580",0,0,0,0,0.19731975746261,46.81
"33620",0,0,0,0,0.145641087079076,12
"33660",0.00198106758085201,1.05310714018155,1,1,0.339715431927228,93.19
"33700",0.000441911220937573,0.234913673109301,1,0,0.294378221813196,83.68
"33740",0.00155915222355225,0.828822981670643,1,0,0.282576923096306,80.76
"33780",0.000174619112061815,0.0928250179357189,1,0,0.225509647224645,62.92
"33860",0.00568623867582174,3.02272300458773,1,1,0.274705736473251,79.68
"33900",0,0,0,0,0.1451589127441,11.46
"33910",2.94542134252305e-05,0.0156574378210768,1,0,0.158432496476347,20.43
"33940",0.000407705636530425,0.21673047455443,1,0,0.280641840803261,80.65
"33980",0.00154030463802841,0.818803875264488,1,0,0.240033143177145,68.43
"34020",0.000136948781155848,0.0728000097868225,1,0,0.166457155314613,24.86
"34060",0.0031575835751908,1.67852618501953,1,1,0.194617172827956,44.54
"34100",0.0046581545542276,2.47620821648927,1,1,0.227383812704274,63.68
"34140",0,0,0,0,0.190130777723912,41.73
"34180",0,0,0,0,0.156592434132133,19.57
"34220",5.35217298223079e-05,0.028451384685473,1,0,0.153389545719601,16.97
"34260",0.00010999285046472,0.058470623270459,1,0,0.201146567661197,49.84
"34300",0.000896641669383763,0.476641863881412,1,0,0.121551886334329,4.54
"34340",6.12838976558909e-05,0.0325776418852997,1,0,0.200392213479211,49.08
"34380",0,0,0,0,0.168687418381514,27.24
"34420",0,0,0,0,0.152159969678925,16
"34460",0.0014990549436225,0.796876128766063,1,0,0.183155952483279,37.3
"34500",4.70455400828002e-05,0.0250087350142726,1,0,0.137957918209402,8.11
"34540",0.000204181639986932,0.108540034192947,1,0,0.203232426516879,50.92
"34580",4.96245078902968e-05,0.0263796773479031,1,0,0.278055862858081,80.22
"34620",0.00217153102898695,1.15435478014759,1,1,0.247997146826732,71.24
"34660",0,0,0,0,0.151693355258491,15.46
"34680",3.38822253845633e-05,0.0180113055317266,1,0,0.199386788702421,48.22
"34700",0.00176139536881901,0.936332539846136,1,0,0.145062539125753,11.24
"34740",1.44749221972932e-05,0.00769466123562826,1,0,0.230067514615083,65.3
"34780",6.70241286863271e-05,0.0356290664519691,1,0,0.192023946395229,42.81
"34820",0.00291777834630801,1.55104916140345,1,1,0.313599754255428,88.86
"34860",0.0125964898805638,6.69611353124114,1,1,0.195889460319138,45.62
"34880",0,0,0,0,0.178025390528005,33.3
"34900",4.4937761200737e-05,0.0238882699619547,1,0,0.176100543493511,31.78
"34940",0.000513486728935491,0.272962187588706,1,0,0.301232221257955,85.62
"34980",0.00202113251060088,1.07440508276423,1,1,0.410797370614897,99.14
"35020",5.24741564779346e-05,0.0278945097057973,1,0,0.192827742071093,43.24
"35060",0.000122033070962231,0.0648710319681955,1,0,0.143314136214154,10.16
"35100",0.000489861614094018,0.260403415052303,1,0,0.177311773419955,32.76
"35140",0.00346792172405251,1.84349749826289,1,1,0.149363206985709,13.84
"35220",0.000521410415173043,0.277174305657761,1,0,0.168168498506047,26.49
"35300",0.000416707754263302,0.221515871354054,1,0,0.266712836879939,77.41
"35340",0.000179849645696198,0.0956054946698641,1,0,0.205093235425499,51.57
"35380",0.000612196200080583,0.325434728087165,1,0,0.337534783307726,92.22
"35420",0.000313109660637299,0.166444609191549,1,0,0.301380485261627,85.73
"35440",9.42773640049024e-05,0.0501164958483434,1,0,0.181770929521251,36.43
"35460",0.000302938503483793,0.161037767786543,1,0,0.145220120761495,11.68
"35580",0,0,0,0,0.143823776181343,10.49
"35620",0.000650902611087028,0.346010501571964,1,0,0.302807904239448,86.49
"35660",8.85412823729064e-05,0.04706727704243,1,0,0.238327324584631,68.11
"35700",0.000300102034691795,0.159529941619164,1,0,0.161118604848283,21.73
"35740",0.000487617986137717,0.259210734578639,1,0,0.227810068432767,64.11
"35820",0,0,0,0,0.197409297977091,46.92
"35840",0.000285021322821604,0.151513251273502,1,0,0.343126237704621,93.84
"35900",0.000180554301706238,0.095980079708112,1,0,0.191502285634004,42.49
"35940",0,0,0,0,0.177835687198919,32.97
"35980",6.9964807701726e-05,0.0371922892809282,1,0,0.195704173767056,45.3
"36020",3.30305532617671e-05,0.0175585688344634,1,0,0.215223645750892,56.86
"36100",0.0023329134586001,1.24014336735589,1,1,0.347821756354647,94.27
"36180",3.46560388147635e-05,0.0184226536636069,1,0,0.19972628011143,48.43
"36220",0.000147439096311754,0.0783765110128376,1,0,0.22833272950304,64.32
"36260",0.00308627495660449,1.64061954512721,1,1,0.338010878597357,92.43
"36340",0.00195782290093416,1.04075060139946,1,1,0.224825194891159,62.38
"36380",6.97885407216135e-05,0.0370985882799482,1,0,0.181134214916038,36
"36420",0.00737678075409122,3.9213909504017,1,1,0.349619543864014,94.38
"36460",0,0,0,0,0.178017062575281,33.19
"36500",0.000338235397743688,0.179801091022261,1,0,0.226800916574954,63.57
"36540",0.00320731540876211,1.70496291516165,1,1,0.344144543545991,93.95
"36580",3.96510705789056e-05,0.0210779409779294,1,0,0.168194397499731,26.59
"36620",0.000257931390250193,0.137112631277632,1,0,0.188468939516385,40.32
"36660",0.000366166239472721,0.194648726277326,1,0,0.216502253832369,57.51
"36700",0.00121840732294042,0.647687874881182,1,0,0.201094044269036,49.73
"36740",0.00562509180488897,2.99021820414505,1,1,0.374020037402899,97.62
"36780",0.0114646793241458,6.09445925663836,1,1,0.215340179076497,56.97
"36820",0,0,0,0,0.144486653125315,10.81
"36830",0,0,0,0,0.0890883377914801,0.43
"36837",0.00175320535524545,0.931978845981342,1,0,0.246643364716403,70.7
"36840",0,0,0,0,0.133312536376591,7.03
"36900",0.00053850296176629,0.286260458515551,1,0,0.176225210099902,32
"36940",0,0,0,0,0.164293037895291,23.24
"36980",1.7829443543067e-05,0.00947787671765968,1,0,0.234980785330103,66.92
"37020",5.40015120423372e-05,0.0287064300390635,1,0,0.206060940186661,51.89
"37060",0,0,0,0,0.187453334052908,39.78
"37100",0.000531023424608921,0.282284443733516,1,0,0.332364335185631,91.35
"37120",0.000170408554509436,0.0905867458720024,1,0,0.113580547561635,2.81
"37140",0.000937460563558023,0.498340603149429,1,0,0.249431818115557,72.32
"37220",0.000259470679813181,0.137930895553549,1,0,0.183551119411539,37.51
"37260",5.06431682366049e-05,0.0269211825920884,1,0,0.189826621965458,41.51
"37300",0.000737015520679788,0.391786890439497,1,0,0.183219449399666,37.41
"37340",0.00711647700643033,3.78301720791696,1,1,0.307720165828013,87.35
"37420",0.000554139421478444,0.294572576450947,1,0,0.142147282220281,9.73
"37460",0.00471876932899699,2.50843016223566,1,1,0.308948821561937,87.68
"37500",0.00734230726443431,3.90306533725475,1,1,0.17694460314471,32.43
"37540",0,0,0,0,0.189994803017076,41.62
"37580",0.0055881629353671,2.97058734624388,1,1,0.204127273348378,51.14
"37620",0.000528581137204561,0.280986158743763,1,0,0.229370144185795,64.97
"37740",0.000110527770102238,0.0587549788851482,1,0,0.141588220984837,9.3
"37800",0.000182832068744858,0.0971909080287738,1,0,0.13134158441489,6.05
"37860",0.000507497945306991,0.269778636022302,1,0,0.305905027159998,87.14
"37900",0.000145008365867262,0.0770843695373555,1,0,0.250591195272296,72.97
"37940",0,0,0,0,0.149829673903264,14.16
"37950",5.12242598094458e-05,0.0272300825460188,1,0,0.196258474321978,46.05
"37980",0.00129956366203459,0.690829421892065,1,0,0.312072360863847,88.32
"38060",0.00359834546776022,1.91282889163652,1,1,0.40892401561865,99.03
"38100",0.000212449543233482,0.112935133091859,1,0,0.202525458132628,50.49
"38180",7.26532984597501e-05,0.0386214524457555,1,0,0.165995263433995,24.54
"38210",5.76568265682657e-05,0.0306495428657391,1,0,0.181935370187825,36.65
"38220",9.84219677832092e-05,0.0523197078307842,1,0,0.167826906362086,26.05
"38240",0.00122850122850123,0.65305365044641,1,0,0.226081352449793,63.35
"38260",0.000929004498337571,0.493845480041276,1,0,0.148109056331965,13.19
"38300",0.00143502338133605,0.762837867733171,1,0,0.372201119418565,97.3
"38340",7.67224182906245e-05,0.0407845382433158,1,0,0.229836022132949,65.19
"38380",0,0,0,0,0.139999123773249,8.86
"38420",0.00468292682926829,2.48937680295045,1,1,0.187697282494624,40
"38460",0.00100476545903428,0.534118921203946,1,0,0.190170275252766,41.84
"38500",4.66243938828795e-05,0.0247848597288035,1,0,0.197650631076853,47.24
"38540",0.0149834689427158,7.96499739876424,1,1,0.288566997831817,82.38
"38620",0.000939996866677111,0.499688865546024,1,0,0.178664301642389,34.16
"38700",6.4040986231188e-05,0.034043270666883,1,0,0.133598484443959,7.24
"38740",0.000198511166253102,0.105525691605633,1,0,0.196277948633909,46.16
"38820",3.4778979584739e-05,0.0184880072153646,1,0,0.213428827219292,55.89
"38860",0.00113199416097382,0.601751876153891,1,0,0.318329446261914,89.41
"38900",0.00149595586673911,0.795228703900089,1,0,0.406848119844263,98.92
"38920",0,0,0,0,0.10197787390997,1.19
"38940",0.00554578017972727,2.94805728062861,1,1,0.362804417888621,96.22
"39020",0.00128898277775789,0.685204775419156,1,0,0.16473381342034,23.78
"39040",0,0,0,0,0.218927661005301,59.14
"39060",0.00137706106178656,0.732025929175879,1,0,0.233446699313515,66.16
"39150",0.000261099704482607,0.138796861726276,1,0,0.29434740251193,83.46
"39220",0.000106632544252506,0.0566843326363167,1,0,0.146253242286524,12.22
"39300",0.000545152165284107,0.289795079832267,1,0,0.332412191155217,91.46
"39340",0.00241090356100442,1.28160178830998,1,1,0.356280256731349,95.46
"39380",0.005790224406502,3.078000329054,1,1,0.263351203999048,76.54
"39420",0,0,0,0,0.113674866523871,3.03
"39460",0.00022452809006784,0.119355915521102,1,0,0.283864289530158,80.97
"39480",0.000120897056156683,0.0642671427749959,1,0,0.239918720426261,68.32
"39500",0,0,0,0,0.218819947664367,59.03
"39540",2.37388724035608e-05,0.0126192444264303,1,0,0.273746905119581,79.35
"39580",0.0021195751467778,1.12673577761697,1,1,0.351766612442106,94.7
"39660",0.00363556113085697,1.93261220489276,1,1,0.338297406294474,92.86
"39700",0.000191828122002686,0.101973081040356,1,0,0.0968884233963298,1.08
"39740",0.00078335347917888,0.416419485222478,1,0,0.315544847061642,89.08
"39780",0,0,0,0,0.151656276716931,15.35
"39820",0.000238376031917296,0.126717282987531,1,0,0.289056254735738,82.49
"39860",4.21762969211303e-05,0.0224203151186579,1,0,0.186644691551277,39.46
"39900",0.00387590451634367,2.06037530484849,1,1,0.366817244386805,96.65
"39940",0.0135292317110499,7.19194572350209,1,1,0.193385182648066,43.78
"39960",0,0,0,0,0.188580088965788,40.54
"39980",0.0041161111964368,2.18806573417578,1,1,0.203264960214628,51.03
"40060",0.00298796660651782,1.58836023483592,1,1,0.354299213694667,95.03
"40080",0.000390697291850877,0.207689082227472,1,0,0.210077049359762,53.95
"40090",5.75175428505694e-05,0.0305755016371436,1,0,0.235527760390868,67.24
"40100",5.17384105960265e-05,0.0275033977371367,1,0,0.1510430547408,14.92
"40140",0.000445414643136176,0.236776042151165,1,0,0.364436663586455,96.32
"40180",0.000284786694765621,0.151388526360819,1,0,0.206990717864429,52.32
"40220",0.00129709474796728,0.68951698254981,1,0,0.303478699155394,86.7
"40260",0.00135513201608673,0.720368762692985,1,0,0.185252558561895,38.59
"40300",6.0244593047774e-05,0.0320251624473389,1,0,0.160439075091336,21.19
"40340",0.000135266136122822,0.0719055397971069,1,0,0.180858607413618,35.78
"40380",0.00186493636776771,0.991373451296274,1,0,0.271804712887451,78.38
"40420",0.0014454699766603,0.76839112812312,1,0,0.270449109369259,77.95
"40460",6.31074088097943e-05,0.0335469942864684,1,0,0.161575512999911,22.05
"40540",0.0002685044303231,0.142733107884197,1,0,0.180541744322251,35.68
"40580",0.0012262613550188,0.651862965797259,1,0,0.207239579378851,52.54
"40620",0,0,0,0,0.177883564449752,33.08
"40660",6.00228086672936e-05,0.0319072650485211,1,0,0.179817875158052,35.14
"40700",0.00209419210722264,1.11324251749125,1,1,0.235364631761774,67.03
"40740",0.000160959317532494,0.0855636668887978,1,0,0.206944626021961,52.22
"40760",0.000124161907126893,0.0660026907702233,1,0,0.19480907645767,44.76
"40770",0,0,0,0,0.12124646541482,4.43
"40780",5.32438836088704e-05,0.0283036856195393,1,0,0.216439695419642,57.41
"40820",0,0,0,0,0.200697768664917,49.41
"40860",0.000276759150349408,0.147121198772124,1,0,0.262079317763671,76.22
"40900",0.00141926721253444,0.754462114161077,1,0,0.294784540157427,83.89
"40940",0,0,0,0,0.144365812290894,10.59
"40980",2.32118194584683e-05,0.0123390706327166,1,0,0.248544251133747,71.68
"41060",0.000422024511872669,0.224342183517837,1,0,0.296058964009821,84.54
"41100",0.00123079490576075,0.654272936412531,1,0,0.316491209207438,89.3
"41140",0.0015532407016596,0.825680501335969,1,0,0.234377695865236,66.7
"41180",0.00215519961000517,1.14567323182221,1,1,0.373857940091027,97.51
"41260",0,0,0,0,0.147632108637974,13.08
"41400",0.000215133075173643,0.114361660220163,1,0,0.241315777965681,69.3
"41420",0.00358205872135057,1.90417109061039,1,1,0.273869814191924,79.46
"41460",0.000489391714886144,0.260153623366365,1,0,0.195073680044401,45.08
"41500",7.05828377829931e-05,0.0375208252166631,1,0,0.152426808369353,16.11
"41540",3.39172757644106e-05,0.0180299378114328,1,0,0.244390587512904,69.95
"41620",0.00405675913962992,2.15651503120537,1,1,0.442002779613945,99.89
"41660",0.00430234658521766,2.2870657983711,1,1,0.264953242058686,76.65
"41700",0.00472456338517682,2.51151019948051,1,1,0.332564196730403,91.57
"41740",0.000607076828577714,0.322713343549342,1,0,0.319866396931356,89.51
"41760",0.000205528722638989,0.109256124029057,1,0,0.276533230432811,79.89
"41780",0.000429184549356223,0.228148356851235,1,0,0.211358140870694,54.49
"41820",0.00286957923585362,1.52542720490861,1,1,0.188507493258623,40.43
"41860",0.000140564930455501,0.0747223029403904,1,0,0.280398795152917,80.54
"41940",0.000123964099996641,0.0658975393340678,1,0,0.160676229360649,21.41
"42020",7.10792675992267e-05,0.03778472019386,1,0,0.279607546949445,80.32
"42100",1.6465919662778e-05,0.00875304696019987,1,0,0.273929174700971,79.57
"42140",0.000108477518034387,0.0576650942629905,1,0,0.249117346844902,72.11
"42200",0.000162021378720922,0.0861282433987837,1,0,0.218714167053642,58.81
"42220",0.000329581178379475,0.175200632010544,1,0,0.325116093567249,90.38
"42300",0,0,0,0,0.151381505591215,15.24
"42340",0.00502312741100974,2.67022255762772,1,1,0.291441224041021,82.92
"42380",0.000285947712418301,0.152005706709299,1,0,0.176204704040901,31.89
"42420",0.00784209122432649,4.16874332916066,1,1,0.211807361318376,55.24
"42460",0.000114226968987378,0.0607214200083818,1,0,0.170280428778479,28.22
"42540",0.00226868311280719,1.20599943585924,1,1,0.324761104006745,90.27
"42580",0.000114179147081771,0.0606959985685792,1,0,0.261274284566424,75.68
"42620",9.70308558121483e-05,0.0515802126395671,1,0,0.219176931903587,59.24
"42660",0.000151624856254525,0.0806016010226,1,0,0.299997654679243,85.41
"42680",7.59878419452888e-05,0.0403940479835394,1,0,0.291196407582136,82.81
"42700",0.0104816722205392,5.57190676541439,1,1,0.24998483489535,72.54
"42740",4.58211143695015e-05,0.0243578478493117,1,0,0.192535488096297,43.14
"42780",0,0,0,0,0.194435132410766,44.32
"42820",7.52841978468719e-05,0.0400200008630112,1,0,0.17716178203041,32.65
"42860",6.8958383615488e-05,0.0366572886572684,1,0,0.214301851299109,56.54
"42900",0,0,0,0,0.14927039119871,13.73
"42940",0.000794402001216956,0.422292721228767,1,0,0.173684362270225,29.84
"42980",0,0,0,0,0.166757314972873,25.19
"43020",0,0,0,0,0.190245703715848,41.95
"43060",0.000153321323163019,0.081503418523267,1,0,0.202366064642609,50.38
"43100",7.49097337708062e-05,0.0398209411256969,1,0,0.19433810766064,44.22
"43140",0.00544469021171095,2.89431930210245,1,1,0.21421149283446,56.43
"43180",4.87329434697856e-05,0.0259057344767728,1,0,0.170905445431698,28.54
"43220",5.81665891112145e-05,0.0309205253294194,1,0,0.166200677432961,24.65
"43260",0.000386825817860301,0.205631062126638,1,0,0.259543680198925,75.46
"43300",0.00354879594423321,1.88648907490172,1,1,0.271592189899137,78.27
"43320",9.14996797511209e-05,0.0486399186991837,1,0,0.197010791042194,46.49
"43340",0.00599186931462356,3.18519187293498,1,1,0.325902337101694,90.49
"43380",0,0,0,0,0.142048643497476,9.62
"43420",0.000139330747973899,0.0740662292171997,1,0,0.195062738898326,44.97
"43460",0,0,0,0,0.18410640068144,38.05
"43500",0.000182999359502242,0.0972798373983673,1,0,0.139726892990011,8.76
"43580",0.00295543641537315,1.57106765133346,1,1,0.262250687415129,76.32
"43620",0.0012569810992964,0.66819314168625,1,0,0.312899561480539,88.65
"43640",0.00258214504378999,1.37263130691893,1,1,0.35697643728037,95.57
"43660",0,0,0,0,0.110484230957147,2.59
"43700",0.000941144835467715,0.500299109306396,1,0,0.239251343783658,68.22
"43740",3.7673297166968e-05,0.0200265849707421,1,0,0.235697094114032,67.35
"43760",0,0,0,0,0.196530867505747,46.27
"43780",0.0017952497952498,0.954329067852355,1,0,0.297814332803724,84.97
"43890",0,0,0,0,0.144424846659196,10.7
"43900",0.000504023974009894,0.26793192265769,1,0,0.297039465500251,84.76
"43940",0.00102728731942215,0.546091219480838,1,0,0.208497928143472,53.19
"43980",0.00041025641025641,0.218086429318309,1,0,0.202755656941761,50.59
"44020",0,0,0,0,0.167412924523712,25.62
"44060",0.000707104866726104,0.375886815373619,1,0,0.372720854235381,97.41
"44100",9.00776053215078e-05,0.0478839643086469,1,0,0.15372016605258,17.19
"44140",8.94430382011216e-05,0.0475466375198678,1,0,0.2620429752891,76.11
"44180",0.00815401121480192,4.33455552674039,1,1,0.341767795198596,93.41
"44220",7.70564438451165e-05,0.0409621014419864,1,0,0.215532061971176,57.08
"44260",0.000150840938230636,0.0801848814334985,1,0,0.141174427187995,9.19
"44300",1.23479656726554e-05,0.00656400162330528,1,0,0.176306084168133,32.11
"44340",7.99488327470419e-05,0.0424996539385496,1,0,0.2206921300653,60.11
"44420",0.000283341302307461,0.15062017644042,1,0,0.223554362336288,61.62
"44460",8.26787928896238e-05,0.0439508616340123,1,0,0.251642422451349,73.3
"44500",0.000270392068499324,0.143736549291585,1,0,0.178092152756248,33.51
"44540",0.00336851560745565,1.79065463102418,1,1,0.15311158927616,16.54
"44580",4.3624307464119e-05,0.0231900567754386,1,0,0.192845972391815,43.46
"44620",0.00187024207781261,0.994193890733078,1,0,0.206809141059316,52.11
"44660",6.93208863830672e-05,0.0368499899343793,1,0,0.175553206996422,31.24
"44700",0.00055320971023688,0.294078355276333,1,0,0.27074864283985,78.05
"44740",0,0,0,0,0.114673384646105,3.24
"44780",4.11641213518297e-05,0.0218822570890124,1,0,0.186804641978249,39.68
"44860",6.11882763262559e-05,0.0325268109565795,1,0,0.193776770360262,44
"44900",0,0,0,0,0.107066023922109,2.05
"44940",0.00842859287537264,4.48051920314641,1,1,0.210869741858192,54.16
"44980",0.00103305785123967,0.549158751511754,1,0,0.202932061646953,50.81
"45000",9.83864620228257e-05,0.0523008334773099,1,0,0.106307381375222,1.84
"45020",0,0,0,0,0.121119394014488,4.32
"45060",0.00164332688588008,0.873569026064383,1,0,0.296094728565273,84.65
"45140",0,0,0,0,0.10396656549578,1.41
"45180",8.18062827225131e-05,0.0434870477309701,1,0,0.176595204512561,32.32
"45220",0.000607547610702185,0.322963604581092,1,0,0.219233843699104,59.35
"45300",0.00406879691013145,2.16291413752035,1,1,0.432987593042649,99.46
"45340",0.000152160681679854,0.0808864381411105,1,0,0.204818930118369,51.35
"45380",0,0,0,0,0.143569948391989,10.38
"45460",5.6130109594039e-05,0.0298379619978602,1,0,0.265702320354056,76.86
"45500",0.00144237480031639,0.766745776728045,1,0,0.270970518586867,78.16
"45520",0.0043746582298258,2.32550563252474,1,1,0.175637390041236,31.35
"45580",0.000119175306876415,0.0633518855277533,1,0,0.134261567176247,7.35
"45620",9.53743443013829e-05,0.0506996348558301,1,0,0.200388365023629,48.97
"45660",0,0,0,0,0.17498385534516,30.59
"45700",0.00048142798948265,0.255920221050399,1,0,0.181351430825841,36.22
"45740",0.000101030511214387,0.0537063721421881,1,0,0.146440279934465,12.43
"45780",0.000220894749962921,0.117424483981775,1,0,0.337235814114868,92.11
"45820",0.00212595688268436,1.13012821698396,1,1,0.231583109061557,65.73
"45860",0.000515440813948277,0.274000951182325,1,0,0.252668851697955,73.51
"45880",0,0,0,0,0.108561269947475,2.16
"45900",2.60209989461495e-05,0.0138323901969368,1,0,0.339117547626613,92.97
"45940",0.000121195332248347,0.0644257020714645,1,0,0.180039790091598,35.24
"45980",0.000113442994895065,0.0603046706141098,1,0,0.115026439172243,3.35
"46020",0.000142308239647076,0.075649021127562,1,0,0.289553361272114,82.59
"46060",0.00757262839047226,4.02550074769184,1,1,0.285487604676514,81.3
"46100",0.00086684622767097,0.460803033991969,1,0,0.183784991970335,37.73
"46140",0.00449594841857628,2.38998175895359,1,1,0.387694241837901,98.38
"46180",0.00464075808311681,2.46696050171275,1,1,0.255445114363007,74.59
"46220",8.09788726121355e-05,0.0430472083718694,1,0,0.213631093286806,56
"46300",0.00367700656029805,1.95464400133128,1,1,0.284989771061029,81.19
"46340",7.73150045229278e-05,0.0410995485935147,1,0,0.308125172628661,87.57
"46380",0,0,0,0,0.208988073046561,53.51
"46460",0,0,0,0,0.153278620486863,16.65
"46500",0,0,0,0,0.146535734686369,12.54
"46520",0.000246861656898869,0.131228119641147,1,0,0.254254659463273,74.05
"46540",7.98358574770272e-06,0.00424395979037801,1,0,0.25338718187981,73.73
"46620",0,0,0,0,0.173120056645079,29.62
"46660",0.00358125518626894,1.90374394287448,1,1,0.246790045725435,70.81
"46700",0.000569401772263016,0.302685823440873,1,0,0.307882955961361,87.46
"46780",0,0,0,0,0.145187517610507,11.57
"46820",0.000391134289439374,0.207921383883981,1,0,0.0956155247216756,0.76
"46860",0,0,0,0,0.189636731850068,41.19
"46900",0,0,0,0,0.0957664149486911,0.86
"46980",4.82253086419753e-05,0.0256358830759731,1,0,0.147447405060069,12.97
"47020",2.27733369770672e-05,0.0121059796284161,1,0,0.287146659335833,81.95
"47080",0.00012622278321237,0.067098222967924,1,0,0.1622584031768,22.49
"47180",0,0,0,0,0.145873326285908,12.11
"47220",0.000277833515983145,0.147692316148931,1,0,0.218231611585909,58.7
"47240",0,0,0,0,0.196637702375191,46.38
"47260",0.00312012830938015,1.65861550239374,1,1,0.272450282143397,78.81
"47300",0.000277672079558193,0.147606498858575,1,0,0.19881077487354,47.78
"47340",7.14030703320243e-05,0.0379568490869959,1,0,0.170001234969399,28
"47380",0.00745879479050874,3.96498843702013,1,1,0.302888891510826,86.59
"47420",0.000730638090599123,0.388396739987855,1,0,0.131889179488225,6.27
"47460",0,0,0,0,0.155522249931185,18.49
"47540",4.14490591063583e-05,0.0220337259165787,1,0,0.168991132506136,27.68
"47580",0.000382026764345667,0.203079954041673,1,0,0.154691152127197,17.84
"47620",0.00501490918948224,2.66585386881878,1,1,0.168647573182783,27.03
"47660",0.00017634351717145,0.093741686983799,1,0,0.1270281363371,5.08
"47700",0.00012595092951786,0.0669537094391881,1,0,0.216654934739646,57.73
"47780",0.000329489291598023,0.175151786314128,1,0,0.168228698803279,26.7
"47820",0.000108867236405204,0.0578722629648226,1,0,0.194831106972302,44.86
"47900",0.000389274257746238,0.206932617687442,1,0,0.197177208961309,46.7
"47920",0,0,0,0,0.154710257551901,17.95
"47930",0.00123493770133426,0.656475187179212,1,0,0.291951285992949,83.14
"47940",0.00127935376774971,0.680086131668433,1,0,0.244407502893273,70.05
"47980",0.000258892973644695,0.137623795232066,1,0,0.214790657121554,56.65
"48020",0,0,0,0,0.218725864926347,58.92
"48060",0.000471666329762145,0.250731062613277,1,0,0.153289796153483,16.76
"48140",2.57400257400257e-05,0.0136830288664962,1,0,0.272814735225196,79.24
"48180",4.4974139869575e-05,0.0239076083410559,1,0,0.185108691512047,38.38
"48200",4.77122000095424e-05,0.0253631218790676,1,0,0.234292811673161,66.59
"48220",5.76202823393835e-05,0.0306301164772906,1,0,0.179061758973254,34.49
"48260",2.43528237099092e-05,0.0129456121438613,1,0,0.22126601858607,60.65
"48300",0.000844106107264002,0.448714711816273,1,0,0.209988255558174,53.84
"48460",0,0,0,0,0.220939834171734,60.32
"48540",0.00202884767792043,1.07850635516425,1,1,0.248651618031723,71.78
"48580",3.92927308447937e-05,0.0208874527097595,1,0,0.246156045817763,70.49
"48620",0.00208180652922267,1.10665852169368,1,1,0.331072102858646,91.14
"48660",0.00319321876451463,1.69746934106397,1,1,0.235876287400104,67.46
"48680",0.000492588777932023,0.261853136272319,1,0,0.20016723848696,48.86
"48700",0.00914170559677567,4.85959970798252,1,1,0.275086319804016,79.78
"48780",0.000309288979002715,0.164413589579381,1,0,0.156155528075934,19.03
"48820",7.57661855513884e-05,0.0402762186205537,1,0,0.175757970006789,31.46
"48900",0.000194181194735322,0.103223940788937,1,0,0.338181348668234,92.76
"48940",0,0,0,0,0.139042196027062,8.54
"48980",0.00157348425246809,0.836441682885299,1,0,0.211673288053397,54.81
"49010",6.88183882733466e-05,0.0365828691393144,1,0,0.164144222533136,23.14
"49020",6.58961213542971e-05,0.0350294339169563,1,0,0.229005375531376,64.86
"49080",0,0,0,0,0.113007229571546,2.7
"49100",0,0,0,0,0.175029140224482,30.7
"49180",0.000609216861550555,0.323850954414164,1,0,0.323148213726522,90.05
"49220",0.000623084016648805,0.331222535368354,1,0,0.190369815817401,42.05
"49260",0.000104525974704714,0.0555645104487695,1,0,0.171532945234527,28.86
"49300",5.38135897251919e-05,0.0286065332279209,1,0,0.257683824324689,74.92
"49340",0.000870140354142094,0.462554144424007,1,0,0.310198094062956,88
"49380",0,0,0,0,0.106083429906301,1.62
"49420",0.000156175572578693,0.0830206966154221,1,0,0.184879959494629,38.16
"49460",0,0,0,0,0.181481258776805,36.32
"49620",4.95081366622604e-05,0.0263178160705084,1,0,0.326062061236188,90.59
"49660",0.00321898694929109,1.71116733887076,1,1,0.355296755041423,95.24
"49700",3.05875875569694e-05,0.0162599232699164,1,0,0.199568127978857,48.32
"49740",0.00704166913638788,3.7432504160897,1,1,0.207988039895542,52.86
"49780",0.000724600175974328,0.385187071087795,1,0,0.222598592821303,60.97
"49820",0,0,0,0,0.119124291397245,4
