"cbsa_geoid","cbsa_name","industrial_diversity","economic_complexity_index","economic_complexity_percentile_score","constituent_county_geoids","constituent_state_fips","constituent_state_names","n_constituent_counties","n_constituent_states"
"33860","Montgomery, AL Metro Area",210,0.422625556397493,72.97,"01001|01051|01085|01101","01","Alabama",4,1
"19300","Daphne-Fairhope-Foley, AL Metro Area",245,0.577853701097845,76.11,"01003","01","Alabama",1,1
"21640","Eufaula, AL-GA Micro Area",98,-0.977297239936645,13.3,"01005|13239","01|13","Alabama|Georgia",2,2
"13820","Birmingham, AL Metro Area",281,0.302517432174481,68.97,"01007|01009|01021|01073|01115|01117|01127","01","Alabama",7,1
"11500","Anniston-Oxford, AL Metro Area",163,-0.570268029282119,32.86,"01015","01","Alabama",1,1
"29300","LaGrange, GA-AL Micro Area",140,-0.413590439309233,41.51,"01017|13285","01|13","Alabama|Georgia",2,2
"21460","Enterprise, AL Micro Area",147,-0.46430409359313,38.81,"01031","01","Alabama",1,1
"22520","Florence-Muscle Shoals, AL Metro Area",204,-0.45646248052042,39.35,"01033|01077","01","Alabama",2,1
"45180","Talladega-Sylacauga, AL Micro Area",144,-1.05341871334982,9.41,"01037|01121","01","Alabama",2,1
"18980","Cullman, AL Micro Area",178,-0.731998407771849,25.3,"01043","01","Alabama",1,1
"37120","Ozark, AL Micro Area",90,-0.364719796254382,43.46,"01045","01","Alabama",1,1
"42820","Selma, AL Micro Area",138,-0.99094398807661,12.22,"01047","01","Alabama",1,1
"22840","Fort Payne, AL Micro Area",144,-1.26569334959173,4.11,"01049","01","Alabama",1,1
"23460","Gadsden, AL Metro Area",167,-0.793039395921172,22.05,"01055","01","Alabama",1,1
"40770","Russellville, AL Micro Area",98,-1.27224477948246,3.68,"01059","01","Alabama",1,1
"20020","Dothan, AL Metro Area",209,-0.306242637486989,46.49,"01061|01067|01069","01","Alabama",3,1
"46220","Tuscaloosa, AL Metro Area",172,-0.588399507669745,32.32,"01063|01065|01107|01125","01","Alabama",4,1
"42460","Scottsboro, AL Micro Area",145,-0.853532068852544,19.03,"01071","01","Alabama",1,1
"19460","Decatur, AL Metro Area",196,-0.551824413414451,34.16,"01079|01103","01","Alabama",2,1
"12220","Auburn-Opelika, AL Metro Area",167,-0.0657474259213901,56.43,"01081|01087","01","Alabama",2,1
"26620","Huntsville, AL Metro Area",167,1.14235465247097,85.95,"01083|01089","01","Alabama",2,1
"10700","Albertville, AL Micro Area",158,-0.829677592188567,20.54,"01095","01","Alabama",1,1
"33660","Mobile, AL Metro Area",256,0.200694877484795,65.95,"01097","01","Alabama",1,1
"45980","Troy, AL Micro Area",91,-1.22816215841837,5.3,"01109","01","Alabama",1,1
"17980","Columbus, GA-AL Metro Area",164,0.165500723521893,64.76,"01113|13053|13145|13197|13215|13259|13263","01|13","Alabama|Georgia",7,2
"10760","Alexander City, AL Micro Area",120,-0.762863247010818,23.46,"01123","01","Alabama",1,1
"11260","Anchorage, AK Metro Area",238,1.48504236500723,90.81,"02020|02170","02","Alaska",2,1
"21820","Fairbanks-College, AK Metro Area",160,0.679236555426467,77.95,"02090","02","Alaska",1,1
"27940","Juneau, AK Micro Area",139,2.00971661094393,95.46,"02110","02","Alaska",1,1
"28540","Ketchikan, AK Micro Area",116,1.07270720468421,84.22,"02130","02","Alaska",1,1
"43420","Sierra Vista-Douglas, AZ Metro Area",155,0.568451725145982,75.89,"04003","04","Arizona",1,1
"22380","Flagstaff, AZ Metro Area",177,1.12472481194809,85.19,"04005","04","Arizona",1,1
"37740","Payson, AZ Micro Area",111,-0.297498485876047,46.81,"04007","04","Arizona",1,1
"40940","Safford, AZ Micro Area",112,-0.646007746499428,29.51,"04009","04","Arizona",1,1
"38060","Phoenix-Mesa-Chandler, AZ Metro Area",316,2.17233859881415,96.65,"04013|04021","04","Arizona",2,1
"29420","Lake Havasu City-Kingman, AZ Metro Area",219,0.262387461127257,68,"04015","04","Arizona",1,1
"43320","Show Low, AZ Micro Area",155,-0.0319702585050292,58.27,"04017","04","Arizona",1,1
"46060","Tucson, AZ Metro Area",214,1.59452860317465,92,"04019","04","Arizona",1,1
"35700","Nogales, AZ Micro Area",130,-0.00482535767147783,59.57,"04023","04","Arizona",1,1
"39150","Prescott Valley-Prescott, AZ Metro Area",232,1.02377318346354,83.24,"04025","04","Arizona",1,1
"49740","Yuma, AZ Metro Area",156,-0.169047103438098,52.65,"04027","04","Arizona",1,1
"34260","Mountain Home, AR Micro Area",152,0.137619055802741,64.32,"05005","05","Arkansas",1,1
"22220","Fayetteville-Springdale-Rogers, AR Metro Area",236,0.653166798264107,77.73,"05007|05087|05143","05","Arkansas",3,1
"25460","Harrison, AR Micro Area",171,-0.69907952584594,27.14,"05009|05101","05","Arkansas",2,1
"15780","Camden, AR Micro Area",89,-0.792708286525554,22.16,"05013|05103","05","Arkansas",2,1
"11660","Arkadelphia, AR Micro Area",95,-0.677428625011638,28.11,"05019","05","Arkansas",1,1
"38220","Pine Bluff, AR Micro Area",137,-0.853615230665845,18.92,"05025|05069","05","Arkansas",2,1
"31620","Magnolia, AR Micro Area",105,-1.08785747870785,8.65,"05027","05","Arkansas",1,1
"27860","Jonesboro, AR Metro Area",189,-0.677799872625124,27.89,"05031|05111","05","Arkansas",2,1
"22900","Fort Smith, AR-OK Metro Area",231,-0.432088774417093,40.97,"05033|05131|40135","05|40","Arkansas|Oklahoma",3,2
"32820","Memphis, TN-MS-AR Metro Area",270,1.09448257681415,84.43,"05035|28009|28033|28093|28137|28143|47047|47157|47167","05|28|47","Arkansas|Mississippi|Tennessee",9,3
"30780","Little Rock-North Little Rock-Conway, AR Metro Area",255,0.187651012315319,65.19,"05045|05053|05085|05105|05119|05125","05","Arkansas",6,1
"26300","Hot Springs, AR Metro Area",220,0.375190948729412,71.03,"05051","05","Arkansas",1,1
"37500","Paragould, AR Micro Area",134,-0.941563700257199,15.46,"05055","05","Arkansas",1,1
"31680","Malvern, AR Micro Area",113,-0.905212304285455,16.76,"05059","05","Arkansas",1,1
"12900","Batesville, AR Micro Area",119,-0.834550948876977,20,"05063","05","Arkansas",1,1
"45500","Texarkana, TX-AR Metro Area",207,-0.565568694599933,33.41,"05081|05091|48037","05|48","Arkansas|Texas",3,2
"14180","Blytheville, AR Micro Area",102,-1.24300166224372,4.65,"05093","05","Arkansas",1,1
"40780","Russellville, AR Micro Area",172,-1.01909980219878,11.03,"05115|05149","05","Arkansas",2,1
"22620","Forrest City, AR Micro Area",101,-1.22210475072375,5.51,"05123","05","Arkansas",1,1
"20980","El Dorado, AR Micro Area",148,-0.948527831068667,14.59,"05139","05","Arkansas",1,1
"42620","Searcy, AR Micro Area",166,-0.847368323667464,19.14,"05145","05","Arkansas",1,1
"41860","San Francisco-Oakland-Fremont, CA Metro Area",282,4.13080180478497,100,"06001|06013|06041|06075|06081","06","California",5,1
"23820","Gardnerville Ranchos, NV-CA Micro Area",187,1.83432666284852,94.27,"06003|32005","06|32","California|Nevada",2,2
"17020","Chico, CA Metro Area",217,0.550659413975566,75.35,"06007","06","California",1,1
"18860","Crescent City, CA Micro Area",97,0.30458479804242,69.19,"06015","06","California",1,1
"40900","Sacramento-Roseville-Folsom, CA Metro Area",237,1.82741757869124,94.16,"06017|06061|06067|06113","06","California",4,1
"23420","Fresno, CA Metro Area",217,0.255070410179265,67.68,"06019|06039","06","California",2,1
"21700","Eureka-Arcata, CA Micro Area",181,0.512146225723517,75.03,"06023","06","California",1,1
"20940","El Centro, CA Metro Area",122,-0.262404353224109,48.22,"06025","06","California",1,1
"13860","Bishop, CA Micro Area",115,0.441038436245127,73.62,"06027","06","California",1,1
"12540","Bakersfield-Delano, CA Metro Area",175,-0.230813394030516,50.05,"06029","06","California",1,1
"25260","Hanford-Corcoran, CA Metro Area",88,-0.856431753737424,18.81,"06031","06","California",1,1
"17340","Clearlake, CA Micro Area",130,0.135545302616434,64.22,"06033","06","California",1,1
"45000","Susanville, CA Micro Area",83,-0.331630312190153,44.97,"06035","06","California",1,1
"31080","Los Angeles-Long Beach-Anaheim, CA Metro Area",352,3.25964876544285,99.35,"06037|06059","06","California",2,1
"46380","Ukiah, CA Micro Area",175,0.591660843842185,76.54,"06045","06","California",1,1
"32900","Merced, CA Metro Area",139,-0.735617999703069,25.08,"06047","06","California",1,1
"41500","Salinas, CA Metro Area",126,1.07805438773681,84.32,"06053","06","California",1,1
"34900","Napa, CA Metro Area",149,1.57813664389379,91.78,"06055","06","California",1,1
"46020","Truckee-Grass Valley, CA Micro Area",241,1.74951671377462,93.51,"06057","06","California",1,1
"40140","Riverside-San Bernardino-Ontario, CA Metro Area",303,1.0262986451709,83.46,"06065|06071","06","California",2,1
"41940","San Jose-Sunnyvale-Santa Clara, CA Metro Area",162,3.85502296321686,99.78,"06069|06085","06","California",2,1
"41740","San Diego-Chula Vista-Carlsbad, CA Metro Area",282,3.2995384468302,99.46,"06073","06","California",1,1
"44700","Stockton-Lodi, CA Metro Area",226,0.216600498611629,66.49,"06077","06","California",1,1
"42020","San Luis Obispo-Paso Robles, CA Metro Area",234,1.48552368930738,90.92,"06079","06","California",1,1
"42200","Santa Maria-Santa Barbara, CA Metro Area",204,2.61857522826018,98.38,"06083","06","California",1,1
"42100","Santa Cruz-Watsonville, CA Metro Area",239,1.97575850466341,95.14,"06087","06","California",1,1
"39820","Redding, CA Metro Area",226,0.495707913403887,74.92,"06089","06","California",1,1
"46700","Vallejo, CA Metro Area",251,0.986509026066695,82.27,"06095","06","California",1,1
"42220","Santa Rosa-Petaluma, CA Metro Area",276,1.70026245862053,93.08,"06097","06","California",1,1
"33700","Modesto, CA Metro Area",238,0.0401501787344919,61.08,"06099","06","California",1,1
"49700","Yuba City, CA Metro Area",158,-0.477328782103886,38.27,"06101|06115","06","California",2,1
"39780","Red Bluff, CA Micro Area",125,-0.765101732368751,23.24,"06103","06","California",1,1
"47300","Visalia, CA Metro Area",170,-0.207858284694777,51.35,"06107","06","California",1,1
"43760","Sonora, CA Micro Area",157,0.567578622201047,75.78,"06109","06","California",1,1
"37100","Oxnard-Thousand Oaks-Ventura, CA Metro Area",295,2.005856882076,95.35,"06111","06","California",1,1
"19740","Denver-Aurora-Centennial, CO Metro Area",338,2.74466040631053,98.49,"08001|08005|08014|08019|08031|08035|08039|08047|08059|08093","08","Colorado",10,1
"10480","Alamosa, CO Micro Area",136,-0.329579366204582,45.08,"08003|08021|08023","08","Colorado",3,1
"14500","Boulder, CO Metro Area",251,3.25549072599445,99.24,"08013","08","Colorado",1,1
"20780","Edwards, CO Micro Area",154,2.25400410208349,97.3,"08037","08","Colorado",1,1
"17820","Colorado Springs, CO Metro Area",211,2.01958508958273,95.68,"08041|08119","08","Colorado",2,1
"15860","Cañon City, CO Micro Area",148,0.19033443616064,65.51,"08043","08","Colorado",1,1
"40090","Rifle, CO Micro Area",190,1.78402710401614,93.73,"08045|08097","08","Colorado",2,1
"14720","Breckenridge, CO Micro Area",142,2.14232925531522,96.32,"08065|08117","08","Colorado",2,1
"20420","Durango, CO Micro Area",225,1.19754205873291,86.92,"08067","08","Colorado",1,1
"22660","Fort Collins-Loveland, CO Metro Area",247,1.6902522449269,92.76,"08069","08","Colorado",1,1
"44540","Sterling, CO Micro Area",116,-1.20112235766512,6.16,"08075","08","Colorado",1,1
"24300","Grand Junction, CO Metro Area",259,0.474463390461087,74.27,"08077","08","Colorado",1,1
"44460","Steamboat Springs, CO Micro Area",202,1.31254902065883,88.54,"08081|08107","08","Colorado",2,1
"33940","Montrose, CO Micro Area",219,0.130028160664856,63.68,"08085","08","Colorado",1,1
"22820","Fort Morgan, CO Micro Area",109,-1.61418090018541,0.54,"08087","08","Colorado",1,1
"39380","Pueblo, CO Metro Area",188,0.0383258516584081,60.97,"08101","08","Colorado",1,1
"24540","Greeley, CO Metro Area",245,-0.183751374339358,52,"08123","08","Colorado",1,1
"25540","Hartford-West Hartford-East Hartford, CT Metro Area",251,1.73973921103289,93.41,"09110|09130","09","Connecticut",2,1
"14860","Bridgeport-Stamford-Danbury, CT Metro Area",275,2.74908035889457,98.59,"09120|09190","09","Connecticut",2,1
"47930","Waterbury-Shelton, CT Metro Area",263,1.28738951292654,88.22,"09140","09","Connecticut",1,1
"39480","Putnam, CT Micro Area",211,0.298665813508082,68.65,"09150","09","Connecticut",1,1
"45860","Torrington, CT Micro Area",220,1.14153949015841,85.84,"09160","09","Connecticut",1,1
"35300","New Haven, CT Metro Area",229,1.50727430105737,91.35,"09170","09","Connecticut",1,1
"35980","Norwich-New London-Willimantic, CT Metro Area",170,1.19572619642538,86.81,"09180","09","Connecticut",1,1
"20100","Dover, DE Metro Area",167,0.490602721710932,74.81,"10001","10","Delaware",1,1
"37980","Philadelphia-Camden-Wilmington, PA-NJ-DE-MD Metro Area",281,2.28549807283478,97.41,"10003|24015|34005|34007|34015|34033|42017|42029|42045|42091|42101","10|24|34|42","Delaware|Maryland|New Jersey|Pennsylvania",11,4
"42580","Seaford, DE Micro Area",209,0.692095031691747,78.59,"10005","10","Delaware",1,1
"47900","Washington-Arlington-Alexandria, DC-VA-MD-WV Metro Area",182,4.07634637662015,99.89,"11001|24017|24021|24031|24033|51013|51043|51047|51059|51061|51107|51153|51157|51177|51179|51187|51510|51600|51610|51630|51683|51685|54037","11|24|51|54","District of Columbia|Maryland|Virginia|West Virginia",23,4
"23540","Gainesville, FL Metro Area",163,0.939099319538028,81.62,"12001|12041|12075","12","Florida",3,1
"27260","Jacksonville, FL Metro Area",316,1.84569707514029,94.38,"12003|12019|12031|12089|12109","12","Florida",5,1
"37460","Panama City-Panama City Beach, FL Metro Area",223,1.13043140008244,85.51,"12005|12133","12","Florida",2,1
"37340","Palm Bay-Melbourne-Titusville, FL Metro Area",237,1.75213833671104,93.62,"12009","12","Florida",1,1
"33100","Miami-Fort Lauderdale-West Palm Beach, FL Metro Area",365,2.88800949049743,98.81,"12011|12086|12099","12","Florida",3,1
"39460","Punta Gorda, FL Metro Area",213,0.994550917072664,82.38,"12015","12","Florida",1,1
"26140","Homosassa Springs, FL Metro Area",189,0.612059701644332,76.97,"12017","12","Florida",1,1
"34940","Naples-Marco Island, FL Metro Area",234,1.87326776953345,94.7,"12021","12","Florida",1,1
"29380","Lake City, FL Micro Area",165,-0.409233415166202,41.62,"12023","12","Florida",1,1
"11580","Arcadia, FL Micro Area",122,-0.487109772153133,37.84,"12027","12","Florida",1,1
"37860","Pensacola-Ferry Pass-Brent, FL Metro Area",225,1.00098283304557,82.49,"12033|12113","12","Florida",2,1
"19660","Deltona-Daytona Beach-Ormond Beach, FL Metro Area",261,1.3680388220215,89.41,"12035|12127","12","Florida",2,1
"45220","Tallahassee, FL Metro Area",170,1.61544857963282,92.22,"12039|12065|12073|12129","12","Florida",4,1
"17500","Clewiston, FL Micro Area",139,-0.274313225689418,47.89,"12043|12051","12","Florida",2,1
"45300","Tampa-St. Petersburg-Clearwater, FL Metro Area",335,2.10636017040142,96,"12053|12057|12101|12103","12","Florida",4,1
"42700","Sebring, FL Metro Area",186,-0.0183825396137462,58.7,"12055","12","Florida",1,1
"42680","Sebastian-Vero Beach-West Vero Corridor, FL Metro Area",227,1.32514819916754,88.76,"12061","12","Florida",1,1
"36740","Orlando-Kissimmee-Sanford, FL Metro Area",283,2.44385917374661,98.05,"12069|12095|12097|12117","12","Florida",4,1
"15980","Cape Coral-Fort Myers, FL Metro Area",243,1.46466270110828,90.59,"12071","12","Florida",1,1
"35840","North Port-Bradenton-Sarasota, FL Metro Area",270,1.81143023730106,93.84,"12081|12115","12","Florida",2,1
"36100","Ocala, FL Metro Area",258,0.328958866696061,69.84,"12083","12","Florida",1,1
"38940","Port St. Lucie, FL Metro Area",273,1.17383688705992,86.7,"12085|12111","12","Florida",2,1
"28580","Key West-Key Largo, FL Micro Area",169,2.19037895612111,96.76,"12087","12","Florida",1,1
"18880","Crestview-Fort Walton Beach-Destin, FL Metro Area",186,1.98895007914777,95.24,"12091|12131","12","Florida",2,1
"36380","Okeechobee, FL Micro Area",141,-0.669844126748415,28.86,"12093","12","Florida",1,1
"29460","Lakeland-Winter Haven, FL Metro Area",261,0.336060423300472,70.05,"12105","12","Florida",1,1
"37260","Palatka, FL Micro Area",150,-0.371805789404061,43.14,"12107","12","Florida",1,1
"48680","Wildwood-The Villages, FL Metro Area",153,0.405711873388189,72.22,"12119","12","Florida",1,1
"20060","Douglas, GA Micro Area",130,-0.9651735907286,14.16,"13003|13069","13","Georgia",2,1
"33300","Milledgeville, GA Micro Area",118,-0.234933649240656,49.84,"13009","13","Georgia",1,1
"12060","Atlanta-Sandy Springs-Roswell, GA Metro Area",371,2.16147310362574,96.43,"13013|13015|13035|13045|13057|13063|13067|13077|13085|13089|13097|13113|13117|13121|13135|13143|13149|13151|13159|13187|13199|13211|13217|13223|13227|13231|13247|13255|13297","13","Georgia",29,1
"22340","Fitzgerald, GA Micro Area",85,-1.0967011593991,8.32,"13017","13","Georgia",1,1
"31420","Macon-Bibb County, GA Metro Area",207,0.127655181891884,63.46,"13021|13079|13169|13207|13289","13","Georgia",5,1
"15260","Brunswick-St. Simons, GA Metro Area",189,0.769484273859532,79.46,"13025|13127|13191","13","Georgia",3,1
"46660","Valdosta, GA Metro Area",183,-0.520584147255648,36.65,"13027|13101|13173|13185","13","Georgia",4,1
"42340","Savannah, GA Metro Area",225,0.783516400071591,79.68,"13029|13051|13103","13","Georgia",3,1
"44340","Statesboro, GA Micro Area",166,-0.375899394320328,43.03,"13031|13109","13","Georgia",2,1
"12260","Augusta-Richmond County, GA-SC Metro Area",195,0.0149630436668515,60.22,"13033|13073|13181|13189|13245|45003|45037","13|45","Georgia|South Carolina",7,2
"28680","Kingsland, GA Micro Area",107,0.207858172461235,66.05,"13039","13","Georgia",1,1
"16860","Chattanooga, TN-GA Metro Area",275,0.482630982777018,74.49,"13047|13083|13295|47065|47115|47153","13|47","Georgia|Tennessee",6,2
"44900","Summerville, GA Micro Area",84,-1.12279651747214,8,"13055","13","Georgia",1,1
"12020","Athens-Clarke County, GA Metro Area",168,0.924946628612405,81.51,"13059|13195|13219|13221","13","Georgia",4,1
"34220","Moultrie, GA Micro Area",123,-1.33909297600278,2.92,"13071","13","Georgia",1,1
"18380","Cordele, GA Micro Area",109,-1.27704786354528,3.57,"13081","13","Georgia",1,1
"12460","Bainbridge, GA Micro Area",122,-1.34691126095864,2.7,"13087","13","Georgia",1,1
"10500","Albany, GA Metro Area",179,-0.317391062205916,46.27,"13095|13177|13273|13321","13","Georgia",4,1
"40660","Rome, GA Metro Area",149,-0.292589259935119,47.03,"13115","13","Georgia",1,1
"15660","Calhoun, GA Micro Area",109,-0.547990759764783,34.49,"13129","13","Georgia",1,1
"45620","Thomasville, GA Micro Area",169,-0.0986252814844658,55.46,"13131|13275","13","Georgia",2,1
"18460","Cornelia, GA Micro Area",130,-0.782918858259542,22.7,"13137","13","Georgia",1,1
"23580","Gainesville, GA Metro Area",196,0.40534903476839,72.11,"13139","13","Georgia",1,1
"47580","Warner Robins, GA Metro Area",118,0.00726772684589311,60.11,"13153|13225","13","Georgia",2,1
"27600","Jefferson, GA Micro Area",124,-0.00284638364430655,59.68,"13157","13","Georgia",1,1
"20140","Dublin, GA Micro Area",152,-0.846406071405959,19.24,"13167|13175","13","Georgia",2,1
"25980","Hinesville, GA Metro Area",66,-0.0145903353873024,59.03,"13179|13183","13","Georgia",2,1
"47080","Vidalia, GA Micro Area",128,-0.94709897749038,14.7,"13209|13279","13","Georgia",2,1
"19140","Dalton, GA Metro Area",144,-0.325511703440493,45.19,"13213|13313","13","Georgia",2,1
"48180","Waycross, GA Micro Area",144,-0.968820474647404,13.95,"13229|13299","13","Georgia",2,1
"16340","Cedartown, GA Micro Area",121,-0.924657439563603,15.89,"13233","13","Georgia",1,1
"11140","Americus, GA Micro Area",133,-0.84110377310103,19.46,"13249|13261","13","Georgia",2,1
"45740","Toccoa, GA Micro Area",118,-0.732948457610286,25.19,"13257","13","Georgia",1,1
"45700","Tifton, GA Micro Area",148,-0.673826237457581,28.32,"13277|13287","13","Georgia",2,1
"45580","Thomaston, GA Micro Area",104,-0.632146192763662,30.38,"13293","13","Georgia",1,1
"27700","Jesup, GA Micro Area",118,-0.889478282315959,17.3,"13305","13","Georgia",1,1
"25900","Hilo-Kailua, HI Micro Area",202,1.69502856657497,92.97,"15001","15","Hawaii",1,1
"46520","Urban Honolulu, HI Metro Area",208,2.54304175294913,98.27,"15003","15","Hawaii",1,1
"28180","Kapaa, HI Micro Area",160,2.01400010809013,95.57,"15007","15","Hawaii",1,1
"27980","Kahului-Wailuku, HI Metro Area",203,2.23714303597213,97.19,"15005|15009","15","Hawaii",2,1
"14260","Boise City, ID Metro Area",330,1.22002442299429,87.24,"16001|16015|16027|16045|16073","16","Idaho",5,1
"38540","Pocatello, ID Metro Area",208,0.223192634495407,66.7,"16005","16","Idaho",1,1
"13940","Blackfoot, ID Micro Area",154,-0.282888342253256,47.46,"16011","16","Idaho",1,1
"25200","Hailey, ID Micro Area",195,1.82100911685849,94.05,"16013|16025|16063","16","Idaho",3,1
"41760","Sandpoint, ID Micro Area",225,0.796870539014072,79.89,"16017","16","Idaho",1,1
"26820","Idaho Falls, ID Metro Area",245,0.560969530168303,75.57,"16019|16023|16051","16","Idaho",3,1
"15420","Burley, ID Micro Area",144,-1.16945996366428,6.92,"16031|16067","16","Idaho",2,1
"34300","Mountain Home, ID Micro Area",95,-0.839239420054179,19.78,"16039","16","Idaho",1,1
"30860","Logan, UT-ID Metro Area",210,0.723428130447498,79.24,"16041|49005","16|49","Idaho|Utah",2,2
"39940","Rexburg, ID Micro Area",144,0.415954650375242,72.65,"16043|16065","16","Idaho",2,1
"46300","Twin Falls, ID Metro Area",221,-0.123312868155615,54.38,"16053|16083","16","Idaho",2,1
"17660","Coeur d'Alene, ID Metro Area",284,1.06888224890532,84,"16055","16","Idaho",1,1
"34140","Moscow, ID Micro Area",150,0.711597465921961,78.81,"16057","16","Idaho",1,1
"30300","Lewiston, ID-WA Metro Area",167,-0.349068235854006,43.89,"16069|53003","16|53","Idaho|Washington",2,2
"14940","Brigham City, UT-ID Micro Area",142,-0.54484790374587,34.81,"16071|49003","16|49","Idaho|Utah",2,2
"36620","Ontario, OR-ID Micro Area",155,-0.811087614288548,21.08,"16075|41045","16|41","Idaho|Oregon",2,2
"27220","Jackson, WY-ID Micro Area",184,2.33302873571474,97.51,"16081|56039","16|56","Idaho|Wyoming",2,2
"39500","Quincy, IL-MO Micro Area",175,-0.0677143663246346,56.22,"17001|29111","17|29","Illinois|Missouri",2,2
"16020","Cape Girardeau, MO-IL Metro Area",206,-0.0557546494131977,56.76,"17003|29017|29031","17|29","Illinois|Missouri",3,2
"41180","St. Louis, MO-IL Metro Area",304,1.10730497319683,84.76,"17005|17013|17027|17083|17117|17119|17133|17163|29071|29099|29113|29183|29189|29219|29510","17|29","Illinois|Missouri",15,2
"40420","Rockford, IL Metro Area",226,0.409608797808954,72.43,"17007|17201","17","Illinois",2,1
"36837","Ottawa, IL Micro Area",210,-0.496333321205582,37.62,"17011|17099|17155","17","Illinois",3,1
"16580","Champaign-Urbana, IL Metro Area",159,0.707428223178543,78.7,"17019|17053|17147","17","Illinois",3,1
"45380","Taylorville, IL Micro Area",117,-0.806654720572134,21.3,"17021","17","Illinois",1,1
"16660","Charleston-Mattoon, IL Micro Area",106,-0.606727469210577,31.24,"17029","17","Illinois",1,1
"16980","Chicago-Naperville-Elgin, IL-IN Metro Area",399,2.09074320296675,95.89,"17031|17037|17043|17063|17089|17093|17097|17111|17197|18073|18089|18111|18127","17|18","Illinois|Indiana",13,2
"20820","Effingham, IL Micro Area",153,-0.315419483852833,46.38,"17035|17049","17","Illinois",2,1
"15900","Canton, IL Micro Area",118,-1.10838433295715,8.22,"17057","17","Illinois",1,1
"15460","Burlington, IA-IL Micro Area",166,-0.540056621466343,35.24,"17071|19057","17|19","Illinois|Iowa",2,2
"19340","Davenport-Moline-Rock Island, IA-IL Metro Area",238,-0.317462797889972,46.16,"17073|17131|17161|19163","17|19","Illinois|Iowa",4,2
"16060","Carbondale, IL Micro Area",119,-0.261386847855948,48.43,"17077","17","Illinois",1,1
"34500","Mount Vernon, IL Micro Area",110,-0.958308800892322,14.27,"17081","17","Illinois",1,1
"28100","Kankakee, IL Metro Area",174,-0.524528181765121,36.32,"17091","17","Illinois",1,1
"23660","Galesburg, IL Micro Area",119,-0.655561717249116,29.19,"17095","17","Illinois",1,1
"19940","Dixon, IL Micro Area",122,-0.44003248774956,40.54,"17103","17","Illinois",1,1
"38700","Pontiac, IL Micro Area",114,-1.17598443078269,6.49,"17105","17","Illinois",1,1
"30660","Lincoln, IL Micro Area",90,-1.01774331623288,11.14,"17107","17","Illinois",1,1
"31380","Macomb, IL Micro Area",90,-1.2394330062371,4.86,"17109","17","Illinois",1,1
"14010","Bloomington, IL Metro Area",129,0.446138974500208,73.84,"17113","17","Illinois",1,1
"19500","Decatur, IL Metro Area",156,-0.432091473473768,40.86,"17115","17","Illinois",1,1
"16460","Centralia, IL Micro Area",121,-1.15618176824613,7.14,"17121","17","Illinois",1,1
"37900","Peoria, IL Metro Area",206,0.24163510540597,67.24,"17123|17143|17175|17179|17203","17","Illinois",5,1
"37140","Paducah, KY-IL Metro Area",194,-0.153920463169534,53.19,"17127|21007|21039|21139|21145","17|21","Illinois|Kentucky",5,2
"44100","Springfield, IL Metro Area",125,1.01787256123873,83.14,"17129|17167","17","Illinois",2,1
"27300","Jacksonville, IL Micro Area",119,-0.724456409431209,25.73,"17137|17171","17","Illinois",2,1
"40300","Rochelle, IL Micro Area",140,-0.894492134676522,17.08,"17141","17","Illinois",1,1
"23300","Freeport, IL Micro Area",131,-0.798838256671485,21.73,"17177","17","Illinois",1,1
"19180","Danville, IL Micro Area",137,-0.639636398184396,29.73,"17183","17","Illinois",1,1
"44580","Sterling, IL Micro Area",157,-0.795575782805229,21.84,"17195","17","Illinois",1,1
"32060","Marion-Herrin, IL Micro Area",139,-0.471278252646401,38.59,"17199","17","Illinois",1,1
"19540","Decatur, IN Micro Area",146,-1.03258355146385,10.16,"18001","18","Indiana",1,1
"23060","Fort Wayne, IN Metro Area",275,0.200434082973444,65.84,"18003|18179|18183","18","Indiana",3,1
"18020","Columbus, IN Metro Area",132,-0.0430187463762794,57.95,"18005","18","Indiana",1,1
"29200","Lafayette-West Lafayette, IN Metro Area",174,-0.0160391254188148,58.92,"18007|18015|18157|18171","18","Indiana",4,1
"26900","Indianapolis-Carmel-Greenwood, IN Metro Area",306,1.16404900077413,86.49,"18011|18013|18057|18059|18063|18081|18095|18097|18109|18145|18159","18","Indiana",11,1
"30900","Logansport, IN Micro Area",117,-0.995585978515257,12,"18017","18","Indiana",1,1
"31140","Louisville/Jefferson County, KY-IN Metro Area",314,0.720042900551643,79.14,"18019|18043|18061|18175|21029|21103|21111|21163|21179|21185|21211|21215","18|21","Indiana|Kentucky",12,2
"45460","Terre Haute, IN Metro Area",212,-0.590304535552258,32.11,"18021|18153|18165|18167","18","Indiana",4,1
"23140","Frankfort, IN Micro Area",108,-1.27778188476858,3.46,"18023","18","Indiana",1,1
"47780","Washington, IN Micro Area",134,-1.05249241061293,9.51,"18027","18","Indiana",1,1
"17140","Cincinnati, OH-KY-IN Metro Area",337,1.00672034870076,82.81,"18029|18047|18115|21015|21023|21037|21077|21081|21117|21191|39015|39017|39025|39061|39165","18|21|39","Indiana|Kentucky|Ohio",15,3
"24700","Greensburg, IN Micro Area",121,-1.20798833910508,5.84,"18031","18","Indiana",1,1
"12140","Auburn, IN Micro Area",138,-0.703616016296337,26.7,"18033","18","Indiana",1,1
"34620","Muncie, IN Metro Area",186,-0.152081916961114,53.41,"18035","18","Indiana",1,1
"27540","Jasper, IN Micro Area",129,-0.610252529289537,31.03,"18037","18","Indiana",1,1
"21140","Elkhart-Goshen, IN Metro Area",226,-0.0544817094726707,56.97,"18039","18","Indiana",1,1
"18220","Connersville, IN Micro Area",105,-1.01527456563848,11.35,"18041","18","Indiana",1,1
"31980","Marion, IN Micro Area",120,-0.943434158819913,15.24,"18053","18","Indiana",1,1
"35220","New Castle, IN Micro Area",136,-0.95627357320582,14.38,"18065","18","Indiana",1,1
"29020","Kokomo, IN Metro Area",150,-0.317771974726912,46.05,"18067","18","Indiana",1,1
"26540","Huntington, IN Micro Area",144,-0.767595642409175,22.92,"18069","18","Indiana",1,1
"42980","Seymour, IN Micro Area",133,-1.27137962259511,3.78,"18071","18","Indiana",1,1
"31500","Madison, IN Micro Area",116,-0.746245809504636,24.43,"18077","18","Indiana",1,1
"47180","Vincennes, IN Micro Area",114,-1.53724382730229,1.19,"18083","18","Indiana",1,1
"47700","Warsaw, IN Micro Area",178,-0.335299256106596,44.54,"18085","18","Indiana",1,1
"33140","Michigan City-La Porte, IN Metro Area",202,-0.25256085667837,48.65,"18091","18","Indiana",1,1
"13260","Bedford, IN Micro Area",139,-0.93925796425385,15.68,"18093","18","Indiana",1,1
"38500","Plymouth, IN Micro Area",165,-0.724165154698373,25.84,"18099","18","Indiana",1,1
"37940","Peru, IN Micro Area",122,-1.37627079596502,2.27,"18103","18","Indiana",1,1
"14020","Bloomington, IN Metro Area",134,1.12712952775019,85.41,"18105|18119","18","Indiana",2,1
"18820","Crawfordsville, IN Micro Area",123,-1.29787430147305,3.24,"18107","18","Indiana",1,1
"28340","Kendallville, IN Micro Area",165,-0.447126124166913,40.11,"18113","18","Indiana",1,1
"21780","Evansville, IN Metro Area",249,0.0179191239617026,60.32,"18129|18163|18173","18","Indiana",3,1
"24600","Greencastle, IN Micro Area",117,-0.942396241252113,15.35,"18133","18","Indiana",1,1
"43780","South Bend-Mishawaka, IN-MI Metro Area",238,0.556027622076779,75.46,"18141|26027","18|26","Indiana|Michigan",2,2
"11420","Angola, IN Micro Area",152,-0.368275730250938,43.24,"18151","18","Indiana",1,1
"47340","Wabash, IN Micro Area",144,-0.633317518172423,30.27,"18169","18","Indiana",1,1
"39980","Richmond, IN Micro Area",156,-0.675075666166012,28.22,"18177","18","Indiana",1,1
"33900","Monticello, IN Micro Area",121,-1.08948231617538,8.54,"18181","18","Indiana",1,1
"16300","Cedar Rapids, IA Metro Area",248,0.303028981923911,69.08,"19011|19105|19113","19","Iowa",3,1
"47940","Waterloo-Cedar Falls, IA Metro Area",194,-0.352059032902771,43.78,"19013|19017|19075","19","Iowa",3,1
"11180","Ames, IA Metro Area",137,0.0580508991957824,61.51,"19015|19169","19","Iowa",2,1
"44740","Storm Lake, IA Micro Area",95,-1.38592877592253,2.05,"19021","19","Iowa",1,1
"16140","Carroll, IA Micro Area",137,-0.887356368198589,17.51,"19027","19","Iowa",1,1
"32380","Mason City, IA Micro Area",178,-0.539916177957507,35.35,"19033|19195","19","Iowa",2,1
"43980","Spencer, IA Micro Area",156,-0.758973952021022,23.78,"19041","19","Iowa",1,1
"17540","Clinton, IA Micro Area",153,-0.719649930673344,26.05,"19045","19","Iowa",1,1
"19780","Des Moines-West Des Moines, IA Metro Area",266,0.968639575897276,81.84,"19049|19077|19099|19121|19153|19181","19","Iowa",6,1
"44020","Spirit Lake, IA Micro Area",135,-0.20126023230201,51.46,"19059","19","Iowa",1,1
"20220","Dubuque, IA Metro Area",214,0.0684633282043598,61.95,"19061","19","Iowa",1,1
"36540","Omaha, NE-IA Metro Area",267,1.05762876689862,83.78,"19085|19129|19155|31025|31055|31153|31155|31177","19|31","Iowa|Nebraska",8,2
"26980","Iowa City, IA Metro Area",127,0.606287694774745,76.86,"19103|19183","19","Iowa",2,1
"22800","Fort Madison, IA Micro Area",124,-0.879578438997185,17.73,"19111","19","Iowa",1,1
"36820","Oskaloosa, IA Micro Area",117,-1.20593799866712,5.95,"19123","19","Iowa",1,1
"37800","Pella, IA Micro Area",109,-0.702748478787812,26.81,"19125","19","Iowa",1,1
"32260","Marshalltown, IA Micro Area",124,-1.17120530067552,6.7,"19127","19","Iowa",1,1
"34700","Muscatine, IA Micro Area",124,-0.91262114383204,16.43,"19139","19","Iowa",1,1
"30180","Le Mars, IA Micro Area",109,-1.5141358224432,1.3,"19149","19","Iowa",1,1
"36900","Ottumwa, IA Micro Area",132,-1.07606253530367,8.76,"19179","19","Iowa",1,1
"22700","Fort Dodge, IA Micro Area",132,-0.982556532587503,12.76,"19187","19","Iowa",1,1
"43580","Sioux City, IA-NE-SD Metro Area",196,-0.668312331101129,28.97,"19193|31043|46127","19|31|46","Iowa|Nebraska|South Dakota",3,3
"11860","Atchison, KS Micro Area",101,-0.398370646239315,42.27,"20005","20","Kansas",1,1
"24460","Great Bend, KS Micro Area",135,-1.09588708827981,8.43,"20009","20","Kansas",1,1
"48620","Wichita, KS Metro Area",246,0.189104141572591,65.3,"20015|20079|20173|20191","20","Kansas",4,1
"21380","Emporia, KS Micro Area",116,-0.901421553007755,16.97,"20017|20111","20","Kansas",2,1
"27900","Joplin, MO-KS Metro Area",232,-0.631619339641673,30.49,"20021|29097|29145","20|29","Kansas|Missouri",3,2
"11680","Arkansas City-Winfield, KS Micro Area",108,-1.07249787986313,8.97,"20035","20","Kansas",1,1
"38260","Pittsburg, KS Micro Area",116,-0.631283738054035,30.59,"20037","20","Kansas",1,1
"41140","St. Joseph, MO-KS Metro Area",187,-0.324050456844373,45.41,"20043|29003|29021|29063","20|29","Kansas|Missouri",4,2
"29940","Lawrence, KS Metro Area",167,1.31310783148443,88.65,"20045","20","Kansas",1,1
"25700","Hays, KS Micro Area",138,-0.707011427852128,26.38,"20051","20","Kansas",1,1
"23780","Garden City, KS Micro Area",139,-1.13646890892756,7.35,"20055","20","Kansas",1,1
"19980","Dodge City, KS Micro Area",114,-0.980899955465591,13.08,"20057","20","Kansas",1,1
"36840","Ottawa, KS Micro Area",106,-1.04642602650506,9.73,"20059","20","Kansas",1,1
"31740","Manhattan, KS Metro Area",122,0.0678931106575195,61.84,"20061|20149|20161","20","Kansas",3,1
"45820","Topeka, KS Metro Area",178,0.421274714232043,72.86,"20085|20087|20139|20177|20197","20","Kansas",5,1
"28140","Kansas City, MO-KS Metro Area",317,1.28394124323702,87.89,"20091|20103|20107|20121|20209|29013|29025|29037|29047|29049|29095|29107|29165|29177","20|29","Kansas|Missouri",14,2
"32700","McPherson, KS Micro Area",112,-0.940012438560924,15.57,"20113","20","Kansas",1,1
"41460","Salina, KS Micro Area",150,-0.463914933816943,38.92,"20143|20169","20","Kansas",2,1
"26740","Hutchinson, KS Micro Area",177,-0.67086106082428,28.65,"20155","20","Kansas",1,1
"30580","Liberal, KS Micro Area",96,-1.43749160582385,1.95,"20175","20","Kansas",1,1
"14540","Bowling Green, KY Metro Area",225,0.0372592332141023,60.86,"21003|21031|21061|21227","21","Kentucky",4,1
"23180","Frankfort, KY Micro Area",132,0.986171200825929,82.16,"21005|21073","21","Kentucky",2,1
"23980","Glasgow, KY Micro Area",174,-0.635557909822794,30.05,"21009|21169","21","Kentucky",2,1
"34460","Mount Sterling, KY Micro Area",146,-0.984932504790926,12.54,"21011|21165|21173","21","Kentucky",3,1
"33180","Middlesborough, KY Micro Area",109,-0.682590712126324,27.78,"21013","21","Kentucky",1,1
"30460","Lexington-Fayette, KY Metro Area",243,0.967622369400568,81.73,"21017|21049|21067|21113|21209|21239","21","Kentucky",6,1
"26580","Huntington-Ashland, WV-KY-OH Metro Area",230,-0.365157085817633,43.35,"21019|21043|21089|21127|39087|54011|54079|54099","21|39|54","Kentucky|Ohio|West Virginia",8,3
"19220","Danville, KY Micro Area",163,-0.408474946910477,41.73,"21021|21137","21","Kentucky",2,1
"34660","Murray, KY Micro Area",121,-0.244239553784988,49.3,"21035","21","Kentucky",1,1
"17300","Clarksville, TN-KY Metro Area",163,-0.0653500398758746,56.54,"21047|21221|47125|47161","21|47","Kentucky|Tennessee",4,2
"18340","Corbin, KY Micro Area",171,-0.683737888941032,27.68,"21051|21121|21125|21235","21","Kentucky",4,1
"36980","Owensboro, KY Metro Area",182,-0.459290191140106,39.14,"21059|21149","21","Kentucky",2,1
"40080","Richmond-Berea, KY Micro Area",166,0.0365643373125894,60.76,"21065|21151|21203","21","Kentucky",3,1
"38210","Pikeville, KY Micro Area",139,-0.807087939789963,21.19,"21071|21195","21","Kentucky",2,1
"32460","Mayfield, KY Micro Area",141,-0.790182273870125,22.27,"21083","21","Kentucky",1,1
"15820","Campbellsville, KY Micro Area",138,-1.01656781563194,11.24,"21087|21217","21","Kentucky",2,1
"21060","Elizabethtown, KY Metro Area",144,-0.185515607771022,51.78,"21093|21123","21","Kentucky",2,1
"25775","Henderson, KY Micro Area",157,-1.04767031853755,9.62,"21101|21233","21","Kentucky",2,1
"31580","Madisonville, KY Micro Area",127,-1.02206749427452,10.92,"21107","21","Kentucky",1,1
"43700","Somerset, KY Micro Area",182,-0.53945177229694,35.46,"21199","21","Kentucky",1,1
"23190","Franklin, KY Micro Area",108,-0.677796346044148,28,"21213","21","Kentucky",1,1
"29180","Lafayette, LA Metro Area",259,0.246787534453654,67.46,"22001|22055|22099|22113","22","Louisiana",4,1
"12940","Baton Rouge, LA Metro Area",241,0.411095049783015,72.54,"22005|22007|22033|22037|22047|22063|22077|22091|22121|22125","22","Louisiana",10,1
"19760","DeRidder, LA Micro Area",135,-0.747105117936811,24.32,"22011","22","Louisiana",1,1
"43340","Shreveport-Bossier City, LA Metro Area",240,-0.112303362361128,54.7,"22015|22017|22031","22","Louisiana",3,1
"29340","Lake Charles, LA Metro Area",212,-0.233226800236211,49.95,"22019|22023|22053","22","Louisiana",3,1
"35020","Natchez, MS-LA Micro Area",156,-0.864139110274457,18.38,"22029|28001|28063","22|28","Louisiana|Mississippi",3,2
"10780","Alexandria, LA Metro Area",172,-0.530644264778888,35.78,"22043|22079","22","Louisiana",2,1
"35340","New Iberia, LA Micro Area",167,-0.46324559247523,39.03,"22045","22","Louisiana",1,1
"35380","New Orleans-Metairie, LA Metro Area",280,1.6908109411978,92.86,"22051|22071|22075|22087|22089|22093|22095","22","Louisiana",7,1
"26380","Houma-Bayou Cane-Thibodaux, LA Metro Area",175,-0.212925976118343,50.81,"22057|22109","22","Louisiana",2,1
"40820","Ruston, LA Micro Area",153,-0.194237956507018,51.68,"22061","22","Louisiana",1,1
"33740","Monroe, LA Metro Area",219,-0.535910631477404,35.68,"22067|22073|22083|22111","22","Louisiana",4,1
"35060","Natchitoches, LA Micro Area",113,-0.738183166332198,24.97,"22069","22","Louisiana",1,1
"36660","Opelousas, LA Micro Area",172,-1.02392318166991,10.59,"22097","22","Louisiana",1,1
"34020","Morgan City, LA Micro Area",144,-0.141902958926511,53.84,"22101","22","Louisiana",1,1
"43640","Slidell-Mandeville-Covington, LA Metro Area",273,1.29344563762979,88.32,"22103","22","Louisiana",1,1
"25220","Hammond, LA Metro Area",197,-0.179342138070915,52.11,"22105","22","Louisiana",1,1
"14220","Bogalusa, LA Micro Area",113,-1.17076440074569,6.81,"22117","22","Louisiana",1,1
"33380","Minden, LA Micro Area",129,-1.38403936801231,2.16,"22119","22","Louisiana",1,1
"30340","Lewiston-Auburn, ME Metro Area",223,0.134771049168441,64,"23001","23","Maine",1,1
"38860","Portland-South Portland, ME Metro Area",267,1.6365439232761,92.32,"23005|23023|23031","23","Maine",3,1
"12300","Augusta-Waterville, ME Micro Area",180,0.0926055955779556,62.7,"23011","23","Maine",1,1
"12620","Bangor, ME Metro Area",219,0.135536691794255,64.11,"23019","23","Maine",1,1
"19060","Cumberland, MD-WV Micro Area",163,-0.121734820953285,54.49,"24001|54057","24|54","Maryland|West Virginia",2,2
"12580","Baltimore-Columbia-Towson, MD Metro Area",246,2.38184058482258,97.73,"24003|24005|24013|24025|24027|24035|24510","24","Maryland",7,1
"30500","Lexington Park, MD Metro Area",147,1.28416004719159,88,"24009|24037","24","Maryland",2,1
"15700","Cambridge, MD Micro Area",138,0.227592747152373,67.03,"24019","24","Maryland",1,1
"41540","Salisbury, MD Metro Area",193,0.466727239344837,74.16,"24039|24045","24","Maryland",2,1
"20660","Easton, MD Micro Area",193,1.39469590680259,89.62,"24041","24","Maryland",1,1
"25180","Hagerstown-Martinsburg, MD-WV Metro Area",234,0.0723005211935938,62.05,"24043|54003|54065","24|54","Maryland|West Virginia",3,2
"36180","Ocean Pines, MD Micro Area",159,1.1500307259829,86.16,"24047","24","Maryland",1,1
"12700","Barnstable Town, MA Metro Area",210,1.85085044720426,94.49,"25001","25","Massachusetts",1,1
"38340","Pittsfield, MA Metro Area",199,1.35466245900846,89.3,"25003","25","Massachusetts",1,1
"39300","Providence-Warwick, RI-MA Metro Area",299,1.49342712644844,91.14,"25005|44001|44003|44005|44007|44009","25|44","Massachusetts|Rhode Island",6,2
"47240","Vineyard Haven, MA Micro Area",163,1.91087899250383,95.03,"25007","25","Massachusetts",1,1
"14460","Boston-Cambridge-Newton, MA-NH Metro Area",291,3.61796278031011,99.68,"25009|25017|25021|25023|25025|33015|33017","25|33","Massachusetts|New Hampshire",7,2
"24640","Greenfield, MA Micro Area",196,0.475852688388601,74.38,"25011","25","Massachusetts",1,1
"44140","Springfield, MA Metro Area",227,0.903209189810198,81.08,"25013","25","Massachusetts",1,1
"11200","Amherst Town-Northampton, MA Metro Area",172,1.64341464726019,92.43,"25015","25","Massachusetts",1,1
"34880","Nantucket, MA Micro Area",146,2.16168843079029,96.54,"25019","25","Massachusetts",1,1
"49340","Worcester, MA Metro Area",267,1.20066077565978,87.03,"25027","25","Massachusetts",1,1
"26090","Holland, MI Micro Area",215,0.0606416568675841,61.62,"26005","26","Michigan",1,1
"10980","Alpena, MI Micro Area",158,-0.223191520404732,50.38,"26007","26","Michigan",1,1
"24340","Grand Rapids-Wyoming-Kentwood, MI Metro Area",322,0.74980436072131,79.35,"26015|26067|26081|26117|26139","26","Michigan",5,1
"13020","Bay City, MI Metro Area",193,-0.123627927165958,54.27,"26017","26","Michigan",1,1
"45900","Traverse City, MI Metro Area",277,0.820517525668536,80,"26019|26055|26079|26089","26","Michigan",4,1
"35660","Niles, MI Metro Area",211,0.190572969798741,65.62,"26021","26","Michigan",1,1
"17740","Coldwater, MI Micro Area",141,-0.561211494893156,33.73,"26023","26","Michigan",1,1
"12980","Battle Creek, MI Metro Area",163,0.184222089236758,65.08,"26025","26","Michigan",1,1
"42300","Sault Ste. Marie, MI Micro Area",125,0.116840871462846,63.14,"26033","26","Michigan",1,1
"29620","Lansing-East Lansing, MI Metro Area",209,0.873519792518935,80.54,"26037|26045|26065","26","Michigan",3,1
"21540","Escanaba, MI Micro Area",171,-0.0547066982635658,56.86,"26041","26","Michigan",1,1
"27020","Iron Mountain, MI-WI Micro Area",153,-0.171520501375216,52.43,"26043|55037","26|55","Michigan|Wisconsin",2,2
"37950","Petoskey, MI Micro Area",161,1.00154749706556,82.59,"26047","26","Michigan",1,1
"22420","Flint, MI Metro Area",212,0.344751482558962,70.49,"26049","26","Michigan",1,1
"10940","Alma, MI Micro Area",132,-0.973902678731911,13.62,"26057","26","Michigan",1,1
"25880","Hillsdale, MI Micro Area",136,-1.18395295200671,6.27,"26059","26","Michigan",1,1
"26340","Houghton, MI Micro Area",140,0.433063941915515,73.19,"26061|26083","26","Michigan",2,1
"34380","Mount Pleasant, MI Micro Area",131,-0.127235806498586,54.05,"26073","26","Michigan",1,1
"27100","Jackson, MI Metro Area",186,0.00206518429197783,60,"26075","26","Michigan",1,1
"28020","Kalamazoo-Portage, MI Metro Area",225,0.913857032630158,81.19,"26077","26","Michigan",1,1
"19820","Detroit-Warren-Dearborn, MI Metro Area",311,1.13715425870248,85.62,"26087|26093|26099|26125|26147|26163","26","Michigan",6,1
"10300","Adrian, MI Micro Area",187,-0.514871718446529,36.86,"26091","26","Michigan",1,1
"32100","Marquette, MI Micro Area",160,0.433942852439658,73.51,"26103","26","Michigan",1,1
"31220","Ludington, MI Micro Area",140,-0.215931322737295,50.7,"26105","26","Michigan",1,1
"13660","Big Rapids, MI Micro Area",128,-0.653550617458118,29.3,"26107","26","Michigan",1,1
"31940","Marinette, WI-MI Micro Area",153,-0.671152608285268,28.43,"26109|55075","26|55","Michigan|Wisconsin",2,2
"33220","Midland, MI Metro Area",133,0.601669669728682,76.65,"26111","26","Michigan",1,1
"15620","Cadillac, MI Micro Area",165,-0.445296077193691,40.22,"26113|26165","26","Michigan",2,1
"33780","Monroe, MI Metro Area",189,-0.318721677355705,45.84,"26115","26","Michigan",1,1
"34740","Muskegon-Norton Shores, MI Metro Area",197,-0.0102372326963489,59.35,"26121","26","Michigan",1,1
"40980","Saginaw, MI Metro Area",199,0.396622495448403,71.78,"26145","26","Michigan",1,1
"44780","Sturgis, MI Micro Area",158,-0.858994622696557,18.7,"26149","26","Michigan",1,1
"37020","Owosso, MI Micro Area",168,-0.450891857401282,39.89,"26155","26","Michigan",1,1
"11460","Ann Arbor, MI Metro Area",159,2.40877037827097,97.95,"26161","26","Michigan",1,1
"33460","Minneapolis-St. Paul-Bloomington, MN-WI Metro Area",332,1.81457397463853,93.95,"27003|27019|27025|27037|27053|27059|27079|27095|27123|27139|27141|27163|27171|55093|55109","27|55","Minnesota|Wisconsin",15,2
"19810","Detroit Lakes, MN Micro Area",157,-0.0979661600475288,55.57,"27005","27","Minnesota",1,1
"13420","Bemidji, MN Micro Area",159,-0.0297990163618844,58.38,"27007","27","Minnesota",1,1
"41060","St. Cloud, MN Metro Area",231,-0.120443505449423,54.59,"27009|27145","27","Minnesota",2,1
"31860","Mankato, MN Metro Area",192,-0.0993555081577837,55.35,"27013|27103","27","Minnesota",2,1
"35580","New Ulm, MN Micro Area",123,-1.12803072272865,7.68,"27015","27","Minnesota",1,1
"20260","Duluth, MN-WI Metro Area",211,0.363506700534304,70.7,"27017|27137|55031","27|55","Minnesota|Wisconsin",3,2
"14660","Brainerd, MN Micro Area",205,-0.0471819483184973,57.62,"27021|27035","27","Minnesota",2,1
"22020","Fargo, ND-MN Metro Area",234,0.632233745498571,77.19,"27027|38017","27|38","Minnesota|North Dakota",2,2
"40340","Rochester, MN Metro Area",148,0.189488486986859,65.41,"27039|27045|27109|27157","27","Minnesota",4,1
"10820","Alexandria, MN Micro Area",184,-0.171192192949675,52.54,"27041","27","Minnesota",1,1
"10660","Albert Lea, MN Micro Area",137,-1.07348821140878,8.86,"27047","27","Minnesota",1,1
"39860","Red Wing, MN Micro Area",159,-0.503807659468467,37.41,"27049","27","Minnesota",1,1
"29100","La Crosse-Onalaska, WI-MN Metro Area",191,-0.0118002423872118,59.14,"27055|55063|55123","27|55","Minnesota|Wisconsin",3,2
"24330","Grand Rapids, MN Micro Area",157,-0.34573892760133,44.32,"27061","27","Minnesota",1,1
"48820","Willmar, MN Micro Area",142,-0.920228431024648,16.32,"27067","27","Minnesota",1,1
"32140","Marshall, MN Micro Area",114,-1.16093983096493,7.03,"27083","27","Minnesota",1,1
"26780","Hutchinson, MN Micro Area",150,-0.594897450735663,31.78,"27085","27","Minnesota",1,1
"21860","Fairmont, MN Micro Area",115,-1.17739878781011,6.38,"27091","27","Minnesota",1,1
"12380","Austin, MN Micro Area",117,-0.869325003407062,18.16,"27099","27","Minnesota",1,1
"49380","Worthington, MN Micro Area",89,-1.35206358041338,2.59,"27105","27","Minnesota",1,1
"22260","Fergus Falls, MN Micro Area",179,-0.694414361669682,27.46,"27111","27","Minnesota",1,1
"24220","Grand Forks, ND-MN Metro Area",175,-0.0674811616319651,56.32,"27119|38035","27|38","Minnesota|North Dakota",2,2
"22060","Faribault-Northfield, MN Micro Area",135,0.020940687837086,60.54,"27131","27","Minnesota",1,1
"43620","Sioux Falls, SD-MN Metro Area",239,0.39943987258352,72,"27133|46083|46087|46099|46125","27|46","Minnesota|South Dakota",5,2
"36940","Owatonna, MN Micro Area",135,-0.549433263851501,34.38,"27147","27","Minnesota",1,1
"47420","Wahpeton, ND-MN Micro Area",112,-1.44846902682092,1.84,"27167|38077","27|38","Minnesota|North Dakota",2,2
"49100","Winona, MN Micro Area",155,-0.244931358307782,49.19,"27169","27","Minnesota",1,1
"18420","Corinth, MS Micro Area",136,-0.822504555474609,20.76,"28003","28","Mississippi",1,1
"17380","Cleveland, MS Micro Area",120,-1.00050880227249,11.57,"28011","28","Mississippi",1,1
"24900","Greenwood, MS Micro Area",123,-1.23387666887991,5.08,"28015|28083","28","Mississippi",2,1
"32940","Meridian, MS Micro Area",176,-0.600972365910001,31.68,"28023|28075","28","Mississippi",2,1
"17260","Clarksdale, MS Micro Area",113,-0.580455765399167,32.65,"28027","28","Mississippi",1,1
"27140","Jackson, MS Metro Area",230,-0.0500480759364376,57.3,"28029|28049|28051|28089|28121|28123|28127|28163","28","Mississippi",8,1
"25620","Hattiesburg, MS Metro Area",173,-0.566314341141222,33.3,"28035|28073|28111","28","Mississippi",3,1
"24980","Grenada, MS Micro Area",127,-1.06717560007783,9.08,"28043|28097","28","Mississippi",2,1
"25060","Gulfport-Biloxi, MS Metro Area",171,0.368485679711066,70.92,"28045|28047|28059|28131","28","Mississippi",4,1
"46180","Tupelo, MS Micro Area",190,-0.570091030781138,32.97,"28057|28081|28117","28","Mississippi",3,1
"29860","Laurel, MS Micro Area",128,-1.57679929540478,0.86,"28061|28067","28","Mississippi",2,1
"37060","Oxford, MS Micro Area",147,0.433269229204491,73.3,"28071|28161","28","Mississippi",2,1
"15020","Brookhaven, MS Micro Area",128,-1.24007277223737,4.76,"28085","28","Mississippi",1,1
"18060","Columbus, MS Micro Area",176,-0.831659922393248,20.43,"28087|28103","28","Mississippi",2,1
"44260","Starkville, MS Micro Area",110,-0.302718572825464,46.59,"28105|28155","28","Mississippi",2,1
"38100","Picayune, MS Micro Area",154,-0.786517138081528,22.49,"28109","28","Mississippi",1,1
"32620","McComb, MS Micro Area",141,-1.45430250201282,1.73,"28113|28147","28","Mississippi",2,1
"46980","Vicksburg, MS Micro Area",116,-0.627988936805432,30.7,"28149","28","Mississippi",1,1
"24740","Greenville, MS Micro Area",150,-1.12394399472306,7.89,"28151","28","Mississippi",1,1
"28860","Kirksville, MO Micro Area",125,-0.862850747366188,18.49,"29001|29197","29","Missouri",2,1
"33020","Mexico, MO Micro Area",134,-1.03905151156207,9.84,"29007","29","Missouri",1,1
"17860","Columbia, MO Metro Area",183,0.483709964486338,74.59,"29019|29053|29089","29","Missouri",3,1
"38740","Poplar Bluff, MO Micro Area",147,-0.902722722520756,16.86,"29023","29","Missouri",1,1
"27620","Jefferson City, MO Metro Area",172,-0.380514935496272,42.59,"29027|29051|29135|29151","29","Missouri",4,1
"44180","Springfield, MO Metro Area",250,0.232518086386514,67.14,"29043|29059|29077|29167|29225","29","Missouri",5,1
"28380","Kennett, MO Micro Area",101,-1.01107910060828,11.46,"29069","29","Missouri",1,1
"48460","West Plains, MO Micro Area",175,-0.821027799123362,20.97,"29091","29","Missouri",1,1
"47660","Warrensburg, MO Micro Area",97,-1.02645761313179,10.49,"29101","29","Missouri",1,1
"30060","Lebanon, MO Micro Area",132,-1.02235697647806,10.81,"29105","29","Missouri",1,1
"25300","Hannibal, MO Micro Area",160,-0.999112400725031,11.68,"29127|29173","29","Missouri",2,1
"43460","Sikeston, MO Micro Area",148,-0.922260466399782,16.11,"29133|29201","29","Missouri",2,1
"32340","Maryville, MO Micro Area",103,-1.35900928703788,2.49,"29147","29","Missouri",1,1
"42740","Sedalia, MO Micro Area",151,-0.938246112385514,15.78,"29159","29","Missouri",1,1
"40620","Rolla, MO Micro Area",137,-0.405926803732299,41.84,"29161","29","Missouri",1,1
"22780","Fort Leonard Wood, MO Micro Area",67,-0.568337591377467,33.19,"29169","29","Missouri",1,1
"33620","Moberly, MO Micro Area",117,-1.48479100752682,1.41,"29175","29","Missouri",1,1
"22100","Farmington, MO Micro Area",155,-0.691759440999653,27.57,"29187","29","Missouri",1,1
"32180","Marshall, MO Micro Area",98,-1.5696438990281,0.97,"29195","29","Missouri",1,1
"14700","Branson, MO Micro Area",147,1.53122795688795,91.68,"29213","29","Missouri",1,1
"25740","Helena, MT Metro Area",213,0.882479547513924,80.65,"30007|30043|30049","30","Montana",3,1
"13740","Billings, MT Metro Area",273,0.17157959608989,64.86,"30009|30095|30111","30","Montana",3,1
"24500","Great Falls, MT Metro Area",194,0.05299957864767,61.41,"30013","30","Montana",1,1
"28060","Kalispell, MT Micro Area",265,1.27490585583545,87.68,"30029","30","Montana",1,1
"14580","Bozeman, MT Metro Area",278,1.85863074143666,94.59,"30031","30","Montana",1,1
"33540","Missoula, MT Metro Area",273,1.1588096518043,86.27,"30061|30063","30","Montana",2,1
"15580","Butte-Silver Bow, MT Micro Area",178,0.0208262452919561,60.43,"30093","30","Montana",1,1
"25580","Hastings, NE Micro Area",156,-1.22092150012269,5.62,"31001|31035|31181","31","Nebraska",3,1
"42420","Scottsbluff, NE Micro Area",156,-0.890504566338303,17.19,"31007|31157","31","Nebraska",2,1
"28260","Kearney, NE Micro Area",177,-0.439382542532666,40.76,"31019|31099","31","Nebraska",2,1
"18100","Columbus, NE Micro Area",142,-1.02997199645282,10.27,"31037|31141","31","Nebraska",2,1
"30420","Lexington, NE Micro Area",97,-1.7333532979541,0.43,"31047|31073","31","Nebraska",2,1
"23340","Fremont, NE Micro Area",147,-0.972777496708492,13.73,"31053","31","Nebraska",1,1
"13100","Beatrice, NE Micro Area",130,-1.23265497071647,5.19,"31067","31","Nebraska",1,1
"24260","Grand Island, NE Metro Area",178,-0.799911171086082,21.51,"31079|31093|31121","31","Nebraska",3,1
"30700","Lincoln, NE Metro Area",228,0.780314548709622,79.57,"31109|31159","31","Nebraska",2,1
"35820","North Platte, NE Micro Area",148,-0.705047530343001,26.59,"31111|31113","31","Nebraska",2,1
"35740","Norfolk, NE Micro Area",179,-0.67100335593315,28.54,"31119|31139|31167","31","Nebraska",3,1
"21980","Fallon, NV Micro Area",117,-0.334217494689222,44.76,"32001","32","Nevada",1,1
"29820","Las Vegas-Henderson-North Las Vegas, NV Metro Area",234,2.38864129956203,97.84,"32003","32","Nevada",1,1
"21220","Elko, NV Micro Area",128,-0.584780032897203,32.54,"32007|32011","32","Nevada",2,1
"49080","Winnemucca, NV Micro Area",93,-1.21959074971392,5.73,"32013","32","Nevada",1,1
"39900","Reno, NV Metro Area",284,1.26135625749655,87.46,"32019|32029|32031","32","Nevada",3,1
"37220","Pahrump, NV Micro Area",147,0.349937689284257,70.59,"32023","32","Nevada",1,1
"16180","Carson City, NV Metro Area",171,0.633975195984332,77.3,"32510","32","Nevada",1,1
"29060","Laconia, NH Micro Area",200,0.686991134843739,78.49,"33001","33","New Hampshire",1,1
"28300","Keene, NH Micro Area",203,0.532364880444229,75.14,"33005","33","New Hampshire",1,1
"30150","Lebanon-Claremont, NH-VT Micro Area",218,1.10104948615537,84.65,"33009|33019|50017|50027","33|50","New Hampshire|Vermont",4,2
"31700","Manchester-Nashua, NH Metro Area",276,1.71106702874363,93.19,"33011","33","New Hampshire",1,1
"18180","Concord, NH Micro Area",237,1.00348832063166,82.7,"33013","33","New Hampshire",1,1
"12100","Atlantic City-Hammonton, NJ Metro Area",184,1.12457516852253,85.08,"34001|34009","34","New Jersey",2,1
"35620","New York-Newark-Jersey City, NY-NJ Metro Area",289,3.48281109930789,99.57,"34003|34013|34017|34019|34023|34025|34027|34029|34031|34035|34037|34039|36005|36047|36059|36061|36079|36081|36085|36087|36103|36119","34|36","New Jersey|New York",22,2
"47220","Vineland, NJ Metro Area",183,-0.154144085217733,53.08,"34011","34","New Jersey",1,1
"45940","Trenton-Princeton, NJ Metro Area",166,2.76218543217501,98.7,"34021","34","New Jersey",1,1
"10900","Allentown-Bethlehem-Easton, PA-NJ Metro Area",274,0.890245299107603,80.86,"34041|42025|42077|42095","34|42","New Jersey|Pennsylvania",4,2
"10740","Albuquerque, NM Metro Area",231,1.52443163369102,91.57,"35001|35043|35057|35061","35","New Mexico",4,1
"40740","Roswell, NM Micro Area",160,-0.617141349488733,30.81,"35005","35","New Mexico",1,1
"17580","Clovis, NM Micro Area",123,-1.0664917449982,9.19,"35009|35041","35","New Mexico",2,1
"29740","Las Cruces, NM Metro Area",187,0.448911911237609,73.95,"35013","35","New Mexico",1,1
"16100","Carlsbad-Artesia, NM Micro Area",150,-0.744114118546081,24.54,"35015","35","New Mexico",1,1
"43500","Silver City, NM Micro Area",116,-0.324124906944734,45.3,"35017","35","New Mexico",1,1
"26020","Hobbs, NM Micro Area",107,-1.23664719037003,4.97,"35025","35","New Mexico",1,1
"40760","Ruidoso, NM Micro Area",156,0.634629459894659,77.41,"35027","35","New Mexico",1,1
"31060","Los Alamos, NM Micro Area",27,2.35020744724453,97.62,"35028","35","New Mexico",1,1
"19700","Deming, NM Micro Area",103,-0.886699391102127,17.62,"35029","35","New Mexico",1,1
"23700","Gallup, NM Micro Area",126,-0.452771636563512,39.57,"35031","35","New Mexico",1,1
"29780","Las Vegas, NM Micro Area",108,-0.107927932876429,55.03,"35033|35047","35","New Mexico",2,1
"10460","Alamogordo, NM Micro Area",107,-0.0949270328059394,55.68,"35035","35","New Mexico",1,1
"21580","Española, NM Micro Area",113,0.181066554826581,64.97,"35039","35","New Mexico",1,1
"22140","Farmington, NM Metro Area",170,-0.760645932986012,23.68,"35045","35","New Mexico",1,1
"42140","Santa Fe, NM Metro Area",204,2.0374994579671,95.78,"35049","35","New Mexico",1,1
"45340","Taos, NM Micro Area",169,1.11427037962004,84.86,"35055","35","New Mexico",1,1
"10580","Albany-Schenectady-Troy, NY Metro Area",225,1.38678071821269,89.51,"36001|36083|36091|36093|36095","36","New York",5,1
"13780","Binghamton, NY Metro Area",194,0.637281308856515,77.51,"36007|36107","36","New York",2,1
"36460","Olean, NY Micro Area",144,-0.55863063059068,33.84,"36009","36","New York",1,1
"12180","Auburn, NY Micro Area",161,-0.238401342505662,49.51,"36011","36","New York",1,1
"27460","Jamestown-Dunkirk, NY Micro Area",190,-0.168922886232155,52.76,"36013","36","New York",1,1
"21300","Elmira, NY Metro Area",190,-0.0104546088146573,59.24,"36015","36","New York",1,1
"38460","Plattsburgh, NY Micro Area",159,0.260857547905893,67.89,"36019","36","New York",1,1
"26460","Hudson, NY Micro Area",186,0.982850644746773,82.05,"36021","36","New York",1,1
"18660","Cortland, NY Micro Area",137,-0.145097771710082,53.73,"36023","36","New York",1,1
"28880","Kiryas Joel-Poughkeepsie-Newburgh, NY Metro Area",260,1.12409265231635,84.97,"36027|36071","36","New York",2,1
"15380","Buffalo-Cheektowaga, NY Metro Area",294,1.13806369360127,85.73,"36029|36063","36","New York",2,1
"24100","Gloversville, NY Micro Area",139,-0.0376104006009606,58.05,"36035","36","New York",1,1
"12860","Batavia, NY Micro Area",166,-0.249063595784307,48.97,"36037","36","New York",1,1
"46540","Utica-Rome, NY Metro Area",222,0.379866315519129,71.35,"36043|36065","36","New York",2,1
"48060","Watertown-Fort Drum, NY Metro Area",125,-0.244027921383676,49.41,"36045","36","New York",1,1
"40380","Rochester, NY Metro Area",245,1.4958989679071,91.24,"36051|36055|36069|36073|36117","36","New York",5,1
"45060","Syracuse, NY Metro Area",250,1.02415065622567,83.35,"36053|36067|36075","36","New York",3,1
"11220","Amsterdam, NY Micro Area",123,-0.223970674516439,50.27,"36057","36","New York",1,1
"36580","Oneonta, NY Micro Area",138,0.224210222907465,66.81,"36077","36","New York",1,1
"32390","Massena-Ogdensburg, NY Micro Area",136,-0.544651143912472,35.03,"36089","36","New York",1,1
"42900","Seneca Falls, NY Micro Area",130,-0.464504447635823,38.7,"36099","36","New York",1,1
"18500","Corning, NY Micro Area",132,-0.126760285424519,54.16,"36101","36","New York",1,1
"33910","Monticello, NY Micro Area",136,0.342669110166735,70.38,"36105","36","New York",1,1
"27060","Ithaca, NY Metro Area",137,1.71657524518096,93.3,"36109","36","New York",1,1
"28740","Kingston, NY Metro Area",244,1.35072116759248,89.08,"36111","36","New York",1,1
"24020","Glens Falls, NY Metro Area",190,0.443241753316742,73.73,"36113|36115","36","New York",2,1
"15500","Burlington, NC Metro Area",198,0.159757155063687,64.54,"37001","37","North Carolina",1,1
"25860","Hickory-Lenoir-Morganton, NC Metro Area",231,0.269607059089782,68.22,"37003|37023|37027|37035","37","North Carolina",4,1
"16740","Charlotte-Concord-Gastonia, NC-SC Metro Area",349,1.41550529229277,89.95,"37007|37025|37071|37097|37109|37119|37159|37179|45023|45057|45091","37|45","North Carolina|South Carolina",11,2
"47820","Washington, NC Micro Area",155,-0.511800835803222,36.97,"37013","37","North Carolina",1,1
"48900","Wilmington, NC Metro Area",263,1.25645526685608,87.35,"37019|37129|37141","37","North Carolina",3,1
"11700","Asheville, NC Metro Area",286,1.32734740792583,88.86,"37021|37089|37115","37","North Carolina",3,1
"47260","Virginia Beach-Chesapeake-Norfolk, VA-NC Metro Area",208,1.27184915817754,87.57,"37029|37053|37073|51073|51093|51095|51115|51181|51199|51550|51650|51700|51710|51735|51740|51800|51810|51830","37|51","North Carolina|Virginia",18,2
"33980","Morehead City, NC Micro Area",189,1.12566447136428,85.3,"37031","37","North Carolina",1,1
"20500","Durham-Chapel Hill, NC Metro Area",161,2.9819424826304,98.92,"37037|37063|37135|37145","37","North Carolina",4,1
"43140","Shelby-Kings Mountain, NC Micro Area",167,-0.28968856766355,47.14,"37045","37","North Carolina",1,1
"35100","New Bern, NC Micro Area",143,0.0965206245652822,62.81,"37049|37103|37137","37","North Carolina",3,1
"22180","Fayetteville, NC Metro Area",108,0.20849328776414,66.16,"37051|37093","37","North Carolina",2,1
"28620","Kill Devil Hills, NC Micro Area",156,1.46124343346598,90.49,"37055","37","North Carolina",1,1
"49180","Winston-Salem, NC Metro Area",270,0.603557448544978,76.76,"37057|37059|37067|37169|37197","37","North Carolina",5,1
"40580","Rocky Mount, NC Metro Area",173,-0.443894405679772,40.43,"37065|37127","37","North Carolina",2,1
"39580","Raleigh-Cary, NC Metro Area",278,2.20699781437482,97.08,"37069|37101|37183","37","North Carolina",3,1
"24660","Greensboro-High Point, NC Metro Area",295,0.58352163050196,76.22,"37081|37151|37157","37","North Carolina",3,1
"40260","Roanoke Rapids, NC Micro Area",145,-0.982525040244602,12.86,"37083|37131","37","North Carolina",2,1
"11360","Anderson Creek, NC Micro Area",161,-0.212352023472885,50.92,"37085","37","North Carolina",1,1
"48200","Waynesville, NC Micro Area",179,0.299575407078551,68.76,"37087","37","North Carolina",1,1
"41820","Sanford, NC Micro Area",144,-0.16750244690341,52.86,"37105","37","North Carolina",1,1
"28820","Kinston, NC Micro Area",123,-0.451009527280548,39.78,"37107","37","North Carolina",1,1
"32000","Marion, NC Micro Area",126,-0.602053926817212,31.57,"37111","37","North Carolina",1,1
"38240","Pinehurst-Southern Pines, NC Metro Area",182,0.900052797066068,80.97,"37125","37","North Carolina",1,1
"27340","Jacksonville, NC Metro Area",90,1.01105013965219,82.92,"37133","37","North Carolina",1,1
"21020","Elizabeth City, NC Micro Area",123,-0.110360885497876,54.81,"37139","37","North Carolina",1,1
"24780","Greenville, NC Metro Area",158,0.265661045360031,68.11,"37147","37","North Carolina",1,1
"40460","Rockingham, NC Micro Area",130,-0.427554603252369,41.08,"37153","37","North Carolina",1,1
"31300","Lumberton, NC Micro Area",148,-0.799873221987962,21.62,"37155","37","North Carolina",1,1
"22580","Forest City, NC Micro Area",171,-0.246443578374125,49.08,"37161","37","North Carolina",1,1
"29900","Laurinburg, NC Micro Area",111,-1.12670155832169,7.78,"37165","37","North Carolina",1,1
"10620","Albemarle, NC Micro Area",173,-0.529053386253138,36,"37167","37","North Carolina",1,1
"34340","Mount Airy, NC Micro Area",159,-0.643059002921757,29.62,"37171","37","North Carolina",1,1
"14820","Brevard, NC Micro Area",143,1.14826939101592,86.05,"37175","37","North Carolina",1,1
"25780","Henderson, NC Micro Area",131,-0.447490492260958,40,"37181","37","North Carolina",1,1
"14380","Boone, NC Micro Area",144,1.28695111517232,88.11,"37189","37","North Carolina",1,1
"24140","Goldsboro, NC Metro Area",158,-0.445140647585148,40.32,"37191","37","North Carolina",1,1
"35900","North Wilkesboro, NC Micro Area",147,-0.603210432399046,31.46,"37193","37","North Carolina",1,1
"48980","Wilson, NC Micro Area",162,-0.377583797246424,42.81,"37195","37","North Carolina",1,1
"19860","Dickinson, ND Micro Area",159,-0.864659813419924,18.27,"38007|38025|38089","38","North Dakota",3,1
"13900","Bismarck, ND Metro Area",221,-0.0882549119164296,55.89,"38015|38059|38065","38","North Dakota",3,1
"33500","Minot, ND Metro Area",167,-0.476548467750298,38.38,"38049|38075|38101","38","North Dakota",3,1
"27420","Jamestown, ND Micro Area",120,-1.28108766504364,3.35,"38093","38","North Dakota",1,1
"48780","Williston, ND Micro Area",124,-1.0375146670042,9.95,"38105","38","North Dakota",1,1
"30620","Lima, OH Metro Area",208,-0.178917220673938,52.22,"39003","39","Ohio",1,1
"11740","Ashland, OH Micro Area",156,-0.414348999787814,41.3,"39005","39","Ohio",1,1
"17410","Cleveland, OH Metro Area",334,1.16794020005416,86.59,"39007|39035|39055|39085|39093|39103","39","Ohio",6,1
"11900","Athens, OH Micro Area",115,0.32801760838634,69.62,"39009","39","Ohio",1,1
"47540","Wapakoneta, OH Micro Area",137,-0.524860892925326,36.22,"39011","39","Ohio",1,1
"48540","Wheeling, WV-OH Metro Area",192,-0.236398552408585,49.62,"39013|54051|54069","39|54","Ohio|West Virginia",3,2
"15940","Canton-Massillon, OH Metro Area",291,-0.0177666444399697,58.81,"39019|39151","39","Ohio",2,1
"46500","Urbana, OH Micro Area",124,-0.996715905855757,11.89,"39021","39","Ohio",1,1
"44220","Springfield, OH Metro Area",172,-0.506957482010882,37.3,"39023","39","Ohio",1,1
"48940","Wilmington, OH Micro Area",115,-0.177270263956069,52.32,"39027","39","Ohio",1,1
"41400","Salem, OH Micro Area",207,-0.606336848502837,31.35,"39029","39","Ohio",1,1
"18740","Coshocton, OH Micro Area",160,-0.666360158402076,29.08,"39031","39","Ohio",1,1
"15340","Bucyrus, OH Micro Area",157,-1.13389998406155,7.46,"39033","39","Ohio",1,1
"24820","Greenville, OH Micro Area",164,-0.946569903150839,14.81,"39037","39","Ohio",1,1
"19580","Defiance, OH Micro Area",138,-0.789653788389794,22.38,"39039","39","Ohio",1,1
"18140","Columbus, OH Metro Area",251,1.46084214653001,90.38,"39041|39045|39049|39073|39089|39097|39117|39127|39129|39159","39","Ohio",10,1
"41780","Sandusky, OH Metro Area",184,0.259487278415619,67.78,"39043|39123","39","Ohio",2,1
"47920","Washington Court House, OH Micro Area",122,-0.728102609109118,25.62,"39047","39","Ohio",1,1
"45780","Toledo, OH Metro Area",273,0.138228786120614,64.43,"39051|39095|39173","39","Ohio",3,1
"23680","Gallipolis, OH Micro Area",104,-0.845272088854842,19.35,"39053","39","Ohio",1,1
"19430","Dayton-Kettering-Beavercreek, OH Metro Area",252,0.82145487983006,80.11,"39057|39109|39113","39","Ohio",3,1
"15740","Cambridge, OH Micro Area",141,-0.968632340006566,14.05,"39059","39","Ohio",1,1
"22300","Findlay, OH Micro Area",150,-0.82158127786017,20.86,"39063","39","Ohio",1,1
"35940","Norwalk, OH Micro Area",148,-0.754453395286752,24,"39077","39","Ohio",1,1
"48260","Weirton-Steubenville, WV-OH Metro Area",179,-0.235283115046817,49.73,"39081|54009|54029","39|54","Ohio|West Virginia",3,2
"34540","Mount Vernon, OH Micro Area",166,-0.84030216548286,19.68,"39083","39","Ohio",1,1
"13340","Bellefontaine, OH Micro Area",127,-0.481599675497192,38.05,"39091","39","Ohio",1,1
"49660","Youngstown-Warren, OH Metro Area",275,0.0757825630845757,62.27,"39099|39155","39","Ohio",2,1
"32020","Marion, OH Micro Area",132,-0.709355447185045,26.27,"39101","39","Ohio",1,1
"16380","Celina, OH Micro Area",135,-1.13386486472149,7.57,"39107","39","Ohio",1,1
"49780","Zanesville, OH Micro Area",171,-0.97699117059888,13.41,"39119","39","Ohio",1,1
"10420","Akron, OH Metro Area",294,0.590058079061841,76.32,"39133|39153","39","Ohio",2,1
"31900","Mansfield, OH Metro Area",200,-0.346011601351839,44.22,"39139","39","Ohio",1,1
"17060","Chillicothe, OH Micro Area",137,-0.555687438922598,34.05,"39141","39","Ohio",1,1
"23380","Fremont, OH Micro Area",148,-0.782148790366166,22.81,"39143","39","Ohio",1,1
"39020","Portsmouth, OH Micro Area",130,-0.608253091748695,31.14,"39145","39","Ohio",1,1
"45660","Tiffin, OH Micro Area",149,-0.547162166075799,34.7,"39147","39","Ohio",1,1
"43380","Sidney, OH Micro Area",119,-1.03414239513414,10.05,"39149","39","Ohio",1,1
"35420","New Philadelphia-Dover, OH Micro Area",249,-0.76464952619736,23.35,"39157","39","Ohio",1,1
"46780","Van Wert, OH Micro Area",117,-1.2702025511633,3.89,"39161","39","Ohio",1,1
"31930","Marietta, OH Micro Area",160,-0.564495534872589,33.62,"39167","39","Ohio",1,1
"49300","Wooster, OH Micro Area",222,-0.636073905056486,29.95,"39169","39","Ohio",1,1
"21120","Elk City, OK Micro Area",101,-1.57858695355249,0.76,"40009","40","Oklahoma",1,1
"20460","Durant, OK Micro Area",123,-0.99512527518751,12.11,"40013","40","Oklahoma",1,1
"36420","Oklahoma City, OK Metro Area",261,0.566779700044753,75.68,"40017|40027|40051|40081|40083|40087|40109","40","Oklahoma",7,1
"11620","Ardmore, OK Micro Area",161,-0.421474261376769,41.19,"40019","40","Oklahoma",1,1
"45140","Tahlequah, OK Micro Area",82,-0.972496041204077,13.84,"40021","40","Oklahoma",1,1
"30020","Lawton, OK Metro Area",117,-0.300699222865453,46.7,"40031|40033","40","Oklahoma",2,1
"46140","Tulsa, OK Metro Area",300,0.682658318140647,78.16,"40037|40111|40113|40117|40131|40143|40145","40","Oklahoma",7,1
"48220","Weatherford, OK Micro Area",141,-1.22504032168064,5.41,"40039|40149","40","Oklahoma",2,1
"21420","Enid, OK Metro Area",163,-0.472802163725198,38.49,"40047","40","Oklahoma",1,1
"11060","Altus, OK Micro Area",89,-1.26754121909604,4,"40065","40","Oklahoma",1,1
"38620","Ponca City, OK Micro Area",142,-1.33610474071671,3.03,"40071","40","Oklahoma",1,1
"34780","Muskogee, OK Micro Area",151,-0.840632978246854,19.57,"40101","40","Oklahoma",1,1
"33060","Miami, OK Micro Area",115,-0.833425428430208,20.22,"40115","40","Oklahoma",1,1
"44660","Stillwater, OK Micro Area",141,-0.152301927402465,53.3,"40119","40","Oklahoma",1,1
"32540","McAlester, OK Micro Area",134,-0.990474619841921,12.32,"40121","40","Oklahoma",1,1
"10220","Ada, OK Micro Area",115,-0.376271801652476,42.92,"40123","40","Oklahoma",1,1
"43060","Shawnee, OK Micro Area",155,-0.637228033895446,29.84,"40125","40","Oklahoma",1,1
"20340","Duncan, OK Micro Area",135,-1.14578034390065,7.24,"40137","40","Oklahoma",1,1
"25100","Guymon, OK Micro Area",79,-1.80360105283293,0.32,"40139","40","Oklahoma",1,1
"12780","Bartlesville, OK Micro Area",144,-0.275320526999553,47.68,"40147","40","Oklahoma",1,1
"49260","Woodward, OK Micro Area",136,-1.24316423203878,4.54,"40153","40","Oklahoma",1,1
"12520","Baker City, OR Micro Area",140,-0.00493258987909303,59.46,"41001","41","Oregon",1,1
"18700","Corvallis, OR Metro Area",151,1.27959034576938,87.78,"41003","41","Oregon",1,1
"38900","Portland-Vancouver-Hillsboro, OR-WA Metro Area",357,2.11044522067716,96.11,"41005|41009|41051|41067|41071|53011|53059","41|53","Oregon|Washington",7,2
"11820","Astoria, OR Micro Area",161,1.0377465993897,83.57,"41007","41","Oregon",1,1
"18300","Coos Bay-North Bend, OR Micro Area",178,0.328892170980492,69.73,"41011","41","Oregon",1,1
"13460","Bend, OR Metro Area",281,1.35177341035154,89.19,"41013|41017|41031","41","Oregon",3,1
"15060","Brookings, OR Micro Area",153,0.643907721419974,77.62,"41015","41","Oregon",1,1
"40700","Roseburg, OR Micro Area",181,-0.295401628054343,46.92,"41019","41","Oregon",1,1
"26220","Hood River, OR Micro Area",137,1.05621858325729,83.68,"41027","41","Oregon",1,1
"32780","Medford, OR Metro Area",271,0.681838330614168,78.05,"41029","41","Oregon",1,1
"24420","Grants Pass, OR Metro Area",195,0.41985556395216,72.76,"41033","41","Oregon",1,1
"28900","Klamath Falls, OR Micro Area",184,-0.333598220443541,44.86,"41035","41","Oregon",1,1
"21660","Eugene-Springfield, OR Metro Area",279,1.01105057336374,83.03,"41039","41","Oregon",1,1
"35440","Newport, OR Micro Area",146,1.1600876997341,86.38,"41041","41","Oregon",1,1
"10540","Albany, OR Metro Area",195,-0.348349204335214,44,"41043","41","Oregon",1,1
"41420","Salem, OR Metro Area",216,0.398894767164828,71.89,"41047|41053","41","Oregon",2,1
"25840","Hermiston-Pendleton, OR Micro Area",141,-0.767518960012328,23.03,"41049|41059","41","Oregon",2,1
"29260","La Grande, OR Micro Area",144,-0.523393167955427,36.43,"41061","41","Oregon",1,1
"45520","The Dalles, OR Micro Area",132,-0.323578960971113,45.62,"41065","41","Oregon",1,1
"23900","Gettysburg, PA Metro Area",187,0.0213750285952094,60.65,"42001","42","Pennsylvania",1,1
"38300","Pittsburgh, PA Metro Area",319,0.833119530191537,80.22,"42003|42005|42007|42019|42051|42073|42125|42129","42","Pennsylvania",8,1
"39740","Reading, PA Metro Area",265,0.383176031238512,71.57,"42011","42","Pennsylvania",1,1
"11020","Altoona, PA Metro Area",215,-0.20856336884747,51.24,"42013","42","Pennsylvania",1,1
"42380","Sayre, PA Micro Area",146,-0.874632483783502,18.05,"42015","42","Pennsylvania",1,1
"27780","Johnstown, PA Metro Area",204,-0.102198766453081,55.24,"42021","42","Pennsylvania",1,1
"44300","State College, PA Metro Area",146,0.916277586598884,81.3,"42027","42","Pennsylvania",1,1
"20180","DuBois, PA Micro Area",170,-0.859843443534697,18.59,"42033","42","Pennsylvania",1,1
"30820","Lock Haven, PA Micro Area",145,-0.570052787223769,33.08,"42035","42","Pennsylvania",1,1
"14100","Bloomsburg-Berwick, PA Micro Area",159,-0.323967097046215,45.51,"42037","42","Pennsylvania",1,1
"32740","Meadville, PA Micro Area",198,-0.387629410876816,42.38,"42039","42","Pennsylvania",1,1
"25420","Harrisburg-Carlisle, PA Metro Area",205,1.07037474513005,84.11,"42041|42043|42099","42","Pennsylvania",3,1
"41260","St. Marys, PA Micro Area",128,-0.728568633040892,25.51,"42047","42","Pennsylvania",1,1
"21500","Erie, PA Metro Area",228,0.392619995000119,71.68,"42049","42","Pennsylvania",1,1
"16540","Chambersburg, PA Metro Area",190,-0.585699936085799,32.43,"42055","42","Pennsylvania",1,1
"26500","Huntingdon, PA Micro Area",133,-0.878123418092042,17.84,"42061","42","Pennsylvania",1,1
"26860","Indiana, PA Micro Area",180,-0.705508780362323,26.49,"42063","42","Pennsylvania",1,1
"42540","Scranton--Wilkes-Barre, PA Metro Area",261,0.248978294820824,67.57,"42069|42079|42131","42","Pennsylvania",3,1
"29540","Lancaster, PA Metro Area",329,0.487433262899515,74.7,"42071","42","Pennsylvania",1,1
"30140","Lebanon, PA Metro Area",198,-0.479579685911356,38.16,"42075","42","Pennsylvania",1,1
"48700","Williamsport, PA Metro Area",218,-0.145804440905019,53.62,"42081","42","Pennsylvania",1,1
"14620","Bradford, PA Micro Area",139,-0.944724308786865,15.03,"42083","42","Pennsylvania",1,1
"25850","Hermitage, PA Micro Area",195,-0.400858889418149,42.16,"42085","42","Pennsylvania",1,1
"30380","Lewistown, PA Micro Area",168,-0.975062061889682,13.51,"42087","42","Pennsylvania",1,1
"20700","East Stroudsburg, PA Micro Area",171,0.568520362820538,76,"42089","42","Pennsylvania",1,1
"44980","Sunbury, PA Micro Area",173,-0.220105360388908,50.49,"42093|42097","42","Pennsylvania",2,1
"25770","Hemlock Farms, PA Micro Area",136,0.409146991148709,72.32,"42103","42","Pennsylvania",1,1
"39060","Pottsville, PA Micro Area",199,-0.487770637520225,37.73,"42107","42","Pennsylvania",1,1
"42780","Selinsgrove, PA Micro Area",150,-0.785373601453525,22.59,"42109","42","Pennsylvania",1,1
"43740","Somerset, PA Micro Area",198,-0.564881379180266,33.51,"42111","42","Pennsylvania",1,1
"30260","Lewisburg, PA Micro Area",122,-0.413964287835137,41.41,"42119","42","Pennsylvania",1,1
"36340","Oil City, PA Micro Area",174,-0.379125552664772,42.7,"42121","42","Pennsylvania",1,1
"47620","Warren, PA Micro Area",137,-0.909866523510427,16.65,"42123","42","Pennsylvania",1,1
"49620","York-Hanover, PA Metro Area",270,0.312646566628215,69.41,"42133","42","Pennsylvania",1,1
"24940","Greenwood, SC Micro Area",163,-0.254789251167539,48.54,"45001|45047","45","South Carolina",2,1
"24860","Greenville-Anderson-Greer, SC Metro Area",286,0.623215481209871,77.08,"45007|45045|45059|45077","45","South Carolina",4,1
"25940","Hilton Head Island-Bluffton-Port Royal, SC Metro Area",199,1.67091283064532,92.54,"45013|45053","45","South Carolina",2,1
"16700","Charleston-North Charleston, SC Metro Area",302,1.61188342981579,92.11,"45015|45019|45035","45","South Carolina",3,1
"17900","Columbia, SC Metro Area",276,0.786049627202072,79.78,"45017|45039|45055|45063|45079|45081","45","South Carolina",6,1
"23500","Gaffney, SC Micro Area",148,-0.225776447570479,50.16,"45021","45","South Carolina",1,1
"22500","Florence, SC Metro Area",188,-0.27467522031955,47.78,"45031|45041","45","South Carolina",2,1
"34680","Murrells Inlet, SC Micro Area",162,0.717297926190138,79.03,"45043","45","South Carolina",1,1
"34820","Myrtle Beach-Conway-North Myrtle Beach, SC Metro Area",235,1.4262990656716,90.05,"45051","45","South Carolina",1,1
"35140","Newberry, SC Micro Area",119,-0.748982226129297,24.22,"45071","45","South Carolina",1,1
"42860","Seneca, SC Micro Area",179,0.377254500707839,71.14,"45073","45","South Carolina",1,1
"36700","Orangeburg, SC Micro Area",162,-0.743014573879875,24.76,"45075","45","South Carolina",1,1
"43900","Spartanburg, SC Metro Area",245,0.132460245054368,63.89,"45083|45087","45","South Carolina",2,1
"44940","Sumter, SC Metro Area",152,-0.266289358725263,48,"45085","45","South Carolina",1,1
"26700","Huron, SD Micro Area",123,-1.25779623396311,4.22,"46005","46","South Dakota",1,1
"15100","Brookings, SD Micro Area",129,-0.12826773981507,53.95,"46011","46","South Dakota",1,1
"10100","Aberdeen, SD Micro Area",173,-0.696800584406285,27.35,"46013|46045","46","South Dakota",2,1
"46820","Vermillion, SD Micro Area",77,-0.250085664830269,48.86,"46027","46","South Dakota",1,1
"47980","Watertown, SD Micro Area",170,-0.544754043235266,34.92,"46029","46","South Dakota",1,1
"39660","Rapid City, SD Metro Area",246,0.382202906400951,71.46,"46033|46093|46103","46","South Dakota",3,1
"33580","Mitchell, SD Micro Area",154,-0.451054976570527,39.68,"46035|46061|46111","46","South Dakota",3,1
"38180","Pierre, SD Micro Area",129,-0.185171652956828,51.89,"46065|46117","46","South Dakota",2,1
"43940","Spearfish, SD Micro Area",166,0.433503181173829,73.41,"46081","46","South Dakota",1,1
"49460","Yankton, SD Micro Area",142,-0.573374129842021,32.76,"46135","46","South Dakota",1,1
"28940","Knoxville, TN Metro Area",270,0.839426296573046,80.32,"47001|47009|47013|47057|47093|47105|47129|47145|47173","47","Tennessee",9,1
"43180","Shelbyville, TN Micro Area",136,-0.651341925466548,29.41,"47003","47","Tennessee",1,1
"17420","Cleveland, TN Metro Area",197,0.0878908170771788,62.38,"47011|47139","47","Tennessee",2,1
"34980","Nashville-Davidson--Murfreesboro--Franklin, TN Metro Area",328,1.89779778201063,94.92,"47015|47021|47037|47043|47081|47111|47119|47147|47149|47159|47165|47169|47187|47189","47","Tennessee",14,1
"27740","Johnson City, TN Metro Area",191,0.295957888533946,68.54,"47019|47171|47179","47","Tennessee",3,1
"27180","Jackson, TN Metro Area",211,-0.456558571010767,39.24,"47023|47033|47053|47113","47","Tennessee",4,1
"35460","Newport, TN Micro Area",118,-0.508392767895747,37.19,"47029","47","Tennessee",1,1
"46100","Tullahoma-Manchester, TN Micro Area",145,-0.0242270602536343,58.59,"47031|47127","47","Tennessee",2,1
"18900","Crossville, TN Micro Area",165,-0.0582611097985089,56.65,"47035","47","Tennessee",1,1
"20540","Dyersburg, TN Micro Area",117,-1.17348792682848,6.59,"47045","47","Tennessee",1,1
"49010","Winchester, TN Micro Area",131,-0.634365168591195,30.16,"47051","47","Tennessee",1,1
"24620","Greeneville, TN Micro Area",154,-0.834309923853581,20.11,"47059","47","Tennessee",1,1
"34100","Morristown, TN Metro Area",186,-0.483097901640233,37.95,"47063|47089","47","Tennessee",2,1
"28700","Kingsport-Bristol, TN-VA Metro Area",227,-0.0490161552484958,57.51,"47073|47163|51169|51191|51520","47|51","Tennessee|Virginia",5,2
"37540","Paris, TN Micro Area",153,-0.589862910102893,32.22,"47079","47","Tennessee",1,1
"18260","Cookeville, TN Micro Area",200,-0.356265246816414,43.68,"47087|47133|47141|47185","47","Tennessee",4,1
"29980","Lawrenceburg, TN Micro Area",145,-0.922214155763888,16.22,"47099","47","Tennessee",1,1
"22190","Fayetteville, TN Micro Area",126,-0.713490481281006,26.16,"47103","47","Tennessee",1,1
"11940","Athens, TN Micro Area",157,-1.0651899799754,9.3,"47107|47121","47","Tennessee",2,1
"30280","Lewisburg, TN Micro Area",139,-0.530254829291752,35.89,"47117","47","Tennessee",1,1
"46460","Union City, TN Micro Area",127,-1.12203384086995,8.11,"47131","47","Tennessee",1,1
"42940","Sevierville, TN Micro Area",142,1.58162597610557,91.89,"47155","47","Tennessee",1,1
"32660","McMinnville, TN Micro Area",144,-0.73832735492194,24.86,"47177","47","Tennessee",1,1
"32280","Martin, TN Micro Area",119,-0.765384910752267,23.14,"47183","47","Tennessee",1,1
"37300","Palestine, TX Micro Area",151,0.294765569988485,68.43,"48001","48","Texas",1,1
"11380","Andrews, TX Micro Area",85,-0.952237914047519,14.49,"48003","48","Texas",1,1
"31260","Lufkin, TX Micro Area",168,-0.613174603029048,30.92,"48005","48","Texas",1,1
"18580","Corpus Christi, TX Metro Area",231,0.226847972462265,66.92,"48007|48355|48409","48","Texas",3,1
"48660","Wichita Falls, TX Metro Area",177,-0.551008109851307,34.27,"48009|48077|48485","48","Texas",3,1
"11100","Amarillo, TX Metro Area",250,-0.322749797451999,45.73,"48011|48065|48359|48375|48381","48","Texas",5,1
"41700","San Antonio-New Braunfels, TX Metro Area",251,0.842337358883352,80.43,"48013|48019|48029|48091|48187|48259|48325|48493","48","Texas",8,1
"26420","Houston-Pasadena-The Woodlands, TX Metro Area",335,1.2015847896913,87.14,"48015|48039|48071|48157|48167|48201|48291|48339|48407|48473","48","Texas",10,1
"12420","Austin-Round Rock-San Marcos, TX Metro Area",286,3.09842459418012,99.03,"48021|48055|48209|48453|48491","48","Texas",5,1
"13300","Beeville, TX Micro Area",101,-0.700774910112582,27.03,"48025","48","Texas",1,1
"28660","Killeen-Temple, TX Metro Area",150,-0.0777140486789554,56,"48027|48099|48281","48","Texas",3,1
"47380","Waco, TX Metro Area",227,0.130176996528422,63.78,"48035|48145|48309","48","Texas",3,1
"17780","College Station-Bryan, TX Metro Area",170,0.337137665996483,70.16,"48041|48051|48395","48","Texas",3,1
"10860","Alice, TX Micro Area",93,-1.36954251205295,2.38,"48047|48249","48","Texas",2,1
"15220","Brownwood, TX Micro Area",142,-0.83494398977242,19.89,"48049","48","Texas",1,1
"38920","Port Lavaca, TX Micro Area",85,-0.102684277190204,55.14,"48057","48","Texas",1,1
"10180","Abilene, TX Metro Area",195,-0.384192803938469,42.49,"48059|48253|48441","48","Texas",3,1
"15180","Brownsville-Harlingen, TX Metro Area",172,0.164086419164883,64.65,"48061","48","Texas",1,1
"34420","Mount Pleasant, TX Micro Area",122,-1.30662722254055,3.14,"48063|48343|48449","48","Texas",3,1
"27380","Jacksonville, TX Micro Area",142,-0.723820574005643,25.95,"48073","48","Texas",1,1
"31180","Lubbock, TX Metro Area",229,-0.0499630414315517,57.41,"48079|48107|48169|48219|48303|48305","48","Texas",6,1
"19100","Dallas-Fort Worth-Arlington, TX Metro Area",378,1.88835908148895,94.81,"48085|48113|48121|48139|48231|48251|48257|48367|48397|48439|48497","48","Texas",11,1
"23620","Gainesville, TX Micro Area",144,-0.758926796142364,23.89,"48097","48","Texas",1,1
"25820","Hereford, TX Micro Area",76,-2.04098285211949,0.22,"48117","48","Texas",1,1
"36220","Odessa, TX Metro Area",181,-0.453657787285967,39.46,"48135","48","Texas",1,1
"21340","El Paso, TX Metro Area",206,0.307757519474329,69.3,"48141|48229","48","Texas",2,1
"44500","Stephenville, TX Micro Area",146,-0.527216492924675,36.11,"48143","48","Texas",1,1
"14300","Bonham, TX Micro Area",128,-0.833182901382873,20.32,"48147","48","Texas",1,1
"38380","Plainview, TX Micro Area",119,-1.47680798318427,1.51,"48153|48189","48","Texas",2,1
"23240","Fredericksburg, TX Micro Area",177,0.713707958479462,78.92,"48171","48","Texas",1,1
"47020","Victoria, TX Metro Area",213,-0.520166950685216,36.76,"48175|48469","48","Texas",2,1
"37420","Pampa, TX Micro Area",117,-1.20362081827811,6.05,"48179|48393","48","Texas",2,1
"43300","Sherman-Denison, TX Metro Area",201,-0.318671493984387,45.95,"48181","48","Texas",1,1
"30980","Longview, TX Metro Area",241,-0.537645211004553,35.57,"48183|48203|48401|48459","48","Texas",4,1
"13140","Beaumont-Port Arthur, TX Metro Area",230,-0.145987862396829,53.51,"48199|48245|48361","48","Texas",3,1
"11980","Athens, TX Micro Area",183,-0.547857831318748,34.59,"48213","48","Texas",1,1
"32580","McAllen-Edinburg-Mission, TX Metro Area",186,-0.0911307810376051,55.78,"48215","48","Texas",1,1
"24180","Granbury, TX Micro Area",200,-0.0729776062578565,56.11,"48221","48","Texas",1,1
"44860","Sulphur Springs, TX Micro Area",149,-0.806583577069761,21.41,"48223","48","Texas",1,1
"13700","Big Spring, TX Micro Area",137,-0.996848941094893,11.78,"48227","48","Texas",1,1
"14420","Borger, TX Micro Area",86,-1.46199802616788,1.62,"48233","48","Texas",1,1
"41660","San Angelo, TX Metro Area",199,-0.521133635481908,36.54,"48235|48451","48","Texas",2,1
"28500","Kerrville, TX Micro Area",177,0.271542339606934,68.32,"48265","48","Texas",1,1
"28780","Kingsville, TX Micro Area",110,-0.977608650977159,13.19,"48273","48","Texas",1,1
"37580","Paris, TX Micro Area",155,-0.987268074729614,12.43,"48277|48387","48","Texas",2,1
"33260","Midland, TX Metro Area",152,-0.108866486482518,54.92,"48317|48329","48","Texas",2,1
"13060","Bay City, TX Micro Area",126,-0.701193491150034,26.92,"48321","48","Texas",1,1
"20580","Eagle Pass, TX Metro Area",117,-0.439583867046805,40.65,"48323","48","Texas",1,1
"20300","Dumas, TX Micro Area",72,-2.25451502964072,0.11,"48341","48","Texas",1,1
"34860","Nacogdoches, TX Micro Area",149,-0.743920294952716,24.65,"48347","48","Texas",1,1
"18620","Corsicana, TX Micro Area",161,-1.02847622777668,10.38,"48349","48","Texas",1,1
"45020","Sweetwater, TX Micro Area",97,-1.24949181447674,4.43,"48353","48","Texas",1,1
"33420","Mineral Wells, TX Micro Area",141,-0.280787750772036,47.57,"48363","48","Texas",1,1
"45880","Town of Pecos, TX Micro Area",89,-0.946090776792819,14.92,"48389","48","Texas",1,1
"43660","Snyder, TX Micro Area",91,-1.54237487445284,1.08,"48415","48","Texas",1,1
"46340","Tyler, TX Metro Area",223,-0.032279227591151,58.16,"48423","48","Texas",1,1
"40100","Rio Grande City-Roma, TX Micro Area",116,-0.823825677221809,20.65,"48427","48","Texas",1,1
"46620","Uvalde, TX Micro Area",140,-0.593756303986771,32,"48463","48","Texas",1,1
"19620","Del Rio, TX Micro Area",113,-0.731783286266224,25.41,"48465","48","Texas",1,1
"26660","Huntsville, TX Micro Area",97,-0.980986682603968,12.97,"48471","48","Texas",1,1
"14780","Brenham, TX Micro Area",150,-0.556489189318442,33.95,"48477","48","Texas",1,1
"29700","Laredo, TX Metro Area",157,0.0673504537719372,61.73,"48479","48","Texas",1,1
"20900","El Campo, TX Micro Area",140,-1.58016883536102,0.65,"48481","48","Texas",1,1
"46900","Vernon, TX Micro Area",80,-1.3439038108137,2.81,"48487","48","Texas",1,1
"39700","Raymondville, TX Micro Area",83,-0.794821119582946,21.95,"48489","48","Texas",1,1
"49820","Zapata, TX Micro Area",94,-0.761324326196293,23.57,"48505","48","Texas",1,1
"39220","Price, UT Micro Area",112,-0.888158024765915,17.41,"49007","49","Utah",1,1
"36260","Ogden, UT Metro Area",259,0.917480855300303,81.41,"49011|49029|49057","49","Utah",3,1
"16260","Cedar City, UT Micro Area",189,0.378534768796347,71.24,"49021","49","Utah",1,1
"39340","Provo-Orem-Lehi, UT Metro Area",293,2.13108386347089,96.22,"49023|49049","49","Utah",2,1
"21740","Evanston, WY-UT Micro Area",148,-0.335415445358471,44.43,"49033|56041","49|56","Utah|Wyoming",2,2
"41620","Salt Lake City-Murray, UT Metro Area",351,2.19672112194803,96.86,"49035|49045","49","Utah",2,1
"25720","Heber, UT Micro Area",212,2.20147798317457,96.97,"49043|49051","49","Utah",2,1
"46860","Vernal, UT Micro Area",149,-0.284445337223162,47.35,"49047","49","Utah",1,1
"41100","St. George, UT Metro Area",245,1.51126944043248,91.46,"49053","49","Utah",1,1
"13540","Bennington, VT Micro Area",176,0.969708831675329,81.95,"50003","50","Vermont",1,1
"15540","Burlington-South Burlington, VT Metro Area",248,1.68275983389434,92.65,"50007|50011|50013","50","Vermont",3,1
"40860","Rutland, VT Micro Area",210,0.335980382015265,69.95,"50021","50","Vermont",1,1
"12740","Barre, VT Micro Area",175,1.4877285973599,91.03,"50023","50","Vermont",1,1
"14710","Brattleboro, VT Micro Area",192,1.31247151221964,88.43,"50025","50","Vermont",1,1
"16820","Charlottesville, VA Metro Area",170,2.51912229571814,98.16,"51003|51065|51079|51125|51540","51","Virginia",5,1
"40060","Richmond, VA Metro Area",273,1.41119050246862,89.73,"51007|51036|51041|51053|51075|51085|51087|51097|51101|51127|51145|51149|51183|51570|51670|51730|51760","51","Virginia",17,1
"31340","Lynchburg, VA Metro Area",207,0.115931807215658,63.03,"51009|51011|51019|51031|51680","51","Virginia",5,1
"44420","Staunton-Stuarts Draft, VA Metro Area",184,-0.0502218848578609,57.19,"51015|51790|51820","51","Virginia",3,1
"40220","Roanoke, VA Metro Area",244,0.53254638413948,75.24,"51023|51045|51067|51161|51770|51775","51","Virginia",6,1
"13980","Blacksburg-Christiansburg-Radford, VA Metro Area",146,0.117265167671249,63.24,"51063|51071|51121|51155|51750","51","Virginia",5,1
"49020","Winchester, VA-WV Metro Area",179,0.00183546036710929,59.89,"51069|51840|54027","51|54","Virginia|West Virginia",3,2
"32300","Martinsville, VA Micro Area",146,-0.261615978716754,48.32,"51089|51690","51","Virginia",2,1
"29470","Lake of the Woods, VA Micro Area",131,0.127924768057221,63.57,"51137","51","Virginia",1,1
"19260","Danville, VA Micro Area",174,-0.194442378812718,51.57,"51143|51590","51","Virginia",2,1
"25500","Harrisonburg, VA Metro Area",164,0.243330438628634,67.35,"51165|51660","51","Virginia",2,1
"14140","Bluefield, WV-VA Micro Area",159,-0.912054431213207,16.54,"51185|54055","51|54","Virginia|West Virginia",2,2
"36830","Othello, WA Micro Area",76,-1.25545989116322,4.32,"53001","53","Washington",1,1
"28420","Kennewick-Richland, WA Metro Area",166,0.0920573824688744,62.59,"53005|53021","53","Washington",2,1
"48300","Wenatchee-East Wenatchee, WA Metro Area",172,0.663161240170767,77.84,"53007|53017","53","Washington",2,1
"38820","Port Angeles, WA Micro Area",175,0.887490135051105,80.76,"53009","53","Washington",1,1
"31020","Longview-Kelso, WA Metro Area",185,-0.358850918518513,43.57,"53015","53","Washington",1,1
"34180","Moses Lake, WA Micro Area",131,-0.543184004065366,35.14,"53025","53","Washington",1,1
"10140","Aberdeen, WA Micro Area",147,0.0749033386615739,62.16,"53027","53","Washington",1,1
"36020","Oak Harbor, WA Micro Area",176,1.45179861541143,90.27,"53029","53","Washington",1,1
"39040","Port Townsend, WA Micro Area",184,1.41325069556404,89.84,"53031","53","Washington",1,1
"42660","Seattle-Tacoma-Bellevue, WA Metro Area",269,3.13061412909384,99.14,"53033|53053|53061","53","Washington",3,1
"14740","Bremerton-Silverdale-Port Orchard, WA Metro Area",175,1.33464428275153,88.97,"53035","53","Washington",1,1
"21260","Ellensburg, WA Micro Area",153,0.124436419256873,63.35,"53037","53","Washington",1,1
"16500","Centralia, WA Micro Area",191,-0.334989035300373,44.65,"53041","53","Washington",1,1
"43220","Shelton, WA Micro Area",138,0.423439410043274,73.08,"53045","53","Washington",1,1
"34580","Mount Vernon-Anacortes, WA Metro Area",229,0.4628287565221,74.05,"53057","53","Washington",1,1
"44060","Spokane-Spokane Valley, WA Metro Area",294,0.68657452368325,78.38,"53063|53065","53","Washington",2,1
"36500","Olympia-Lacey-Tumwater, WA Metro Area",182,1.06236933129777,83.89,"53067","53","Washington",1,1
"47460","Walla Walla, WA Metro Area",128,0.106639914284104,62.92,"53071","53","Washington",1,1
"13380","Bellingham, WA Metro Area",275,1.09672132336899,84.54,"53073","53","Washington",1,1
"39420","Pullman, WA Micro Area",96,0.211212899915739,66.27,"53075","53","Washington",1,1
"49420","Yakima, WA Metro Area",151,-0.510841659717373,37.08,"53077","53","Washington",1,1
"16620","Charleston, WV Metro Area",185,0.338011089285659,70.27,"54005|54015|54039","54","West Virginia",3,1
"17220","Clarksburg, WV Micro Area",148,-0.266219479438185,48.11,"54017|54033|54091","54","West Virginia",3,1
"13220","Beckley, WV Metro Area",160,-0.219057400478078,50.59,"54019|54081","54","West Virginia",2,1
"21900","Fairmont, WV Micro Area",156,-0.252323672055085,48.76,"54049","54","West Virginia",1,1
"34060","Morgantown, WV Metro Area",148,-0.0433729453443489,57.84,"54061|54077","54","West Virginia",2,1
"21180","Elkins, WV Micro Area",132,-0.670233333475315,28.76,"54083","54","West Virginia",1,1
"37620","Parkersburg-Vienna, WV Metro Area",174,-0.348145578719971,44.11,"54105|54107","54","West Virginia",2,1
"39960","Rice Lake, WI Micro Area",156,-0.696835658364808,27.24,"55005","55","Wisconsin",1,1
"24580","Green Bay, WI Metro Area",243,0.0903300170225531,62.49,"55009|55061|55083","55","Wisconsin",3,1
"11540","Appleton, WI Metro Area",247,0.213478747229871,66.38,"55015|55087","55","Wisconsin",2,1
"20740","Eau Claire, WI Metro Area",235,0.218331913724439,66.59,"55017|55035","55","Wisconsin",2,1
"31540","Madison, WI Metro Area",264,1.44375289554662,90.16,"55021|55025|55045|55049","55","Wisconsin",4,1
"13180","Beaver Dam, WI Micro Area",144,-0.752673311056193,24.11,"55027","55","Wisconsin",1,1
"32860","Menomonie, WI Micro Area",128,-0.405394833327277,41.95,"55033","55","Wisconsin",1,1
"22540","Fond du Lac, WI Metro Area",200,-0.497669476953809,37.51,"55039","55","Wisconsin",1,1
"38420","Platteville, WI Micro Area",149,-0.944305636246782,15.14,"55043","55","Wisconsin",1,1
"48020","Watertown-Fort Atkinson, WI Micro Area",183,-0.0458298172236836,57.73,"55055","55","Wisconsin",1,1
"28450","Kenosha, WI Metro Area",187,0.591425122962933,76.43,"55059","55","Wisconsin",1,1
"31820","Manitowoc, WI Micro Area",184,-0.28885325666093,47.24,"55071","55","Wisconsin",1,1
"48140","Wausau, WI Metro Area",217,-0.403047309083831,42.05,"55073","55","Wisconsin",1,1
"43020","Shawano, WI Micro Area",163,-0.594482937423164,31.89,"55078|55115","55","Wisconsin",2,1
"33340","Milwaukee-Waukesha, WI Metro Area",322,1.46466323573804,90.7,"55079|55089|55131|55133","55","Wisconsin",4,1
"43890","Sparta, WI Micro Area",121,-0.923794891299299,16,"55081","55","Wisconsin",1,1
"44620","Stevens Point-Plover, WI Micro Area",171,-0.053651370792673,57.08,"55097","55","Wisconsin",1,1
"39540","Racine-Mount Pleasant, WI Metro Area",228,0.19479287454169,65.73,"55101","55","Wisconsin",1,1
"27500","Janesville-Beloit, WI Metro Area",216,-0.210215246843802,51.14,"55105","55","Wisconsin",1,1
"12660","Baraboo, WI Micro Area",162,0.302482225924107,68.86,"55111","55","Wisconsin",1,1
"43100","Sheboygan, WI Metro Area",165,-0.212031020419945,51.03,"55117","55","Wisconsin",1,1
"48580","Whitewater-Elkhorn, WI Micro Area",214,0.317649364524477,69.51,"55127","55","Wisconsin",1,1
"36780","Oshkosh-Neenah, WI Metro Area",177,0.368004778021863,70.81,"55139","55","Wisconsin",1,1
"49220","Wisconsin Rapids-Marshfield, WI Micro Area",157,-0.876313497958795,17.95,"55141","55","Wisconsin",1,1
"29660","Laramie, WY Micro Area",125,0.0420598081911563,61.19,"56001","56","Wyoming",1,1
"23940","Gillette, WY Micro Area",139,-1.02318376400883,10.7,"56005","56","Wyoming",1,1
"40180","Riverton, WY Micro Area",165,-0.159816137283429,52.97,"56013","56","Wyoming",1,1
"16940","Cheyenne, WY Metro Area",181,0.0448601904727351,61.3,"56021","56","Wyoming",1,1
"16220","Casper, WY Metro Area",244,-0.0253605048229342,58.49,"56025","56","Wyoming",1,1
"17650","Cody, WY Micro Area",192,-0.00179301496358348,59.78,"56029","56","Wyoming",1,1
"43260","Sheridan, WY Micro Area",209,0.684218724652027,78.27,"56033","56","Wyoming",1,1
"40540","Rock Springs, WY Micro Area",140,-0.983787827519099,12.65,"56037","56","Wyoming",1,1
