"industry_code","industry_ubiquity","industry_complexity","industry_complexity_percentile"
"111000",74,-0.90200894453197,17.53
"112000",70,-1.43588484232848,2.53
"113110",46,-0.69736204599404,27.03
"113210",40,-0.852066743012674,19.54
"113310",64,-0.930150051587005,16.16
"114111",30,0.765255071380989,78.88
"114112",22,0.778917050971803,79.51
"114119",23,0.841295868767171,80.68
"114210",47,-0.768013550631515,23.23
"115111",35,-0.657766060519199,29.57
"115112",72,-1.15104208892681,8.76
"115113",37,-0.217894164369908,49.95
"115114",31,-0.0452210649950518,56.28
"115115",33,0.258453092801667,66.42
"115116",28,-0.306842388152083,45.41
"115210",60,-1.1380808921133,9.29
"115310",49,-0.426700448537712,40.02
"211120",22,0.064402701689248,60.08
"211130",27,-0.342186064599968,43.93
"212114",12,-1.54910011019973,1.06
"212115",10,-1.75531490618111,0.21
"212210",3,-0.840206672715255,20.17
"212220",7,1.08952595494105,85.74
"212230",8,1.58945180063286,91.76
"212290",8,1.04314919330655,84.9
"212311",32,-0.760448586561856,23.44
"212312",68,-1.32615295949884,4.75
"212313",23,0.607983145444683,75.4
"212319",36,0.108106967100545,61.88
"212321",75,-0.615397918807417,31.57
"212322",25,-0.211687629288742,50.16
"212323",16,0.386534200276971,70.12
"212390",31,-0.0702661757270604,54.91
"213111",26,-0.554354634235488,33.79
"213112",28,-0.228904777946717,49.21
"213113",19,-1.14242572517223,9.19
"213114",10,1.29711279907344,89.12
"213115",26,-0.606054415215987,31.89
"221111",34,-0.350653139552553,43.61
"221112",51,-1.0510285619141,11.72
"221113",26,-0.42579620905157,40.23
"221114",27,1.73381808000286,93.35
"221115",29,-0.155858524728306,51.74
"221116",5,0.0527124507642983,59.66
"221117",21,0.494570837457791,73.6
"221118",22,-0.287504714329932,46.88
"221121",43,-0.478694015269167,37.59
"221122",82,-0.685144481487174,27.88
"221210",54,-0.527982424129336,34.95
"221310",74,-0.620180220172029,31.47
"221320",53,-0.144866259974304,52.16
"221330",26,0.915667647046333,82.68
"236115",69,0.472279673181908,72.97
"236116",38,1.49281561881724,90.5
"236117",77,0.346266538900291,69.48
"236118",64,0.388726336735814,70.43
"236210",59,-0.896989989516923,17.63
"236220",76,-0.0415437417741451,56.6
"237110",66,0.0661794866932556,60.19
"237120",35,-0.713627652348106,25.34
"237130",65,-0.446364314352466,38.75
"237210",38,0.892864172526018,82.15
"237310",99,-0.392198111190255,41.82
"237990",53,-0.290519388514569,46.67
"238110",75,0.20344373673747,64.73
"238120",62,-0.0854233105513979,54.28
"238130",37,0.920965519493823,82.79
"238140",75,0.31954716535443,68.85
"238150",61,0.80339473420238,79.94
"238160",74,0.247531107612484,66.1
"238170",85,-0.567663391490551,33.16
"238190",65,0.0233319391768063,58.82
"238210",73,0.468235228429407,72.76
"238220",94,0.160837848603392,63.25
"238290",82,-0.666648532579743,28.83
"238310",59,0.612686552527097,75.71
"238320",51,1.17254138460365,87.75
"238330",62,0.933204648997699,82.89
"238340",53,1.17823128772484,87.96
"238350",65,0.592484555317164,75.29
"238390",57,0.652432182490483,76.56
"238910",102,-0.561009180569783,33.37
"238990",80,0.126822264930351,62.51
"311111",46,-1.22360830836408,6.76
"311119",69,-1.33882884039801,4.44
"311211",53,-0.659342037936267,29.36
"311212",11,-0.496975042372707,36.64
"311213",21,-0.69019649912378,27.56
"311221",16,-1.28306355324819,5.28
"311224",38,-1.42011797014053,2.64
"311225",30,-0.0221402056977125,57.02
"311230",26,0.0181065483813807,58.18
"311313",3,0.0724723051496478,60.61
"311314",12,1.49338490898245,90.6
"311340",36,-0.447943903393904,38.65
"311351",17,0.185680113153073,63.67
"311352",47,-0.289413993108582,46.78
"311411",21,-0.206177732033348,50.37
"311412",42,-0.705324966037583,26.29
"311421",53,-0.593946281680225,32.1
"311422",20,-0.513215381164194,35.69
"311423",22,0.394796872854133,70.75
"311511",59,-0.963194026508513,15.21
"311512",13,-0.423094876897791,40.55
"311513",35,-0.715432388167147,25.24
"311514",33,-1.11331123989702,9.82
"311520",30,0.0759795645994715,61.03
"311611",32,-1.28044124269105,5.39
"311612",53,-1.45009888136045,2.11
"311613",26,-0.533634896305504,34.74
"311615",34,-1.19500864293686,7.18
"311710",14,0.902142835378776,82.26
"311811",57,0.104780070989891,61.67
"311812",62,-0.295340157197991,46.36
"311813",26,0.626991483315459,76.14
"311821",44,-1.04343564774148,11.93
"311824",39,0.159169603961886,63.15
"311830",29,1.5532730822632,91.34
"311911",28,-0.0722229124564813,54.8
"311919",46,-0.859678164675304,19.32
"311920",42,0.0124924075682853,57.87
"311930",22,-0.0211975548217642,57.13
"311941",38,0.420785464376526,71.7
"311942",41,0.225144243680864,65.26
"311991",44,-0.432234292643268,39.39
"311999",39,-0.647783930214947,29.88
"312111",75,-0.29989042016719,46.04
"312112",59,-0.348339750044813,43.72
"312113",50,-0.510962601545495,35.8
"312120",63,-0.325832498843346,44.46
"312130",25,0.0498674302104655,59.24
"312140",34,-0.684676469010371,27.98
"312230",15,0.304054168913399,68.32
"313110",15,-0.711211571656606,25.66
"313210",26,-0.633301408561151,30.62
"313220",27,-0.58259500031765,32.63
"313230",35,-0.67282106819716,28.51
"313240",15,-0.738378847231366,24.08
"313310",32,-0.0846268385667367,54.38
"313320",31,-0.429980362012547,39.81
"314110",8,-0.580247228402667,32.73
"314120",36,-0.0776836094653736,54.49
"314910",68,-0.540336213047765,34.21
"314994",27,-0.23057867480021,49.1
"314999",61,-0.562433526725304,33.26
"315120",20,-0.6902520991034,27.46
"315210",22,-0.383517981241688,42.87
"315250",36,-0.335483918636901,44.14
"315990",39,0.198114267106194,64.31
"316110",32,-1.02180576147126,12.88
"316210",22,-0.137257126470409,52.69
"316990",42,-0.298478356865454,46.15
"321113",61,-0.873213169335361,18.59
"321114",40,-0.416120415928674,41.18
"321211",36,-0.933223387445044,16.05
"321212",11,1.00960174887453,83.95
"321215",74,-0.480623098308782,37.49
"321219",27,-0.422858266231479,40.65
"321911",39,-0.549385903825832,33.9
"321912",40,-1.18625097007034,7.39
"321918",57,-0.989993233122898,13.73
"321920",84,-1.41432215931862,2.85
"321991",24,-0.0701633318272917,55.02
"321992",44,-0.790517834384767,22.18
"321999",65,-1.18337775086813,7.71
"322110",14,-0.688525546596775,27.67
"322120",39,-0.869278276401793,18.69
"322130",35,-0.638086788742118,30.31
"322211",79,-1.27491418278494,5.6
"322212",48,-0.732121188203306,24.29
"322219",43,-0.984442701662433,14.04
"322220",53,-1.14562843370658,8.87
"322230",42,-0.829418583089047,20.7
"322291",31,-0.274104795894641,47.73
"322299",40,-1.34212848299534,4.22
"323111",63,-0.956870889024909,15.31
"323113",74,-0.787349832014664,22.39
"323117",33,-0.448522106595293,38.54
"323120",36,-0.463327660803708,38.23
"324110",27,0.249851038722537,66.31
"324121",64,-0.748300739046314,23.76
"324122",30,0.466271799509314,72.65
"324191",40,-0.802758635278771,21.86
"324199",26,-0.830078076212645,20.59
"325110",14,-0.637320469958542,30.41
"325120",48,-0.615115895204834,31.68
"325130",32,-0.781778739454637,22.7
"325180",48,-0.888157936683715,18.06
"325193",31,-1.56250057012513,0.74
"325194",18,-0.800751320725143,21.96
"325199",44,-0.663022451806689,29.25
"325211",47,-0.903506160628513,17.42
"325212",28,-0.321935901381145,44.77
"325220",23,-0.90635990189244,17.21
"325311",26,-0.816575568533217,21.12
"325312",15,-0.319952887424726,44.88
"325314",52,-0.425213112240471,40.44
"325315",23,1.1352670048976,86.69
"325320",33,-0.389367414292658,42.45
"325411",32,1.05636497673702,85.22
"325412",35,-0.0650677220611225,55.54
"325413",21,1.02144196128283,84.27
"325414",21,0.47681263594732,73.07
"325510",49,-1.10579970571068,10.56
"325520",38,-0.477253254062567,37.7
"325611",35,-1.40578622385358,3.17
"325612",36,-0.70957419841448,26.08
"325613",26,-0.45797042371266,38.33
"325620",35,0.0618539314095412,59.77
"325910",26,-0.715925761839864,25.13
"325920",21,-0.385565146505502,42.66
"325991",42,-1.02557197275277,12.46
"325992",16,-0.177248660717645,51.32
"325998",56,-0.750469129026854,23.65
"326111",44,-0.772993434900994,22.91
"326112",40,-1.21512271774894,6.86
"326113",48,-0.927000000712589,16.26
"326121",55,-0.986701837450707,13.94
"326122",51,-0.771288075170603,23.02
"326130",46,-0.535336384539485,34.53
"326140",36,-1.04843330416986,11.83
"326150",59,-0.795915009562117,22.07
"326160",52,-1.01582480869096,13.09
"326191",28,-0.493000199980372,36.85
"326199",73,-1.40653444282341,3.06
"326211",26,-1.30198470106238,5.07
"326212",35,-0.919607871671052,16.68
"326220",38,-0.997688812641249,13.52
"326291",41,-1.24119866191936,6.34
"326299",46,-0.712855999651783,25.45
"327110",56,-0.591285374113115,32.31
"327120",50,-0.977663766269021,14.15
"327211",27,-0.694167274616215,27.14
"327212",22,-0.227046916040551,49.52
"327213",24,0.296640178431036,68.22
"327215",53,-0.422540231412992,40.76
"327310",50,-0.265451882899869,48.05
"327320",101,-0.430873052061207,39.7
"327331",69,-0.306441397988497,45.62
"327332",45,0.0672155371408283,60.3
"327390",79,-0.306739971934086,45.51
"327410",24,-0.740705711805963,23.86
"327420",29,0.755893069787082,78.78
"327910",32,-0.630824755481628,30.94
"327991",77,-0.523562920053725,35.27
"327992",27,-1.23459213347492,6.55
"327993",38,-1.14359932236824,9.08
"327999",44,-0.133651707770735,52.9
"331110",37,-1.31096332753052,4.86
"331210",42,-1.38362907653391,3.48
"331221",47,-1.18556249542581,7.5
"331222",34,-1.02605754684933,12.35
"331313",19,-0.0520557747802902,56.07
"331314",24,-1.24537572995014,6.23
"331315",19,-1.22471511102827,6.65
"331318",34,-0.863380446043837,19.11
"331410",24,0.449565523697717,72.23
"331420",43,-1.14546154123682,8.98
"331491",28,-0.736643009069976,24.18
"331492",30,-0.527764013349527,35.06
"331511",46,-1.80237962027269,0.11
"331512",21,0.119522403981763,62.41
"331513",32,-0.906216144705891,17.32
"331523",37,-1.43648946362981,2.43
"331524",40,-1.05220480708634,11.62
"331529",30,-1.37864962607808,3.7
"332111",43,-1.38035172797759,3.59
"332112",17,-0.578276470285048,32.84
"332114",23,-0.284329429294857,47.31
"332117",20,-0.46340384696555,38.12
"332119",49,-1.39169185368424,3.38
"332215",26,-0.968149401605574,14.78
"332216",47,-0.865053416556382,19.01
"332311",58,-0.700729537653349,26.82
"332312",87,-1.08868986822674,10.88
"332313",77,-1.36148216490828,4.12
"332321",52,-0.83744270470278,20.38
"332322",76,-0.631548849514589,30.83
"332323",60,-0.171144825753832,51.64
"332410",38,-0.804304078506861,21.65
"332420",65,-1.03355683257339,12.25
"332431",39,-0.703153659074904,26.4
"332439",38,-0.880842294789604,18.27
"332510",40,-1.2409687432263,6.44
"332613",35,-0.969824410010506,14.68
"332618",49,-0.86262727272207,19.22
"332710",83,-1.36877660738405,4.01
"332721",44,-1.06395384343017,11.3
"332722",35,-1.08444374631895,11.09
"332811",42,-1.24684577997155,6.12
"332812",68,-1.41411500302424,2.96
"332813",51,-0.989631780550287,13.83
"332911",35,-0.506958421881509,36.11
"332912",43,-0.642849177601425,30.1
"332913",22,-0.405903551761707,41.71
"332919",32,0.0163381485319509,57.97
"332991",26,-0.997840550500061,13.41
"332992",15,-0.491468107320388,36.96
"332993",8,-1.74462105945003,0.32
"332994",37,-0.101572362907173,53.75
"332996",42,-1.43971171552743,2.32
"332999",69,-1.13053452981078,9.4
"333111",43,-1.62410533141999,0.53
"333112",24,-1.47472208359443,1.9
"333120",50,-1.41840975487477,2.75
"333131",33,-0.666535440734898,28.93
"333132",22,-0.607481115431463,31.78
"333241",42,-0.510338263762089,35.9
"333242",9,2.56916200143326,98.2
"333243",40,-1.15387366152225,8.55
"333248",61,-1.37432461506881,3.91
"333310",58,-0.621030946075772,31.26
"333413",46,-0.880194902384969,18.37
"333414",40,-0.44627637502418,38.86
"333415",51,-1.18808182161545,7.29
"333511",49,-1.17154819304862,8.03
"333514",57,-1.44567426447446,2.22
"333515",52,-1.02541590209233,12.57
"333517",61,-1.27126118581034,5.7
"333519",34,-0.917578566127705,16.79
"333611",30,-0.907680843228254,17.11
"333612",28,-0.975562018174353,14.36
"333613",40,-0.934849192436464,15.95
"333618",24,-1.17808769707558,7.92
"333912",41,-0.710597239665487,25.77
"333914",54,-0.940505674517607,15.73
"333921",29,0.0256880748927477,58.92
"333922",53,-1.29965598696711,5.17
"333923",42,-0.583151748225691,32.52
"333924",38,-0.755053521372609,23.55
"333991",22,-0.95617990038839,15.42
"333992",40,-1.15126644586688,8.66
"333993",39,-0.86570520335088,18.9
"333994",34,-1.00328446500872,13.2
"333995",44,-1.16876370190956,8.13
"333996",36,-0.673180339200494,28.41
"333998",54,-1.11197505231723,10.03
"334111",16,1.39290882171049,89.76
"334112",11,1.20470387942611,88.07
"334118",27,0.787554023459048,79.73
"334210",19,0.522797499132126,74.13
"334220",34,0.345663229625185,69.38
"334290",35,0.34875942559645,69.59
"334310",23,1.63681893902084,92.29
"334412",22,0.261020093848479,66.84
"334413",16,1.71134723039798,93.14
"334416",33,-0.389122875130916,42.56
"334417",23,0.688196273938908,77.51
"334418",45,-0.279790617451269,47.62
"334419",41,-0.0441136236957237,56.39
"334510",19,0.8742518863323,81.63
"334511",25,0.61312376852312,75.82
"334512",38,-0.717087080222768,25.03
"334513",50,-0.417071221311735,40.97
"334514",25,-0.526725454150163,35.16
"334515",26,-0.154994995476361,51.85
"334516",28,0.853868822313136,80.99
"334517",14,1.12110470910023,86.27
"334519",34,-0.370661431945959,43.29
"334610",18,1.87926139114439,94.72
"335131",26,0.19915460420015,64.41
"335132",34,-0.307432976343091,45.3
"335139",28,-0.227217861529486,49.42
"335210",20,-0.711393369670976,25.55
"335220",27,-1.25183438688389,5.91
"335311",28,-1.11298445981509,9.93
"335312",44,-0.785602881280847,22.6
"335313",41,-0.817066594521079,21.01
"335314",40,-1.06130403905424,11.4
"335910",25,-0.513242679096141,35.59
"335921",16,1.01629323204154,84.16
"335929",30,-0.0876384021319957,54.17
"335931",35,-0.664227548218122,29.14
"335932",22,-0.649643619576023,29.78
"335991",29,-0.513952828950816,35.48
"335999",46,-0.440332676613004,39.18
"336110",28,-1.10626523337971,10.45
"336120",26,-0.81505942379266,21.22
"336211",58,-1.54440506675876,1.16
"336212",46,-1.33217564707807,4.54
"336213",6,-1.67694213248345,0.42
"336214",24,-1.55728705834059,0.84
"336310",42,-1.52335990835103,1.58
"336320",47,-1.4963711744689,1.8
"336330",30,-1.5388502688883,1.37
"336340",33,-1.39398459044328,3.27
"336350",44,-1.15407338618655,8.45
"336360",45,-1.47324061714904,2.01
"336370",34,-1.55647859623753,0.95
"336390",56,-1.54089273719913,1.27
"336411",25,0.147236449958454,62.83
"336412",39,-0.426468627663826,40.13
"336413",37,0.0205769826667412,58.5
"336414",12,3.20066025583634,99.26
"336415",14,1.74892846205307,93.66
"336419",8,0.866752314848123,81.41
"336510",35,-0.913138443071919,16.9
"336611",18,0.56748382645668,74.97
"336612",38,0.200636866620397,64.52
"336991",26,-0.098388794302143,53.85
"336992",16,0.668069347759711,76.87
"336999",30,-0.999087526774061,13.31
"337110",56,-1.04261739813449,12.04
"337121",19,-0.976915498433016,14.26
"337122",37,-0.963901933155604,14.99
"337126",41,-0.376869908492625,43.08
"337127",40,-1.12202773773846,9.71
"337211",27,-0.893214113063147,17.95
"337212",65,-0.179091944944651,51.11
"337214",17,-0.726428584090179,24.6
"337215",54,-1.09157119697896,10.77
"337910",39,0.187669875233469,63.89
"337920",31,0.752667252565292,78.56
"339112",35,0.457682583828372,72.33
"339113",44,-0.130171924244616,53.12
"339114",30,0.325900625676735,69.06
"339115",23,0.512019304224304,73.81
"339116",61,-0.467904410475737,37.8
"339910",27,0.38378956812835,70.01
"339920",52,-0.429436084030408,39.92
"339930",37,-0.382580032723596,42.98
"339940",36,-0.67108656186091,28.72
"339950",73,-0.55645616670238,33.58
"339991",47,-1.10436229338763,10.67
"339992",29,0.543666109590077,74.45
"339993",19,0.289887343162073,67.9
"339994",31,-1.04105034641364,12.14
"339995",14,-1.18469394601957,7.6
"339999",60,-0.717892471339972,24.82
"423110",98,-0.895190518443026,17.85
"423120",60,-0.952052281440809,15.52
"423130",71,-0.657166588786254,29.67
"423140",64,-1.0169028273502,12.99
"423210",34,0.882544745429237,81.73
"423220",33,0.665315637077283,76.77
"423310",69,-0.412340768955143,41.39
"423320",59,0.148293001655928,62.94
"423330",88,-0.44397756469878,38.97
"423390",62,0.104797186364035,61.77
"423410",22,0.672180920961541,77.09
"423420",62,-0.108796234390212,53.64
"423430",20,1.57948998675627,91.55
"423440",45,-0.0382995299836752,56.81
"423450",37,0.493462536419581,73.39
"423460",32,0.394653983601109,70.64
"423490",37,0.415698812398383,71.49
"423510",59,-1.12494091436119,9.5
"423520",38,-0.391550811275077,42.13
"423610",65,-0.353594919806279,43.51
"423620",37,0.481744817173306,73.28
"423690",27,0.88796936223744,81.84
"423710",55,-0.626235662670892,31.15
"423720",80,-0.494354962915527,36.75
"423730",61,-0.123676250889461,53.33
"423740",57,-0.143604422614954,52.38
"423810",101,-0.692102703489875,27.24
"423820",82,-1.53687264758122,1.48
"423830",77,-0.994347964047044,13.62
"423840",71,-0.810553526995877,21.44
"423850",82,-0.633531958736703,30.52
"423860",36,0.113544808048529,61.99
"423910",51,0.38688697370029,70.33
"423920",32,0.261896440711437,67.05
"423930",97,-1.27993322658369,5.49
"423940",12,2.04116587932988,95.78
"423990",43,0.0220623719618694,58.71
"424110",40,-0.385173451296268,42.77
"424120",34,0.115533356081195,62.09
"424130",48,-0.236461135207912,48.89
"424210",28,1.04810263170517,85.11
"424310",23,0.358344095017447,69.8
"424340",26,0.902367866575337,82.37
"424350",19,1.42603249903063,89.97
"424410",69,-0.0421760186160909,56.49
"424420",44,0.608384173109883,75.5
"424430",52,-0.338166345490546,44.03
"424440",39,-0.258367686592746,48.15
"424450",75,-0.598804151165042,32
"424460",31,1.60765290259446,91.97
"424470",37,-0.200316591790387,50.58
"424480",32,0.857970709825074,81.2
"424490",85,-0.291264364968938,46.57
"424510",58,-1.59018721472674,0.63
"424520",52,-1.30542654929936,4.96
"424590",45,0.43139724158002,72.02
"424610",44,-1.08791017929215,10.98
"424690",53,-0.729513910243436,24.39
"424710",82,-1.10877622818028,10.24
"424720",70,-0.883507184061552,18.16
"424810",100,-0.465436417630129,37.91
"424820",48,0.770794997453518,79.3
"424910",73,-1.49813059514593,1.69
"424920",37,-0.120037686641721,53.43
"424930",44,0.115628805670969,62.2
"424940",51,-0.593757732874772,32.21
"424950",52,-0.488344483528168,37.06
"424990",34,0.60841900732753,75.61
"425120",18,0.443372882856938,72.12
"441110",137,-0.769657641508848,23.13
"441120",102,-0.666510107471916,29.04
"441210",105,-0.548188189594026,34
"441222",66,-0.310921910246433,45.2
"441227",112,-0.855388499017486,19.43
"441330",132,-0.786677060677569,22.49
"441340",122,-0.576786505335962,33.05
"444110",140,-0.843753462924851,20.06
"444120",86,-0.225333843204515,49.74
"444140",117,-0.923758078404973,16.47
"444180",96,-0.506658654055883,36.22
"444230",107,-1.05475264182354,11.51
"444240",119,-0.936374555009193,15.84
"445110",83,0.0943156808351622,61.25
"445131",45,0.191678705600067,63.99
"445132",87,-1.20158329225647,6.97
"445230",45,0.222782222894908,65.15
"445240",57,-0.726668439499931,24.5
"445250",34,1.12320155986763,86.38
"445291",50,0.0631206127681078,59.87
"445292",57,0.173195927117289,63.36
"445298",68,0.0209528287289971,58.61
"445320",76,-0.544851161964011,34.11
"449110",94,-0.49870258246595,36.54
"449121",95,-0.809909647699167,21.54
"449122",45,1.02591671304598,84.37
"449129",55,1.09024458586517,86.06
"449210",59,0.229245501758398,65.47
"455110",62,0.426760412431879,71.81
"455211",147,-0.845600120993229,19.96
"455219",126,-1.02358875545039,12.78
"456110",80,-0.700802352869125,26.72
"456120",63,0.427249632366709,71.91
"456130",63,-0.0356813936263316,56.92
"456191",60,0.180366284980325,63.57
"456199",72,-0.50749184084033,36.01
"457110",133,-1.16540608729406,8.24
"457120",75,-0.911845766866753,17
"457210",61,-0.78996661946402,22.28
"458110",49,0.890501995765119,82.05
"458210",57,0.540636270329134,74.34
"458310",62,0.650099167584776,76.45
"458320",25,2.02175201425435,95.56
"459110",108,-0.391656052384803,42.03
"459120",119,-0.499775505979251,36.33
"459130",100,-0.876907816313012,18.48
"459140",82,-0.515563015348347,35.37
"459210",76,-0.286316893773169,46.99
"459310",93,-0.824948124733946,20.91
"459410",82,-0.431022035795173,39.6
"459420",71,0.258837375166064,66.63
"459510",106,-0.718886439911758,24.71
"459910",73,0.235974410255373,65.58
"459920",33,1.81393348630885,94.4
"459930",90,-0.70080795869008,26.61
"459991",87,-0.463681398318656,38.01
"459999",58,-0.0670090399359229,55.33
"481111",19,3.08817559969787,99.16
"481112",13,0.915559863957829,82.58
"481211",23,0.402095878350316,71.17
"481212",22,1.69238334526867,92.93
"481219",36,0.865176885658841,81.31
"482110",75,-0.924195225016421,16.37
"483111",9,3.72506671630569,99.89
"483112",6,3.89751508772617,100
"483113",16,1.25422520771206,88.38
"483114",10,2.80783373180825,98.73
"483211",28,-0.826746341249773,20.8
"483212",20,2.14113605994442,96.41
"484110",69,-1.2689602748066,5.81
"484121",94,-1.17896047655736,7.81
"484122",80,-1.20087104300807,7.07
"484210",68,0.469203952510395,72.86
"484220",89,-1.37528638267082,3.8
"484230",77,-1.12219935108361,9.61
"485111",10,1.74339960660655,93.45
"485112",7,3.24340974870923,99.37
"485113",48,1.01065649161268,84.05
"485119",11,2.28722700287026,97.25
"485210",40,0.202705749502756,64.63
"485310",18,2.78068480592272,98.63
"485320",22,3.46061079541196,99.79
"485410",53,-0.86740365037907,18.8
"485510",74,-0.300360627878524,45.83
"485991",62,0.116678474340634,62.3
"485999",52,0.41000146961191,71.38
"486110",20,-0.851563927411885,19.64
"486210",39,-0.96503842547499,14.89
"486910",44,-0.498808393728562,36.43
"486990",14,-0.226783511056244,49.63
"487110",28,1.16371156993533,87.43
"487210",33,1.00952757296239,83.84
"487990",20,1.74353445364828,93.56
"488111",47,0.0755148007755334,60.93
"488119",33,2.31698557936824,97.47
"488190",54,0.306654693831763,68.53
"488210",56,-1.02539879613472,12.67
"488310",23,0.668706794121016,76.98
"488320",25,1.27615241216864,88.7
"488330",27,0.0817618673950254,61.14
"488390",24,0.856210893090985,81.1
"488410",85,-0.214112330979689,50.05
"488490",59,-0.254165655330891,48.36
"488510",34,0.826898593886215,80.46
"488991",43,-0.0653768334409224,55.44
"488999",43,0.349306401049372,69.69
"491110",47,0.158656222323774,63.04
"492110",53,0.101763710096895,61.46
"492210",49,1.02740240899181,84.48
"493110",60,-0.431779794402592,39.49
"493120",54,-0.285344354319236,47.1
"493130",52,-0.833914856060529,20.49
"493190",58,-0.416685090038074,41.08
"512110",10,2.98467265552069,99.05
"512120",7,1.79151847442506,93.98
"512131",67,0.403000537331481,71.28
"512132",65,-0.640975107729919,30.2
"512191",10,2.77024516558856,98.52
"512199",22,1.83281675590025,94.61
"512230",12,1.31466502725201,89.23
"512240",25,1.46223891775354,90.07
"512250",11,2.4600146175135,97.68
"512290",30,1.77130019482397,93.88
"513110",71,-0.690615232851714,27.35
"513120",23,0.5074234837476,73.71
"513130",29,-0.323749359556325,44.67
"513140",28,0.642842075042619,76.35
"513191",8,1.12933857293616,86.59
"513199",21,1.71012223899598,93.03
"513210",17,1.56972586472835,91.45
"516110",95,-0.970245913906002,14.57
"516120",92,-0.53064808449309,34.85
"516210",15,2.50423549874093,97.89
"517111",53,-0.302819278800447,45.72
"517112",51,-0.671126503243733,28.62
"517121",42,-0.137495075263182,52.59
"517410",23,2.18424748321537,96.62
"517810",21,1.03584304771087,84.69
"518210",25,1.58104169522147,91.66
"519210",29,-0.312719433722791,45.09
"519290",9,3.31343455009072,99.58
"521110",19,1.48622547991187,90.39
"522110",60,-1.11105026095493,10.14
"522130",93,-0.678092617967158,28.19
"522180",55,-0.717744512481922,24.92
"522210",14,2.27429658911207,97.04
"522220",32,0.691260699044765,77.61
"522291",65,-0.282765184067941,47.52
"522292",32,1.11571712748695,86.17
"522299",50,0.0202753478204763,58.39
"522310",26,1.75327949605192,93.77
"522320",27,1.13649913438644,86.91
"522390",17,1.26532775515848,88.49
"523150",18,1.99337337044447,95.46
"523160",20,0.960542174761247,83.42
"523210",14,2.13640937940797,96.3
"523910",23,2.04969737713794,95.88
"523940",17,1.89360459482401,94.83
"523991",45,0.206434908843747,64.84
"523999",22,2.3062050937734,97.36
"524113",35,-0.346265245523147,43.82
"524114",42,-0.24930506863977,48.57
"524126",46,-0.536627796792023,34.42
"524127",43,1.42127241531127,89.86
"524128",25,0.786520847526144,79.62
"524130",14,0.416230536191677,71.59
"524210",51,0.0105198686300958,57.76
"524291",34,0.802894023377862,79.83
"524292",40,0.0263153083461798,59.03
"524298",28,1.16919134145852,87.54
"525110",32,0.325197783288294,68.95
"525120",30,1.0736146337798,85.32
"525190",26,1.176992179446,87.86
"525910",21,1.82823287798273,94.51
"525920",40,0.706930853721224,78.04
"525990",20,2.18911108482363,96.73
"531110",52,0.261258351838915,66.95
"531120",28,1.48087078387097,90.29
"531130",79,0.662874832293649,76.66
"531190",69,0.100424674788106,61.35
"531210",36,2.23195135670156,96.94
"531311",45,1.72223863116122,93.24
"531312",41,1.08482387485103,85.53
"531320",77,-0.252090102403052,48.47
"531390",35,1.89658661433326,94.93
"532111",57,1.0897538024056,85.85
"532112",21,1.21161479088243,88.17
"532120",84,-0.62827325319371,31.05
"532210",69,-0.963839583208459,15.1
"532281",44,-0.202987536274512,50.48
"532282",41,0.242591964881927,66
"532283",90,-0.555893568447363,33.69
"532284",32,0.871075084483918,81.52
"532289",76,-0.14439093121312,52.27
"532310",72,-0.488043684835485,37.17
"532411",35,0.716814945963751,78.14
"532412",53,-0.0749540709191946,54.7
"532420",39,0.939254517490829,83.21
"532490",42,0.313179475738505,68.74
"533110",29,1.1276218136055,86.48
"541110",36,1.89912106999429,95.04
"541191",85,-0.175044295257472,51.43
"541199",39,1.67911868425317,92.61
"541211",30,1.09014607249218,85.96
"541213",61,0.590988202941885,75.08
"541214",24,1.27094523856489,88.6
"541219",47,1.03753909129013,84.79
"541310",46,1.67624679043796,92.5
"541320",53,1.34639272865679,89.55
"541330",53,0.553550853304574,74.66
"541340",70,0.30528866337655,68.43
"541350",45,1.28035353914102,88.81
"541360",50,-0.329853231035776,44.35
"541370",56,0.396489461910597,70.86
"541380",45,-0.698306950435102,26.93
"541410",30,2.53337145789857,98.1
"541420",26,-0.0483670134278156,56.18
"541430",32,1.68470321590057,92.82
"541490",22,1.91159420598099,95.14
"541511",13,3.42964689469238,99.68
"541512",14,2.19684728179029,96.83
"541513",36,0.493984441122629,73.5
"541519",32,1.25115549629984,88.28
"541611",20,3.28368546520354,99.47
"541612",33,0.547080038614638,74.55
"541613",30,2.43298922175351,97.57
"541614",46,0.186267683786905,63.78
"541618",21,2.09410958404285,96.09
"541620",41,0.685645355056452,77.3
"541690",28,1.387572971032,89.65
"541713",24,0.76698522631756,79.09
"541714",14,2.2793757587682,97.15
"541715",34,0.397750612588359,70.96
"541720",18,2.16938488075861,96.52
"541810",14,2.09008465261433,95.99
"541820",23,2.58961929923981,98.31
"541830",9,1.93532319538285,95.25
"541840",26,1.33413555175913,89.44
"541850",45,-0.392144313657066,41.92
"541860",34,-0.132690863878607,53.01
"541870",28,1.80517120795116,94.3
"541890",25,0.742540268272716,78.46
"541910",21,1.54412985339176,91.13
"541921",58,0.195450707121052,64.2
"541922",46,1.15905345177958,87.12
"541930",24,1.47007953062527,90.18
"541940",97,-0.270540696950054,47.84
"541990",34,0.752903423374093,78.67
"551111",43,-0.283164941704161,47.41
"551112",43,0.242482865269838,65.89
"551114",48,-0.188601937025796,51
"561110",38,0.96679926829571,83.53
"561210",50,0.0505743652023848,59.35
"561311",31,0.293028691463296,68
"561312",28,1.50613224278809,90.71
"561320",47,-0.449107875440095,38.44
"561330",30,0.268768951926545,67.48
"561410",44,0.934483089757189,83
"561421",49,0.0717610939533275,60.51
"561422",68,-0.126314266260484,53.22
"561431",69,0.591359488860212,75.18
"561439",37,1.53845789194863,90.92
"561440",59,-0.425423747201821,40.34
"561450",19,1.54380863025366,91.02
"561491",58,0.141692647931415,62.72
"561492",45,1.08482760711199,85.64
"561499",34,0.803506388721204,80.04
"561510",21,2.73356314548241,98.42
"561520",30,1.68383665197993,92.71
"561591",68,-0.390195378643645,42.34
"561599",30,1.16097229720499,87.22
"561611",44,0.97834168271917,83.63
"561612",36,1.79510311541468,94.19
"561613",78,0.308618622686662,68.64
"561621",54,0.554801122179791,74.76
"561622",65,0.699475410771313,77.82
"561710",74,0.0197714425977333,58.29
"561720",66,0.289005915044227,67.79
"561730",66,0.82075481299218,80.25
"561740",80,-0.0764422651069014,54.59
"561790",40,1.28473028295308,88.91
"561910",51,-1.3402204788396,4.33
"561920",32,2.5056680948298,97.99
"561990",53,-0.315211356795415,44.98
"562111",81,0.0170254514029399,58.08
"562112",30,0.687884361592645,77.4
"562119",59,0.192971036013328,64.1
"562211",39,-0.558895198256492,33.47
"562212",68,-0.673471373395966,28.3
"562213",22,0.771039817451312,79.41
"562219",53,-0.057943453829046,55.76
"562910",57,-0.0633155038003456,55.65
"562920",63,-0.30016006729497,45.93
"562991",75,-0.144989212318696,52.06
"562998",59,-0.134152853916792,52.8
"611110",59,0.522411081808335,74.02
"611210",45,-0.633183863482411,30.73
"611310",51,-0.209410385212847,50.26
"611410",21,0.769089135740387,79.2
"611420",22,2.91016770764458,98.84
"611430",40,1.15249137269465,87.01
"611511",70,-0.29511340547906,46.46
"611512",46,0.267735165338691,67.37
"611513",69,-0.237416105564829,48.68
"611519",46,1.03000292576296,84.58
"611610",43,0.729738852301398,78.25
"611620",58,1.17065386671018,87.65
"611630",21,2.94677341040386,98.94
"611691",22,2.1179875482871,96.2
"611692",69,-0.284440487214105,47.2
"611699",43,1.52420802631198,90.81
"611710",34,1.5937448698796,91.87
"621111",113,-0.533968219110004,34.64
"621112",58,0.28488579235916,67.69
"621210",78,0.328422194378877,69.17
"621310",99,-0.577145350883541,32.95
"621320",96,-0.803673670089959,21.75
"621330",55,0.520895319060535,73.92
"621340",78,-0.436931229963672,39.28
"621391",68,-0.00933842956933784,57.55
"621399",51,0.823348502182187,80.36
"621410",58,0.389333860252456,70.54
"621420",87,-0.846648005278672,19.85
"621491",17,1.79343135584737,94.09
"621492",77,-0.0166872742337278,57.44
"621493",79,-0.179082653078304,51.21
"621498",49,0.52399043791777,74.23
"621511",48,0.697358572040973,77.72
"621512",46,1.07896378116834,85.43
"621610",42,-0.0682304071144804,55.23
"621910",91,-0.681265754714404,28.09
"621991",99,-0.334546302889383,44.24
"621999",41,0.139321241398535,62.62
"622110",112,-0.774936929772913,22.81
"622210",69,-0.0521329579309227,55.97
"622310",54,-0.32406743484031,44.56
"623110",108,-1.24757943386875,6.02
"623210",84,-0.761744061796852,23.34
"623220",75,-0.194476194148196,50.69
"623311",88,-0.702242694162981,26.5
"623312",75,-0.296097396046,46.25
"623990",61,-0.361577688303004,43.4
"624110",78,-0.0692937280020459,55.12
"624120",44,0.0642602905522081,59.98
"624190",74,-0.257216839713589,48.26
"624210",85,-0.17243033973997,51.53
"624221",72,0.0741612017598161,60.72
"624229",47,0.283457775888798,67.58
"624230",48,0.266495506500563,67.27
"624310",92,-0.849280238506553,19.75
"624410",83,-0.408818774563743,41.61
"711110",46,0.946713400945303,83.32
"711120",50,1.00170805030507,83.74
"711130",42,0.295287760568325,68.11
"711190",33,1.13620820205339,86.8
"711211",55,0.765544556008327,78.99
"711212",42,-0.267800723706213,47.94
"711219",30,1.04437346368316,85.01
"711310",48,1.16217733309616,87.33
"711320",37,0.909496375171229,82.47
"711410",10,2.03952114298958,95.67
"711510",30,2.46145112064542,97.78
"712110",53,0.463657153923756,72.44
"712120",38,0.0520523995003393,59.56
"712130",59,0.242185567600996,65.79
"712190",54,-0.0206862137605475,57.23
"713110",23,-0.0522907260050685,55.86
"713120",75,-0.149825750206099,51.95
"713210",45,-0.236854317287868,48.79
"713290",54,-0.0204612973590313,57.34
"713910",80,-0.658838096672875,29.46
"713920",34,0.398861818279181,71.07
"713930",45,0.25961185478879,66.74
"713940",64,0.84214638696876,80.78
"713950",97,-0.895624176660339,17.74
"713990",61,0.705661990669169,77.93
"721110",52,0.566942254908678,74.87
"721120",21,-0.232656862887238,49
"721191",48,0.180033203367331,63.46
"721199",39,0.228973524411388,65.36
"721211",74,-0.537112336459367,34.32
"721214",46,-0.414269129099292,41.29
"721310",65,-0.44147618367973,39.07
"722310",75,-0.142753523018051,52.48
"722320",44,0.828214646524613,80.57
"722330",59,0.849012776434788,80.89
"722410",90,-0.586277111621346,32.42
"722511",73,0.258548733949923,66.53
"722513",123,-0.62039212731461,31.36
"722514",100,-0.687465752783701,27.77
"722515",72,0.386778286269766,70.22
"811111",102,-0.812380201845506,21.33
"811114",104,-0.708886414986281,26.19
"811121",101,-0.709829655977157,25.98
"811122",101,-0.19399940467387,50.79
"811191",99,-0.482161110277324,37.38
"811192",86,-0.228595020108526,49.31
"811198",68,0.239582019105792,65.68
"811210",51,0.24776240470714,66.21
"811310",90,-1.33188926599623,4.65
"811411",84,-0.740023751600121,23.97
"811412",67,0.477848689611543,73.18
"811420",56,0.618821644711953,75.92
"811430",33,0.635331732970358,76.24
"811490",62,0.207106721677073,64.94
"812111",81,0.0520216932825603,59.45
"812112",86,-0.0890017007709995,54.07
"812113",39,1.64289554378409,92.4
"812191",56,-0.0967515007847982,53.96
"812199",52,1.32954083739711,89.33
"812210",131,-1.16110408909241,8.34
"812220",85,-0.945993752400797,15.63
"812310",56,0.0440872409244313,59.13
"812320",49,0.685402990441432,77.19
"812331",81,-0.418538367833503,40.87
"812332",94,-0.710460478953156,25.87
"812910",85,-0.0396451024442929,56.71
"812921",25,0.103632597986674,61.56
"812922",36,0.937919430901599,83.1
"812930",30,1.98981317630097,95.35
"812990",42,1.62429709198836,92.19
"813110",123,-1.07683954384243,11.19
"813211",38,0.890103336414858,81.94
"813212",28,1.29197478020011,89.02
"813219",49,0.218487753212368,65.05
"813311",42,-0.00254611642840285,57.66
"813312",50,0.624826578722054,76.03
"813319",61,0.330530731843949,69.27
"813410",80,-0.970404335416455,14.47
"813910",47,0.0695231936859405,60.4
"813920",27,0.732691291868636,78.35
"813930",81,-0.837668927704252,20.27
"813940",33,0.81548275232996,80.15
"813990",31,1.5515229989554,91.24
"814110",41,1.61794492197116,92.08
"901149",95,-0.644382666855749,29.99
"901199",49,-0.111586836721893,53.54
"901200",35,0.362203584205668,69.9
"902611",18,0.465317254446275,72.54
"902612",86,-0.486509606811319,37.28
"902619",32,-0.409546570415907,41.5
"902622",43,0.0741942596966845,60.82
"902999",73,-0.376699391819454,43.19
"903611",110,-0.921913623037148,16.58
"903612",64,-0.219153684803842,49.84
"903619",45,-1.10692746740007,10.35
"903622",50,-0.193165365205648,50.9
"903999",94,-0.391314966984298,42.24
"999999",20,0.264432790027175,67.16
