"csa_geoid","csa_name","industrial_diversity","economic_complexity_index","economic_complexity_percentile_score","constituent_county_geoids","constituent_state_fips","constituent_state_names","n_constituent_counties","n_constituent_states"
"388","Montgomery-Selma, AL CSA",220,-0.239129286235629,52.49,"01001|01047|01051|01085|01101","01","Alabama",5,1
"380","Mobile-Daphne-Fairhope, AL CSA",288,0.256744641830582,70.17,"01003|01097","01","Alabama",2,1
"142","Birmingham-Cullman-Talladega, AL CSA",291,-0.511417827485732,36.46,"01007|01009|01021|01037|01043|01073|01115|01117|01121|01127","01","Alabama",10,1
"122","Atlanta--Athens-Clarke County--Sandy Springs, GA-AL CSA",374,1.25488764436231,87.29,"01017|13013|13015|13035|13045|13057|13059|13063|13067|13077|13085|13089|13097|13113|13115|13117|13121|13129|13135|13137|13139|13143|13149|13151|13157|13159|13187|13195|13199|13211|13217|13219|13221|13223|13227|13231|13233|13247|13255|13285|13293|13297","01|13","Alabama|Georgia",42,2
"222","Dothan-Enterprise-Ozark, AL CSA",202,-0.637099344022399,29.28,"01031|01045|01061|01067|01069","01","Alabama",5,1
"250","Florence-Muscle Shoals-Russellville, AL CSA",212,-0.875291712369046,16.57,"01033|01059|01077","01","Alabama",3,1
"290","Huntsville-Decatur-Albertville, AL-TN CSA",218,-0.846705802713638,17.68,"01049|01079|01083|01089|01095|01103|47103","01|47","Alabama|Tennessee",7,2
"174","Chattanooga-Cleveland-Dalton, TN-GA-AL CSA",304,-0.79163861916803,22.1,"01071|13047|13055|13083|13213|13295|13313|47011|47065|47107|47115|47121|47139|47153","01|13|47","Alabama|Georgia|Tennessee",14,3
"194","Columbus-Auburn-Opelika, GA-AL CSA",179,-0.515486330182602,35.36,"01081|01087|01113|01123|13053|13145|13197|13215|13259|13263","01|13","Alabama|Georgia",10,2
"429","Phoenix-Mesa, AZ CSA",316,1.99858363522973,94.48,"04007|04013|04021","04","Arizona",3,1
"536","Tucson-Nogales, AZ CSA",219,1.28512303826364,88.95,"04019|04023","04","Arizona",2,1
"340","Little Rock-North Little Rock, AR CSA",266,-0.399895361273843,40.88,"05025|05045|05053|05069|05085|05105|05119|05125|05145","05","Arkansas",9,1
"308","Jonesboro-Paragould, AR CSA",205,-0.791321891431199,22.65,"05031|05055|05111","05","Arkansas",3,1
"368","Memphis-Clarksdale-Forrest City, TN-MS-AR CSA",275,0.309541844742294,73.48,"05035|05123|28009|28027|28033|28093|28137|28143|47047|47157|47167","05|28|47","Arkansas|Mississippi|Tennessee",11,3
"284","Hot Springs-Malvern, AR CSA",225,0.177982598311676,66.3,"05051|05059","05","Arkansas",2,1
"488","San Jose-San Francisco-Oakland, CA CSA",275,3.20078058747416,98.9,"06001|06013|06041|06047|06055|06069|06075|06077|06081|06085|06087|06095|06099","06","California",13,1
"456","Reno-Carson City-Gardnerville Ranchos, NV-CA CSA",306,0.633167307040536,79.56,"06003|32001|32005|32019|32029|32031|32510","06|32","California|Nevada",7,2
"152","Brookings-Crescent City, OR-CA CSA",139,0.646787784345156,80.11,"06015|41015","06|41","California|Oregon",2,2
"472","Sacramento-Roseville, CA CSA",251,1.56367920319635,91.16,"06017|06057|06061|06067|06101|06113|06115","06","California",7,1
"260","Fresno-Hanford-Corcoran, CA CSA",199,0.00150183352109818,60.77,"06019|06031|06039","06","California",3,1
"348","Los Angeles-Long Beach, CA CSA",353,2.43035776743269,96.69,"06037|06059|06065|06071|06111","06","California",5,1
"454","Redding-Red Bluff, CA CSA",227,0.229172303850774,67.4,"06089|06103","06","California",2,1
"216","Denver-Aurora-Greeley, CO CSA",346,2.42928921165314,96.13,"08001|08005|08013|08014|08019|08031|08035|08039|08047|08059|08093|08123","08","Colorado",12,1
"233","Edwards-Rifle, CO CSA",182,2.26387911440405,95.58,"08037|08045|08097","08","Colorado",3,1
"444","Pueblo-Cañon City, CO CSA",205,0.0154001030593495,61.88,"08043|08101","08","Colorado",2,1
"405","New Haven-Hartford-Waterbury, CT CSA",262,0.308391721255416,72.93,"09110|09130|09140|09150|09160|09170|09180","09","Connecticut",7,1
"408","New York-Newark, NY-NJ-CT-PA CSA",286,3.26395647773647,99.45,"09120|09190|34003|34013|34017|34019|34021|34023|34025|34027|34029|34031|34035|34037|34039|36005|36027|36047|36059|36061|36071|36079|36081|36085|36087|36103|36105|36111|36119|42103","09|34|36|42","Connecticut|New Jersey|New York|Pennsylvania",30,4
"428","Philadelphia-Reading-Camden, PA-NJ-DE-MD CSA",303,0.889722887969382,82.87,"10001|10003|24015|34001|34005|34007|34009|34011|34015|34033|42011|42017|42029|42045|42091|42101","10|24|34|42","Delaware|Maryland|New Jersey|Pennsylvania",16,4
"548","Washington-Baltimore-Arlington, DC-MD-VA-WV-PA CSA",206,3.34781665320921,100,"11001|24003|24005|24009|24013|24017|24019|24021|24025|24027|24031|24033|24035|24037|24041|24043|24510|42055|51013|51043|51047|51059|51061|51069|51107|51137|51153|51157|51177|51179|51187|51510|51600|51610|51630|51683|51685|51840|54003|54027|54037|54065","11|24|42|51|54","District of Columbia|Maryland|Pennsylvania|Virginia|West Virginia",42,5
"264","Gainesville-Lake City, FL CSA",184,0.350747469759504,74.03,"12001|12023|12041|12075","12","Florida",4,1
"300","Jacksonville-Kingsland-Palatka, FL-GA CSA",309,1.5953319444637,92.27,"12003|12019|12031|12089|12107|12109|13039","12|13","Florida|Georgia",7,2
"370","Miami-Port St. Lucie-Fort Lauderdale, FL CSA",365,2.83973331768614,98.34,"12011|12061|12085|12086|12087|12093|12099|12111","12","Florida",8,1
"412","North Port-Bradenton, FL CSA",280,1.60325331439945,92.82,"12015|12027|12081|12115","12","Florida",4,1
"163","Cape Coral-Fort Myers-Naples, FL CSA",263,1.5775412384885,91.71,"12021|12043|12051|12071","12","Florida",4,1
"422","Orlando-Lakeland-Deltona, FL CSA",292,2.00651437385066,95.03,"12035|12069|12095|12097|12105|12117|12119|12127","12","Florida",8,1
"533","Tallahassee-Bainbridge, FL-GA CSA",180,1.26889522876789,87.85,"12039|12065|12073|12129|13087","12|13","Florida|Georgia",5,2
"356","Macon-Bibb County--Warner Robins, GA CSA",166,-0.188482738953818,53.04,"13021|13079|13153|13169|13207|13225|13289","13","Georgia",7,1
"496","Savannah-Hinesville-Statesboro, GA CSA",228,0.258900736606766,70.72,"13029|13031|13051|13103|13109|13179|13183|13305","13","Georgia",8,1
"147","Boise City-Mountain Home-Ontario, ID-OR CSA",322,0.975386591094498,84.53,"16001|16015|16027|16039|16045|16073|16075|41045","16|41","Idaho|Oregon",8,2
"292","Idaho Falls-Rexburg-Blackfoot, ID CSA",247,0.279535543414974,71.27,"16011|16019|16023|16043|16051|16065","16","Idaho",6,1
"518","Spokane-Spokane Valley-Coeur d'Alene, WA-ID CSA",318,0.352239934472473,74.59,"16055|53063|53065","16|53","Idaho|Washington",3,2
"446","Pullman-Moscow, WA-ID CSA",128,0.120375837365984,65.19,"16057|53075","16|53","Idaho|Washington",2,2
"482","Salt Lake City-Provo-Orem, UT-ID CSA",365,1.54456788907037,90.61,"16071|49003|49011|49023|49029|49035|49043|49045|49049|49051|49057","16|49","Idaho|Utah",11,2
"448","Quincy-Hannibal, IL-MO CSA",209,-0.712625121404745,25.41,"17001|29111|29127|29173","17|29","Illinois|Missouri",4,2
"164","Cape Girardeau-Sikeston, MO-IL CSA",232,-0.872995605213225,17.13,"17003|29017|29031|29133|29201","17|29","Illinois|Missouri",5,2
"476","St. Louis-St. Charles-Farmington, MO-IL CSA",312,-0.0839913082090513,55.8,"17005|17013|17027|17083|17117|17119|17121|17133|17163|29071|29099|29113|29183|29187|29189|29219|29510","17|29","Illinois|Missouri",17,2
"466","Rockford-Freeport-Rochelle, IL CSA",251,-1.18535793717358,5.52,"17007|17141|17177|17201","17","Illinois",4,1
"176","Chicago-Naperville, IL-IN-WI CSA",410,0.819067965071569,82.32,"17011|17031|17037|17043|17063|17089|17091|17093|17097|17099|17111|17155|17197|18073|18089|18091|18111|18127|55059","17|18|55","Illinois|Indiana|Wisconsin",19,3
"169","Champaign-Urbana-Danville, IL CSA",173,-0.288312809216404,48.07,"17019|17053|17147|17183","17","Illinois",4,1
"522","Springfield-Jacksonville-Lincoln, IL CSA",143,-0.284391134935474,48.62,"17021|17107|17129|17137|17167|17171","17","Illinois",6,1
"427","Peoria-Canton, IL CSA",203,-0.586647568587823,32.04,"17057|17123|17143|17175|17179|17203","17","Illinois",6,1
"161","Burlington-Fort Madison, IA-IL CSA",180,-1.18071375176562,6.08,"17071|19057|19111","17|19","Illinois|Iowa",3,2
"209","Davenport-Moline, IA-IL CSA",257,-1.25822635985109,3.87,"17073|17131|17161|19045|19139|19163","17|19","Illinois|Iowa",6,2
"166","Carbondale-Marion-Herrin, IL CSA",152,-0.532530434140113,33.15,"17077|17199","17","Illinois",2,1
"221","Dixon-Sterling, IL CSA",173,-1.3517694586923,2.21,"17103|17195","17","Illinois",2,1
"145","Bloomington-Pontiac, IL CSA",146,-0.604749864562735,30.39,"17105|17113","17","Illinois",2,1
"424","Paducah-Mayfield, KY-IL CSA",213,-0.396299791667222,41.44,"17127|21007|21039|21083|21139|21145","17|21","Illinois|Kentucky",6,2
"258","Fort Wayne-Huntington-Auburn, IN CSA",313,-1.34654270832673,2.76,"18001|18003|18033|18069|18113|18151|18179|18183","18","Indiana",8,1
"294","Indianapolis-Carmel-Muncie, IN CSA",316,-0.492517045936356,37.57,"18005|18011|18013|18031|18035|18057|18059|18063|18065|18067|18071|18081|18095|18097|18103|18107|18109|18133|18145|18159","18","Indiana",20,1
"320","Lafayette-West Lafayette-Frankfort, IN CSA",204,-1.10266595924158,7.73,"18007|18015|18023|18157|18171|18181","18","Indiana",6,1
"350","Louisville/Jefferson County--Elizabethtown, KY-IN CSA",311,-0.240616753732321,51.93,"18019|18043|18061|18175|21029|21093|21103|21111|21123|21163|21179|21185|21211|21215","18|21","Indiana|Kentucky",14,2
"178","Cincinnati-Wilmington, OH-KY-IN CSA",335,-0.433827393395971,39.78,"18029|18047|18115|21015|21023|21037|21077|21081|21117|21191|39015|39017|39025|39027|39061|39165","18|21|39","Indiana|Kentucky|Ohio",16,3
"515","South Bend-Elkhart-Mishawaka, IN-MI CSA",293,-1.30452564505559,3.31,"18039|18085|18099|18141|26021|26027","18|26","Indiana|Michigan",6,2
"458","Richmond-Connersville, IN CSA",170,-1.4566261950975,1.1,"18041|18177","18","Indiana",2,1
"144","Bloomington-Bedford, IN CSA",164,-0.0192379885616746,59.12,"18093|18105|18119","18","Indiana",3,1
"241","Evansville-Henderson, IN-KY CSA",258,-0.917343881113066,12.71,"18129|18163|18173|21101|21233","18|21","Indiana|Kentucky",5,2
"168","Cedar Rapids-Iowa City, IA CSA",204,-0.59249881345069,31.49,"19011|19103|19105|19113|19183","19","Iowa",5,1
"218","Des Moines-West Des Moines-Ames, IA CSA",253,-0.0375824126203996,56.91,"19015|19049|19077|19099|19121|19123|19125|19153|19169|19181","19","Iowa",10,1
"517","Spencer-Spirit Lake, IA CSA",175,-0.536970500931671,32.6,"19041|19059","19","Iowa",2,1
"420","Omaha-Fremont, NE-IA CSA",269,0.446450936090871,77.35,"19085|19129|19155|31025|31053|31055|31153|31155|31177","19|31","Iowa|Nebraska",9,2
"512","Sioux City-Le Mars, IA-NE-SD CSA",195,-1.09960962936971,8.84,"19149|19193|31043|46127","19|31|46","Iowa|Nebraska|South Dakota",4,3
"312","Kansas City-Overland Park-Kansas City, MO-KS CSA",326,0.250633519161999,69.61,"20005|20043|20045|20059|20091|20103|20107|20121|20209|29003|29013|29021|29025|29037|29047|29049|29063|29095|29101|29107|29165|29177","20|29","Kansas|Missouri",22,2
"556","Wichita-Arkansas City-Winfield, KS CSA",254,-0.352137480363424,43.65,"20015|20035|20079|20173|20191","20","Kansas",5,1
"309","Joplin-Miami, MO-OK-KS CSA",242,-1.09969332565684,8.29,"20021|29097|29145|40115","20|29|40","Kansas|Missouri|Oklahoma",4,3
"150","Bowling Green-Glasgow-Franklin, KY CSA",242,-0.955218031195292,12.15,"21003|21009|21031|21061|21169|21213|21227","21","Kentucky",7,1
"336","Lexington-Fayette--Richmond--Frankfort, KY CSA",239,-0.38000492401177,41.99,"21005|21011|21017|21049|21065|21067|21073|21113|21151|21165|21173|21203|21209|21239","21","Kentucky",14,1
"371","Middlesborough-Corbin, KY CSA",181,-0.764872726382479,23.2,"21013|21051|21121|21125|21235","21","Kentucky",5,1
"170","Charleston-Huntington-Ashland, WV-OH-KY CSA",231,-0.604523295064501,30.94,"21019|21043|21089|21127|39087|39145|54005|54011|54015|54039|54079|54099","21|39|54","Kentucky|Ohio|West Virginia",12,3
"318","Lafayette-New Iberia-Opelousas, LA CSA",270,-0.0261837187189861,58.01,"22001|22045|22055|22097|22099|22113","22","Louisiana",6,1
"132","Baton Rouge-Hammond, LA CSA",249,0.108831931728363,64.64,"22005|22007|22033|22037|22047|22063|22077|22091|22105|22121|22125","22","Louisiana",11,1
"324","Lake Charles-DeRidder, LA CSA",217,-0.140963145428694,54.14,"22011|22019|22023|22053","22","Louisiana",4,1
"508","Shreveport-Bossier City-Minden, LA CSA",247,-0.27383348286039,49.17,"22015|22017|22031|22119","22","Louisiana",4,1
"406","New Orleans-Metairie-Slidell, LA-MS CSA",298,1.36186429425501,89.5,"22051|22071|22075|22087|22089|22093|22095|22103|22117|28109","22|28","Louisiana|Mississippi",10,2
"384","Monroe-Ruston, LA CSA",232,-0.45280996915281,38.67,"22061|22067|22073|22083|22111","22","Louisiana",5,1
"438","Portland-Lewiston-South Portland, ME CSA",280,0.773932052970019,81.77,"23001|23005|23023|23031","23","Maine",4,1
"480","Salisbury-Ocean Pines, MD CSA",216,0.548638814312365,78.45,"24039|24045|24047","24","Maryland",3,1
"148","Boston-Worcester-Providence, MA-RI-NH CSA",330,1.79916290583948,93.92,"25001|25005|25009|25017|25021|25023|25025|25027|33001|33011|33013|33015|33017|44001|44003|44005|44007|44009","25|33|44","Massachusetts|New Hampshire|Rhode Island",18,3
"521","Springfield-Amherst Town-Northampton, MA CSA",250,-0.0260725031805536,58.56,"25011|25013|25015","25","Massachusetts",3,1
"266","Grand Rapids-Wyoming, MI CSA",334,-0.66090918626901,27.62,"26005|26015|26067|26081|26107|26117|26121|26139","26","Michigan",8,1
"474","Saginaw-Midland-Bay City, MI CSA",240,-0.365814108511118,42.54,"26017|26111|26145","26","Michigan",3,1
"310","Kalamazoo-Battle Creek-Portage, MI CSA",242,-0.716397963715006,24.86,"26025|26077|26149","26","Michigan",3,1
"330","Lansing-East Lansing-Owosso, MI CSA",216,-0.112099770827022,54.7,"26037|26045|26065|26155","26","Michigan",4,1
"361","Marinette-Iron Mountain, WI-MI CSA",192,-0.96790877384481,11.05,"26043|26109|55037|55075","26|55","Michigan|Wisconsin",4,2
"220","Detroit-Warren-Ann Arbor, MI CSA",301,0.0465842566609877,63.54,"26049|26087|26091|26093|26099|26115|26125|26147|26161|26163","26","Michigan",10,1
"394","Mount Pleasant-Alma, MI CSA",164,-0.904020517263071,14.92,"26057|26073","26","Michigan",2,1
"378","Minneapolis-St. Paul, MN-WI CSA",348,0.289161839137788,71.82,"27003|27009|27019|27025|27037|27049|27053|27059|27079|27085|27095|27123|27131|27139|27141|27145|27147|27163|27171|55093|55109","27|55","Minnesota|Wisconsin",21,2
"359","Mankato-New Ulm, MN CSA",206,-0.679670595206771,27.07,"27013|27015|27103","27","Minnesota",3,1
"228","Duluth-Grand Rapids, MN-WI CSA",216,-0.267852193126746,49.72,"27017|27061|27137|55031","27|55","Minnesota|Wisconsin",4,2
"244","Fargo-Wahpeton, ND-MN CSA",235,0.0314552067985517,62.98,"27027|27167|38017|38077","27|38","Minnesota|North Dakota",4,2
"462","Rochester-Austin-Winona, MN CSA",173,-0.915257328237163,13.81,"27039|27045|27099|27109|27157|27169","27","Minnesota",6,1
"317","La Crosse-Onalaska-Sparta, WI-MN CSA",188,-0.695939272710552,26.52,"27055|55063|55081|55123","27|55","Minnesota|Wisconsin",4,2
"539","Tupelo-Corinth, MS CSA",203,-1.1786704745089,6.63,"28003|28057|28081|28117","28","Mississippi",4,1
"298","Jackson-Vicksburg-Brookhaven, MS CSA",236,-0.500597661807529,37.02,"28029|28049|28051|28085|28089|28121|28123|28127|28149|28163","28","Mississippi",10,1
"279","Hattiesburg-Laurel, MS CSA",171,-0.967309274178318,11.6,"28035|28061|28067|28073|28111","28","Mississippi",5,1
"523","Starkville-Columbus, MS CSA",171,-0.658349243358907,28.18,"28087|28103|28105|28155","28","Mississippi",4,1
"190","Columbia-Jefferson City-Moberly, MO CSA",213,-0.810985740423895,20.44,"29007|29019|29027|29051|29053|29089|29135|29151|29175","29","Missouri",9,1
"339","Lincoln-Beatrice, NE CSA",229,-0.0180223116530756,59.67,"31067|31109|31159","31","Nebraska",3,1
"332","Las Vegas-Henderson, NV CSA",234,2.45522879336401,97.24,"32003|32023","32","Nevada",2,1
"313","Keene-Brattleboro, NH-VT CSA",228,0.0180963413891693,62.43,"33005|50025","33|50","New Hampshire|Vermont",2,2
"106","Allentown-Bethlehem-East Stroudsburg, PA-NJ CSA",283,-0.297157615694063,46.96,"34041|42025|42077|42089|42095","34|42","New Jersey|Pennsylvania",5,2
"105","Albuquerque-Santa Fe-Los Alamos, NM CSA",227,1.46046064650003,90.06,"35001|35028|35033|35039|35043|35047|35049|35057|35061","35","New Mexico",9,1
"238","El Paso-Las Cruces, TX-NM CSA",213,0.303744720167666,72.38,"35013|48141|48229","35|48","New Mexico|Texas",3,2
"104","Albany-Schenectady, NY CSA",248,0.237437352275304,67.96,"36001|36021|36035|36057|36083|36091|36093|36095|36113|36115","36","New York",10,1
"160","Buffalo-Cheektowaga-Olean, NY CSA",297,-0.145037171298634,53.59,"36009|36029|36063","36","New York",3,1
"532","Syracuse-Auburn, NY CSA",256,-0.262498605802074,50.83,"36011|36053|36067|36075","36","New York",4,1
"236","Elmira-Corning, NY CSA",190,-0.524894158933563,34.25,"36015|36101","36","New York",2,1
"296","Ithaca-Cortland, NY CSA",165,0.457688945204572,77.9,"36023|36109","36","New York",2,1
"464","Rochester-Batavia-Seneca Falls, NY CSA",255,0.00875771237607009,61.33,"36037|36051|36055|36069|36073|36099|36117","36","New York",7,1
"268","Greensboro--Winston-Salem--High Point, NC CSA",330,-0.363533740459784,43.09,"37001|37057|37059|37067|37081|37151|37157|37169|37171|37197","37","North Carolina",10,1
"172","Charlotte-Concord, NC-SC CSA",365,0.209438855949712,66.85,"37003|37007|37023|37025|37027|37035|37045|37071|37097|37109|37111|37119|37159|37167|37179|45023|45057|45091","37|45","North Carolina|South Carolina",18,2
"274","Greenville-Washington, NC CSA",187,0.170970207443007,65.75,"37013|37147","37","North Carolina",2,1
"120","Asheville-Waynesville-Brevard, NC CSA",301,0.741834857299892,81.22,"37021|37087|37089|37115|37175","37","North Carolina",5,1
"545","Virginia Beach-Chesapeake, VA-NC CSA",212,1.08517468200516,86.19,"37029|37053|37055|37073|37139|51073|51093|51095|51115|51181|51199|51550|51650|51700|51710|51735|51740|51800|51810|51830","37|51","North Carolina|Virginia",20,2
"404","New Bern-Morehead City, NC CSA",174,0.594741342061843,79.01,"37031|37049|37103|37137","37","North Carolina",4,1
"450","Raleigh-Durham-Cary, NC CSA",246,1.67916637904412,93.37,"37037|37063|37069|37085|37101|37105|37135|37145|37181|37183","37","North Carolina",10,1
"246","Fayetteville-Lumberton-Pinehurst, NC CSA",170,-0.340577118704554,45.3,"37051|37093|37125|37153|37155|37165","37","North Carolina",6,1
"468","Rocky Mount-Wilson-Roanoke Rapids, NC CSA",228,-0.649780751895686,28.73,"37065|37083|37127|37131|37195","37","North Carolina",5,1
"338","Lima-Van Wert-Celina, OH CSA",237,-1.46271969472768,0.55,"39003|39011|39107|39161","39","Ohio",4,1
"360","Mansfield-Ashland-Bucyrus, OH CSA",231,-1.2268700886606,4.42,"39005|39033|39139","39","Ohio",3,1
"184","Cleveland-Akron-Canton, OH CSA",381,-0.795554155923729,21.55,"39007|39019|39031|39035|39043|39055|39077|39085|39093|39103|39123|39133|39143|39151|39153|39157|39169","39","Ohio",17,1
"198","Columbus-Marion-Zanesville, OH CSA",280,-0.512646949609613,35.91,"39009|39041|39045|39047|39049|39059|39073|39083|39089|39091|39097|39101|39117|39119|39127|39129|39141|39159","39","Ohio",18,1
"212","Dayton-Springfield-Kettering, OH CSA",281,-1.2232499833813,4.97,"39021|39023|39037|39057|39109|39113|39149","39","Ohio",7,1
"566","Youngstown-Warren-Salem, OH CSA",284,-0.834246597962697,18.23,"39029|39099|39155","39","Ohio",3,1
"248","Findlay-Tiffin, OH CSA",183,-1.43161769400853,1.66,"39063|39147","39","Ohio",2,1
"430","Pittsburgh-Weirton-Steubenville, PA-OH-WV CSA",321,-0.481262330375132,38.12,"39081|42003|42005|42007|42019|42051|42063|42073|42085|42125|42129|54009|54029","39|42|54","Ohio|Pennsylvania|West Virginia",13,3
"425","Parkersburg-Marietta-Vienna, WV-OH CSA",199,-0.812724620979418,19.89,"39167|54105|54107","39|54","Ohio|West Virginia",3,2
"555","Weatherford-Elk City, OK CSA",146,-0.735131453261231,23.76,"40009|40039|40149","40","Oklahoma",3,1
"206","Dallas-Fort Worth, TX-OK CSA",379,1.28012458596382,88.4,"40013|48085|48097|48113|48121|48139|48147|48181|48213|48221|48223|48231|48251|48257|48349|48363|48367|48397|48439|48497","40|48","Oklahoma|Texas",20,2
"416","Oklahoma City-Shawnee, OK CSA",270,0.371431575502173,75.69,"40017|40027|40051|40081|40083|40087|40109|40125","40","Oklahoma",8,1
"334","Lawton-Duncan, OK CSA",134,-0.422206799344617,40.33,"40031|40033|40137","40","Oklahoma",3,1
"538","Tulsa-Bartlesville-Muskogee, OK CSA",302,0.0504414900126435,64.09,"40037|40101|40111|40113|40117|40131|40143|40145|40147","40","Oklahoma",9,1
"440","Portland-Vancouver-Salem, OR-WA CSA",342,1.04917646827799,85.64,"41003|41005|41009|41043|41047|41051|41053|41067|41071|53011|53015|53059","41|53","Oregon|Washington",12,2
"366","Medford-Grants Pass, OR CSA",261,0.38528242034512,76.24,"41029|41033","41","Oregon",2,1
"276","Harrisburg-York-Lebanon, PA CSA",279,-0.832373650870403,18.78,"42001|42041|42043|42075|42099|42133","42","Pennsylvania",6,1
"107","Altoona-Huntingdon, PA CSA",219,-0.831793180078098,19.34,"42013|42061","42","Pennsylvania",2,1
"306","Johnstown-Somerset, PA CSA",243,-0.907350473800801,14.36,"42021|42111","42","Pennsylvania",2,1
"524","State College-DuBois, PA CSA",179,-0.720515891582848,24.31,"42027|42033","42","Pennsylvania",2,1
"558","Williamsport-Lock Haven, PA CSA",220,-0.806189508034479,20.99,"42035|42081","42","Pennsylvania",2,1
"146","Bloomsburg-Berwick-Sunbury, PA CSA",221,-1.10274339981793,7.18,"42037|42093|42097|42109|42119","42","Pennsylvania",5,1
"240","Erie-Meadville, PA CSA",246,-0.998910144511499,10.5,"42039|42049","42","Pennsylvania",2,1
"273","Greenville-Spartanburg-Anderson, SC CSA",322,-0.626899438852252,29.83,"45001|45007|45021|45045|45047|45059|45073|45077|45083|45087","45","South Carolina",10,1
"192","Columbia-Sumter-Orangeburg, SC CSA",289,-0.0510591277993115,56.35,"45017|45039|45055|45063|45071|45075|45079|45081|45085","45","South Carolina",9,1
"396","Myrtle Beach-Conway, SC CSA",247,1.22829085116979,86.74,"45043|45051","45","South Carolina",2,1
"452","Rapid City-Spearfish, SD CSA",262,0.405654262002399,76.8,"46033|46081|46093|46103","46","South Dakota",4,1
"315","Knoxville-Morristown-Sevierville, TN CSA",296,-0.265016876884231,50.28,"47001|47009|47013|47029|47057|47063|47089|47093|47105|47129|47145|47155|47173","47","Tennessee",13,1
"400","Nashville-Davidson--Murfreesboro, TN CSA",337,0.966581685002015,83.43,"47003|47015|47021|47031|47037|47043|47051|47081|47099|47111|47117|47119|47127|47147|47149|47159|47165|47169|47187|47189","47","Tennessee",20,1
"304","Johnson City-Kingsport-Bristol, TN-VA CSA",245,-1.08800344752749,9.39,"47019|47059|47073|47163|47171|47179|51169|51191|51520","47|51","Tennessee|Virginia",9,2
"542","Union City-Martin, TN CSA",144,-0.89574380781009,16.02,"47131|47183","47","Tennessee",2,1
"372","Midland-Odessa-Andrews, TX CSA",172,-0.34789220549458,44.2,"48003|48135|48317|48329","48","Texas",4,1
"204","Corpus Christi-Kingsville-Alice, TX CSA",226,0.247860422260183,69.06,"48007|48047|48249|48273|48355|48409","48","Texas",6,1
"108","Amarillo-Borger, TX CSA",256,-0.333383802704781,46.41,"48011|48065|48233|48359|48375|48381","48","Texas",6,1
"484","San Antonio-New Braunfels-Kerrville, TX CSA",253,0.676117302079688,80.66,"48013|48019|48029|48091|48171|48187|48259|48265|48325|48493","48","Texas",10,1
"288","Houston-Pasadena, TX CSA",330,0.974645151601725,83.98,"48015|48039|48071|48157|48167|48201|48291|48321|48339|48407|48471|48473|48477|48481","48","Texas",14,1
"544","Victoria-Port Lavaca, TX CSA",206,-0.0287523241670697,57.46,"48057|48175|48469","48","Texas",3,1
"101","Abilene-Sweetwater, TX CSA",203,-0.29694411970012,47.51,"48059|48253|48353|48441","48","Texas",4,1
"154","Brownsville-Harlingen-Raymondville, TX CSA",176,0.23891879792079,68.51,"48061|48489","48","Texas",2,1
"540","Tyler-Jacksonville, TX CSA",239,-0.246843993380848,51.38,"48073|48423","48","Texas",2,1
"352","Lubbock-Plainview, TX CSA",235,-0.101624598991468,55.25,"48079|48107|48153|48169|48189|48219|48303|48305","48","Texas",8,1
"365","McAllen-Edinburg, TX CSA",182,0.360265031548858,75.14,"48215|48427","48","Texas",2,1
"162","Burlington-South Burlington-Barre, VT CSA",249,0.982960620728131,85.08,"50007|50011|50013|50023","50","Vermont",4,1
"277","Harrisonburg-Staunton-Stuarts Draft, VA CSA",210,-0.335507728545373,45.86,"51015|51165|51660|51790|51820","51","Virginia",5,1
"393","Moses Lake-Othello, WA CSA",130,-0.519258315793272,34.81,"53001|53025","53","Washington",2,1
"314","Kennewick-Richland-Walla Walla, WA CSA",176,-0.0136039244937797,60.22,"53005|53021|53071","53","Washington",3,1
"500","Seattle-Tacoma, WA CSA",268,2.56865033997137,97.79,"53029|53033|53035|53041|53045|53053|53057|53061|53067","53","Washington",9,1
"242","Fairmont-Clarksburg, WV CSA",167,-0.527906004416114,33.7,"54017|54033|54049|54091","54","West Virginia",4,1
"267","Green Bay-Shawano, WI CSA",254,-0.896804669349169,15.47,"55009|55061|55078|55083|55115","55","Wisconsin",5,1
"118","Appleton-Oshkosh-Neenah, WI CSA",242,-0.916929856037703,13.26,"55015|55087|55139","55","Wisconsin",3,1
"232","Eau Claire-Menomonie, WI CSA",236,-0.70782412702235,25.97,"55017|55033|55035","55","Wisconsin",3,1
"357","Madison-Janesville-Beloit, WI CSA",288,-0.347845278268766,44.75,"55021|55025|55045|55049|55105|55111","55","Wisconsin",6,1
"376","Milwaukee-Racine-Waukesha, WI CSA",351,-0.450662103925248,39.23,"55027|55055|55079|55089|55101|55127|55131|55133","55","Wisconsin",8,1
"554","Wausau-Stevens Point-Wisconsin Rapids, WI CSA",251,-1.03286180519398,9.94,"55073|55097|55141","55","Wisconsin",3,1
