"commuting_zone_geoid","commuting_zone_name","industrial_diversity","economic_complexity_index","economic_complexity_percentile_score","constituent_county_geoids","constituent_state_fips","constituent_state_names","n_constituent_counties","n_constituent_states"
"1","Montgomery, AL",216,0.573908996790087,75,"01001|01011|01013|01041|01051|01085|01101|01109","01","Alabama",8,1
"2","Mobile, AL",297,0.357831187248142,69.56,"01003|01025|01097|01129|01131","01","Alabama",5,1
"3","Dothan, AL",210,-0.334154954621622,40.65,"01005|01031|01045|01061|01067|01069|13037|13061|13099|13239|13243","01|13","Alabama|Georgia",11,2
"4","Tuscaloosa, AL",197,-0.306398104448422,43.2,"01007|01047|01063|01065|01091|01105|01107|01119|01125","01","Alabama",9,1
"5","Birmingham, AL",298,0.596327039129296,76.7,"01009|01021|01043|01073|01115|01117|01127|01133","01","Alabama",8,1
"6","Anniston--Oxford, AL",226,-0.150497358020678,50,"01015|01027|01029|01037|01111|01121|01123|13045|13143|13149","01|13","Alabama|Georgia",10,2
"7","Columbus, GA-AL",212,0.357939281849005,69.73,"01017|01081|01087|01113|13053|13077|13145|13197|13199|13215|13263|13269|13285","01|13","Alabama|Georgia",13,2
"8","Gadsden, AL",229,-0.378662624728117,38.95,"01019|01049|01055|01071|01095","01","Alabama",5,1
"9","Meridian, MS",167,-0.739288457205067,23.3,"01023|28023|28069|28075|28079|28099|28101|28123","01|28","Alabama|Mississippi",8,2
"10","Huntsville, AL",233,0.654215430557868,77.72,"01033|01059|01077|01079|01083|01089|01103|47103","01|47","Alabama|Tennessee",8,2
"11","Andalusia, AL",183,-0.92194218475964,17.69,"01035|01039|01053|01099","01","Alabama",4,1
"12","Hamilton, AL",125,-0.911824782124966,17.86,"01057|01075|01093","01","Alabama",3,1
"565","Akutan, AK",33,-0.245146286929764,45.41,"02013","02","Alaska",1,1
"566","Unalaska, AK",45,0.782193238551712,80.44,"02016","02","Alaska",1,1
"567","Anchorage, AK",235,1.02021864539029,84.18,"02020|02063|02066|02170|02282","02","Alaska",5,1
"568","Bethel, AK",60,0.593013697679055,76.53,"02050","02","Alaska",1,1
"569","Kenai, AK",192,0.222094012217714,64.29,"02060|02122|02164","02","Alaska",3,1
"570","Fairbanks, AK",165,0.143493664244351,60.88,"02068|02090|02240|02290","02","Alaska",4,1
"571","Dillingham, AK",49,0.223012614473028,64.46,"02070","02","Alaska",1,1
"572","Haines, AK",98,0.287049571214402,66.84,"02100","02","Alaska",1,1
"573","Juneau, AK",140,1.28659845984676,89.12,"02105|02110","02","Alaska",2,1
"574","Ketchikan, AK",116,0.505649453781291,73.3,"02130","02","Alaska",1,1
"575","Kodiak--Mill Bay, AK",103,0.516008180145576,73.81,"02150","02","Alaska",1,1
"576","Hooper Bay, AK",33,-0.22145339461486,46.6,"02158","02","Alaska",1,1
"577","Nome, AK",65,-0.0657729349942973,53.4,"02180","02","Alaska",1,1
"578","Utqiaġvik, AK",51,-0.07688575501042,53.23,"02185","02","Alaska",1,1
"579","Kotzebue, AK",39,0.384307764435787,70.41,"02188","02","Alaska",1,1
"580","Petersburg, AK",89,0.243665262532193,64.97,"02195","02","Alaska",1,1
"581","Metlakatla, AK",69,0.285700450925085,66.67,"02198","02","Alaska",1,1
"582","Sitka, AK",119,1.10308861009292,86.22,"02220","02","Alaska",1,1
"583","Skagway, AK",72,0.865148039493278,81.97,"02230","02","Alaska",1,1
"584","Wrangell, AK",61,0.577993986939322,75.51,"02275","02","Alaska",1,1
"13","Gallup, NM",132,-0.625814384934488,27.89,"04001|04017|35006|35031","04|35","Arizona|New Mexico",4,2
"14","Tucson, AZ",216,1.21734361107238,87.59,"04003|04019|04023","04","Arizona",3,1
"15","Prescott--Prescott Valley, AZ",227,0.563354175464401,74.66,"04005|04025|49025","04|49","Arizona|Utah",3,2
"16","Phoenix--Mesa--Scottsdale, AZ",316,2.14441175643154,96.26,"04007|04013|04021","04","Arizona",3,1
"17","Safford, AZ",130,-0.967711065335985,15.99,"04009|04011|35003|35017|35023|35029","04|35","Arizona|New Mexico",6,2
"18","Los Angeles--Long Beach--Anaheim, CA",355,2.73870061509653,98.81,"04012|04015|06037|06059|06065|06071|06111","04|06","Arizona|California",7,2
"19","Yuma, AZ-CA",152,-0.310063249176845,42.86,"04027|06025","04|06","Arizona|California",2,2
"20","Helena-West Helena, AR",144,-1.07213611303206,13.1,"05001|05037|05077|05095|05107|05117|05123","05","Arkansas",7,1
"21","Pine Bluff, AR",169,-1.00767696974623,15.14,"05003|05011|05017|05025|05041|05043|05069|05079","05","Arkansas",8,1
"22","Mountain Home, AR",172,-0.0993036724333992,52.38,"05005|05089|29153","05|29","Arkansas|Missouri",3,2
"23","Fayetteville--Springdale--Rogers, AR-MO",238,0.784661680273791,80.78,"05007|05087|05143|29119","05|29","Arkansas|Missouri",4,2
"24","Harrison, AR",174,-0.511054020665934,34.01,"05009|05015|05101","05","Arkansas",3,1
"25","El Dorado, AR",153,-0.73162645404681,23.64,"05013|05039|05103|05139","05","Arkansas",4,1
"26","Hot Springs, AR",209,-0.444889025692786,37.07,"05019|05051|05057|05059|05061|05097|05099|05109","05","Arkansas",8,1
"27","Jonesboro, AR",205,-0.43684822800085,37.41,"05021|05031|05055|05075|05111|05121","05","Arkansas",6,1
"28","Heber Springs, AR",157,-0.392339357829599,38.78,"05023|05129|05141","05","Arkansas",3,1
"29","Magnolia, AR",113,-0.999100087856225,15.48,"05027|05073","05","Arkansas",2,1
"30","Little Rock, AR",256,0.576295195852182,75.34,"05029|05045|05053|05085|05105|05119|05125","05","Arkansas",7,1
"31","Fort Smith, AR-OK",231,-0.0993763332466786,52.21,"05033|05047|05083|05127|05131|40135","05|40","Arkansas|Oklahoma",6,2
"32","Memphis, TN-MS-AR",270,1.45395734796195,91.84,"05035|28009|28033|28093|28137|28143|47047|47157|47167","05|28|47","Arkansas|Mississippi|Tennessee",9,3
"33","Batesville, AR",160,-0.563260894972199,30.78,"05049|05063|05065|05135|05137","05","Arkansas",5,1
"34","Searcy, AR",172,-0.75784555027598,22.79,"05067|05145|05147","05","Arkansas",3,1
"35","Russellville, AR",173,-0.610873795865815,28.57,"05071|05115|05149","05","Arkansas",3,1
"36","Texarkana, TX-AR",207,-0.461429288011399,36.22,"05081|05091|48037|48063|48067|48159|48343|48449","05|48","Arkansas|Texas",8,2
"37","Blytheville, AR",124,-0.762242756330639,22.62,"05093|29069|29155","05|29","Arkansas|Missouri",3,2
"38","De Queen, AR",150,-0.835387208480078,20.24,"05113|05133|40023|40089|40127","05|40","Arkansas|Oklahoma",5,2
"39","San Francisco--Oakland, CA",294,3.28397018527119,99.66,"06001|06013|06041|06055|06075|06081|06095|06097","06","California",8,1
"40","Reno, NV-CA",297,1.1061358649817,86.39,"06003|06017|32001|32005|32019|32021|32029|32031|32510","06|32","California|Nevada",9,2
"41","Stockton, CA",243,0.129290459159426,60.37,"06005|06009|06047|06077|06099|06109","06","California",6,1
"42","Redding, CA",241,0.153505259634671,61.56,"06007|06021|06089|06103|06105","06","California",5,1
"43","Sacramento, CA",240,1.35534653172638,90.31,"06011|06057|06061|06067|06101|06113|06115","06","California",7,1
"44","Crescent, CA",139,0.0100070360241046,55.95,"06015|41015","06|41","California|Oregon",2,2
"45","Fresno, CA",212,0.30471231583818,67.69,"06019|06031|06039|06043|06107","06","California",5,1
"46","Eureka, CA",181,0.216581908465429,63.44,"06023","06","California",1,1
"47","Bakersfield, CA",179,-0.260149526298662,44.9,"06027|06029|06051","06","California",3,1
"48","Ukiah, CA",183,0.217042045929227,63.95,"06033|06045","06","California",2,1
"49","Susanville, CA",138,-0.1467184669274,50.51,"06035|06063|06091","06","California",3,1
"50","Klamath Falls--Altamont, OR",178,-0.461822965239808,36.05,"06049|06093|41035","06|41","California|Oregon",3,2
"51","San Jose, CA",169,3.07506837717832,99.49,"06053|06069|06085|06087","06","California",4,1
"52","San Diego, CA",282,2.8598204739811,99.15,"06073","06","California",1,1
"53","Santa Barbara, CA",241,1.72940272105308,94.39,"06079|06083","06","California",2,1
"54","Denver--Aurora, CO",329,2.71708022059134,98.64,"08001|08005|08013|08014|08019|08031|08035|08039|08047|08059|08093","08","Colorado",11,1
"55","Alamosa, CO",160,-0.489807221903828,34.86,"08003|08021|08023|08079|08105|08109","08","Colorado",6,1
"56","Farmington, NM",233,-0.160959289488999,49.15,"08007|08033|08067|08083|08111|35045","08|35","Colorado|New Mexico",6,2
"57","Lamar, CO",110,-1.24129672290312,7.99,"08009|08011|08061|08099","08","Colorado",4,1
"58","Salida, CO",168,0.656716226291985,77.89,"08015","08","Colorado",1,1
"59","Burlington, CO",111,-1.11179931547499,11.56,"08017|08063","08","Colorado",2,1
"60","Colorado Springs, CO",223,1.03889394134205,84.35,"08025|08027|08041|08043|08073|08089|08101|08119","08","Colorado",8,1
"61","Grand Junction, CO",290,0.361358029557225,70.07,"08029|08077|08085|08091|08113","08","Colorado",5,1
"62","Edwards--Avon, CO",191,1.30953801846353,89.8,"08037|08045|08065|08097|08117","08","Colorado",5,1
"63","Laramie, WY",144,0.144949726314519,61.05,"08049|08057|56001","08|56","Colorado|Wyoming",3,2
"64","Gunnison, CO",165,0.980280635855952,83.5,"08051|08053","08","Colorado",2,1
"65","Trinidad, CO",122,-0.592797067716828,29.25,"08055|08071","08","Colorado",2,1
"66","Fort Collins, CO",288,0.438656930664868,71.77,"08069|08087|08123","08","Colorado",3,1
"67","Sterling, CO",116,-1.76166794014984,1.19,"08075|08095|08121|08125","08","Colorado",4,1
"68","Steamboat Springs, CO",205,0.490834831851207,73.13,"08081|08103|08107","08","Colorado",3,1
"69","Sidney, NE",104,-1.42422510804865,4.59,"08115|31033|31049|31069","08|31","Colorado|Nebraska",4,2
"70","Hartford, CT",299,2.24091811481285,96.77,"09110|09120|09130|09140|09150|09160|09170|09180|09190","09","Connecticut",9,1
"71","Dover, DE",255,0.55564515197588,74.49,"10001|10005|24011|24019|24029|24035|24039|24041|24045|24047","10|24","Delaware|Maryland",10,2
"72","Philadelphia, PA",273,2.65028430169141,98.13,"10003|24015|42017|42029|42045|42091|42101","10|24|42","Delaware|Maryland|Pennsylvania",7,3
"73","Washington, DC",156,3.554512464475,100,"11001|24009|24017|24033|24037|51013|51059|51153|51510|51600|51610|51683|51685","11|24|51","District of Columbia|Maryland|Virginia",13,3
"74","Gainesville, FL",165,0.831870463054568,81.29,"12001|12029|12041|12075","12","Florida",4,1
"75","Jacksonville, FL",307,1.65448386128037,93.71,"12003|12007|12019|12031|12089|12107|12109|12125|13039|13049","12|13","Florida|Georgia",10,2
"76","Panama City--Panama City Beach, FL",226,0.604226635707225,77.04,"12005|12013|12045|12059|12063|12077|12133","12","Florida",7,1
"77","Port St. Lucie, FL",298,2.00423369639995,95.41,"12009|12061|12085|12093|12099|12111","12","Florida",6,1
"78","Miami, FL",355,2.66691166523381,98.47,"12011|12086|12087","12","Florida",3,1
"79","Bradenton--Sarasota--Venice, FL",280,1.4724131734487,92.01,"12015|12027|12081|12115","12","Florida",4,1
"80","Orlando, FL",304,1.99589328445933,95.24,"12017|12069|12083|12095|12097|12117|12119","12","Florida",7,1
"81","Cape Coral, FL",263,1.26191595533255,88.27,"12021|12043|12051|12071","12","Florida",4,1
"82","Lake, FL",189,-0.660925961236727,26.53,"12023|12047|12067|12079|12121|12123","12","Florida",6,1
"83","Pensacola, FL-AL",233,1.29489002406828,89.29,"12033|12091|12113|12131","12","Florida",4,1
"84","Daytona Beach--Palm Coast--Port Orange, FL",261,1.26793070345305,88.44,"12035|12127","12","Florida",2,1
"85","Eastpoint, FL",117,0.87608826880184,82.14,"12037","12","Florida",1,1
"86","Tallahassee, FL",197,0.808412934496368,81.12,"12039|12065|12073|12129|13087|13131|13201|13253|13275","12|13","Florida|Georgia",9,2
"87","Lakeland, FL",275,0.443149231295621,71.94,"12049|12055|12105","12","Florida",3,1
"88","Tampa--St. Petersburg, FL",335,2.10596961258959,95.92,"12053|12057|12101|12103","12","Florida",4,1
"89","Douglas, GA",173,-0.51776022849642,33.67,"13001|13003|13005|13069|13161","13","Georgia",5,1
"90","Albany, GA",192,-0.281873041629984,44.22,"13007|13071|13095|13177|13205|13273|13321","13","Georgia",7,1
"91","Milledgeville, GA",186,-0.347555150608023,39.8,"13009|13133|13141|13211|13237|13265|13303|13319","13","Georgia",8,1
"92","Gainesville, GA",356,1.38896603850983,91.16,"13011|13013|13085|13117|13135|13137|13139|13157|13187|13257|13297|13311","13","Georgia",12,1
"93","Dalton, GA",219,0.296121091003607,67.18,"13015|13055|13115|13129|13213|13233|13313","13","Georgia",7,1
"94","Tifton, GA",168,-0.56466337185934,30.61,"13017|13081|13093|13155|13277|13287|13315","13","Georgia",7,1
"95","Valdosta, GA",187,-0.322698336328484,41.16,"13019|13027|13065|13075|13101|13173|13185","13","Georgia",7,1
"96","Warner Robins, GA",172,0.179333813660349,62.59,"13021|13023|13079|13091|13153|13169|13207|13225|13235|13289","13","Georgia",10,1
"97","Brunswick--St. Simons, GA",200,0.261685660845107,65.82,"13025|13127|13191|13229|13299","13","Georgia",5,1
"98","Savannah, GA",235,0.364519609028543,70.24,"13029|13031|13043|13051|13103|13107|13109|13165|13179|13183|13251|13267|13305","13","Georgia",13,1
"99","Augusta-Richmond County, GA",204,0.244232998793964,65.14,"13033|13073|13125|13163|13181|13189|13245|13301|13317","13","Georgia",9,1
"100","Atlanta, GA",317,2.80559093935662,98.98,"13035|13063|13067|13089|13097|13113|13121|13151|13159|13171|13217|13223|13231|13247|13255|13293","13","Georgia",16,1
"101","Chattanooga, TN-GA",295,0.659003978449646,78.06,"13047|13083|13295|47007|47011|47065|47107|47115|47121|47139|47143|47153","13|47","Georgia|Tennessee",12,2
"102","Woodstock, GA",271,0.942273367882717,82.65,"13057|13111|13123|13227","13","Georgia",4,1
"103","Athens-Clarke County, GA",186,0.554992461600562,74.32,"13059|13105|13119|13147|13195|13219|13221","13","Georgia",7,1
"104","Dublin, GA",175,-0.67174346913452,26.19,"13167|13175|13209|13271|13279|13283|13309","13","Georgia",7,1
"105","Americus, GA",154,-0.568529686540151,30.27,"13193|13249|13259|13261|13307","13","Georgia",5,1
"106","Waynesville, NC",160,0.281447488319147,66.33,"13241|37075|37087|37099|37113|37173","13|37","Georgia|North Carolina",6,2
"107","Andrews, NC",173,-0.0201816149708908,55.44,"13281|13291|37039|37043","13|37","Georgia|North Carolina",4,2
"586","Hilo, HI",202,1.26826116441404,88.61,"15001","15","Hawaii",1,1
"587","Honolulu, HI",208,2.16118264185321,96.43,"15003","15","Hawaii",1,1
"588","Kapaa, HI",160,1.60241086074231,92.86,"15007","15","Hawaii",1,1
"585","Kahului--Wailuku, HI",203,1.75912336943096,94.56,"15005|15009","15","Hawaii",2,1
"108","Boise, ID",321,1.05946947571616,84.86,"16001|16015|16027|16039|16045|16073|16075|16087|41045","16|41","Idaho|Oregon",9,2
"109","McCall, ID",152,0.573547632362321,74.83,"16003|16085","16","Idaho",2,1
"110","Pocatello, ID",185,-0.138878294702413,50.68,"16005|16011|16023|16033|16043|16065|16077","16","Idaho",7,1
"111","Evanston, WY",188,-0.544081417780865,32.65,"16007|16029|49033|56023|56041","16|49|56","Idaho|Utah|Wyoming",5,3
"112","Coeur d'Alene, ID",280,0.750130813610897,79.93,"16009|16055|16079","16","Idaho",3,1
"113","Twin Falls, ID",230,0.038938918828667,57.48,"16013|16025|16047|16053|16063|16083","16","Idaho",6,1
"114","Spokane, WA",287,0.451380609047962,72.62,"16017|16021|53019|53043|53047|53051|53063|53065","16|53","Idaho|Washington",8,2
"115","Idaho Falls, ID",268,0.64861539936656,77.38,"16019|16051","16","Idaho",2,1
"116","Burley, ID",144,-1.08679590464083,12.59,"16031|16067","16","Idaho",2,1
"117","Lewiston, ID-WA",183,-0.310784221536759,42.69,"16035|16049|16057|16061|16069|53003|53023|53075","16|53","Idaho|Washington",8,2
"118","Salmon, ID",148,-0.056063357714666,53.91,"16037|16059","16","Idaho",2,1
"119","Logan, UT",215,0.288306864741786,67.01,"16041|16071|49003|49005","16|49","Idaho|Utah",4,2
"120","Jackson, WY",186,1.27306449932214,88.95,"16081|56035|56039","16|56","Idaho|Wyoming",3,2
"121","Quincy, IL",204,-0.338993208731321,40.31,"17001|17009|17149|29111|29127|29163|29173","17|29","Illinois|Missouri",7,2
"122","Marion--Herrin, IL",180,-0.56169703103118,30.95,"17003|17055|17077|17087|17145|17153|17157|17181|17199","17","Illinois",9,1
"123","Granite City, IL",224,-0.174258966490487,47.96,"17005|17013|17051|17083|17117|17119|17135","17","Illinois",7,1
"124","Rockford, IL",261,0.265401437066701,65.99,"17007|17015|17103|17141|17177|17195|17201","17","Illinois",7,1
"125","Peoria, IL",247,0.216627781186109,63.61,"17011|17057|17099|17123|17143|17155|17179|17203","17","Illinois",8,1
"126","Springfield, IL",152,0.0627313135711067,58.16,"17017|17061|17107|17109|17125|17129|17137|17167|17169|17171","17","Illinois",10,1
"127","Champaign, IL",169,0.574343410810649,75.17,"17019|17039|17053|17105|17113|17147","17","Illinois",6,1
"128","Decatur, IL",208,-0.314963917165537,42.01,"17021|17029|17035|17041|17049|17079|17115|17139|17173","17","Illinois",9,1
"129","Terre Haute, IN",220,-0.482018774522324,35.2,"17023|17045|18021|18121|18133|18153|18165|18167","17|18","Illinois|Indiana",8,2
"130","Olney, IL",149,-1.13467874703885,11.05,"17025|17047|17159|17191|17193","17","Illinois",5,1
"131","Centralia, IL",175,-0.824483313420186,20.75,"17027|17065|17081|17121|17189","17","Illinois",5,1
"132","Chicago, IL",392,2.41408449806443,97.62,"17031|17037|17043|17063|17089|17093|17097|17111|17197|55059|55101","17|55","Illinois|Wisconsin",11,2
"133","Vincennes, IN",147,-1.21896845566599,9.01,"17033|17101|18083","17|18","Illinois|Indiana",3,2
"134","Harrisburg, IL",128,-0.591609654382555,29.59,"17059|17069|17151|17165","17","Illinois",4,1
"135","Burlington, IA-IL",200,-0.629711698891841,27.55,"17067|17071|19057|19087|19111|29045","17|19|29","Illinois|Iowa|Missouri",6,3
"136","Davenport, IA-IL",241,-0.040281043748299,54.76,"17073|17095|17131|17161|17175|17187|19163","17|19","Illinois|Iowa",7,2
"137","Kankakee, IL",180,-0.242459586031773,45.58,"17075|17091","17","Illinois",2,1
"138","Dubuque, IA-IL",263,0.0703942323050247,58.33,"17085|19045|19055|19061|19097","17|19","Illinois|Iowa",5,2
"139","Paducah, KY-IL",242,-0.171648478548059,48.13,"17127|21007|21035|21039|21075|21083|21105|21139|21145|21157|47131|47183","17|21|47","Illinois|Kentucky|Tennessee",12,3
"140","St. Louis, MO",298,1.49819744057001,92.18,"17133|17163|29055|29071|29073|29099|29113|29139|29183|29189|29219|29510","17|29","Illinois|Missouri",12,2
"141","Lafayette, IN",217,-0.1183166097979,51.53,"17183|18007|18015|18023|18045|18107|18157|18171|18181","17|18","Illinois|Indiana",9,2
"142","Evansville, IN",267,-0.148039774943859,50.34,"17185|18027|18037|18051|18123|18125|18129|18147|18163|18173","17|18","Illinois|Indiana",10,2
"143","Fort Wayne, IN",336,0.40988421594387,71.09,"18001|18003|18033|18049|18069|18085|18113|18151|18169|18179|18183","18","Indiana",11,1
"144","Columbus, IN",165,-0.053634335794507,54.08,"18005|18013|18071|18079","18","Indiana",4,1
"145","Muncie, IN",217,-0.162406322498962,48.81,"18009|18035|18053|18075|18135","18","Indiana",5,1
"146","Indianapolis, IN",306,1.36021317933292,90.48,"18011|18057|18059|18063|18065|18067|18081|18095|18097|18109|18139|18145|18159","18","Indiana",13,1
"147","Logansport, IN",156,-0.77969674988375,21.43,"18017|18103|18131","18","Indiana",3,1
"148","Louisville/Jefferson County, KY-IN",308,1.26156958670242,88.1,"18019|18025|18043|18061|18143|18175|21029|21103|21111|21185|21211|21215","18|21","Indiana|Kentucky",12,2
"149","Greendale--Lawrenceburg--Hidden Valley, IN-OH",187,-0.401890147912222,38.44,"18029|18077|18115|18155|21041|21223","18|21","Indiana|Kentucky",6,2
"150","Greensburg, IN",171,-0.723928807799822,24.32,"18031|18047|18137","18","Indiana",3,1
"151","South Bend, IN-MI",298,0.320614266284075,68.2,"18039|18087|18099|18141|18149|26021|26027|26149","18|26","Indiana|Michigan",8,2
"152","Richmond, IN-OH",182,-0.340812237923496,39.97,"18041|18161|18177","18","Indiana",3,1
"153","Bloomington, IN",173,0.247959462943563,65.48,"18055|18093|18101|18105|18117|18119","18","Indiana",6,1
"154","Hammond, IN",293,0.238135968157884,64.8,"18073|18089|18091|18111|18127","18","Indiana",5,1
"155","Des Moines, IA",264,1.19070143690817,87.41,"19001|19049|19077|19099|19121|19153|19157|19181","19","Iowa",8,1
"156","Creston, IA",137,-1.2723633080491,7.48,"19003|19071|19137|19145|19159|19173|19175","19","Iowa",7,1
"157","Platteville, WI",168,-1.08194939520662,12.93,"19005|19043|55023|55043","19|55","Iowa|Wisconsin",4,2
"158","Ottumwa, IA",198,-0.688262567691106,25.85,"19007|19051|19101|19107|19123|19125|19135|19177|19179","19","Iowa",9,1
"159","Denison, IA",147,-0.955477778421799,16.16,"19009|19029|19047|19165","19","Iowa",4,1
"160","Cedar Rapids, IA",221,0.348527868805607,69.39,"19011|19031|19095|19103|19105|19113|19115|19139|19183","19","Iowa",9,1
"161","Waterloo, IA",208,-0.549195431297419,32.48,"19013|19017|19019|19023|19065|19075|19127|19171","19","Iowa",8,1
"162","Ames, IA",157,-0.325132055838922,40.82,"19015|19027|19073|19079|19169","19","Iowa",5,1
"163","Storm Lake, IA",131,-1.42159632404559,4.76,"19021|19035|19093|19151|19161","19","Iowa",5,1
"164","Fort Dodge, IA",167,-0.858300717600431,19.39,"19025|19091|19109|19187","19","Iowa",4,1
"165","Mason, IA",192,-0.721729675871885,24.66,"19033|19067|19081|19131|19189|19195|27043|27047|27099","19|27","Iowa|Minnesota",9,2
"166","Decorah, IA",137,-0.751936837170622,23.13,"19037|19089|19191","19","Iowa",3,1
"167","Osceola, IA",121,-1.2298447436549,8.5,"19039|19053|19117|19185","19","Iowa",4,1
"168","Spirit Lake, IA",177,-0.727710113220019,23.81,"19041|19059|19063|19147","19","Iowa",4,1
"169","Iowa Falls, IA",115,-1.29415797266718,7.14,"19069|19083|19197","19","Iowa",3,1
"170","Omaha, NE-IA",271,1.08298928097357,85.37,"19085|19129|19155|31021|31025|31039|31053|31055|31153|31177","19|31","Iowa|Nebraska",10,2
"171","Sioux Center, IA",149,-0.810847107126516,21.09,"19119|19141|19143|19167","19","Iowa",4,1
"172","Sioux, IA-NE-SD",197,-0.528649016863956,33.16,"19133|19149|19193|31043|31173|46127","19|31|46","Iowa|Nebraska|South Dakota",6,3
"173","Parsons, KS",138,-1.06288909822496,13.61,"20001|20099|20133|20207","20","Kansas",4,1
"174","Kansas, MO-KS",320,1.50042274110618,92.35,"20003|20059|20091|20103|20107|20121|20209|29013|29037|29047|29095|29107|29165|29177","20|29","Kansas|Missouri",14,2
"175","St. Joseph, MO-KS",193,-0.417152599062726,37.93,"20005|20043|29003|29021|29025|29049|29063|29087","20|29","Kansas|Missouri",8,2
"176","Pratt, KS",90,-1.8616231596766,0.68,"20007|20033|20097|20151","20","Kansas",4,1
"177","Great Bend, KS",137,-0.92684592731549,17.18,"20009|20145|20185","20","Kansas",3,1
"178","Joplin, MO",239,-0.219730385590947,47.11,"20011|20021|20037|29011|29097|29145","20|29","Kansas|Missouri",6,2
"179","Falls, NE",117,-1.49331247261769,3.91,"20013|20131|31133|31147","20|31","Kansas|Nebraska",4,2
"180","Wichita, KS",256,0.332958588883566,68.37,"20015|20035|20077|20095|20173|20191","20","Kansas",6,1
"181","Emporia, KS",126,-1.1569822362237,9.86,"20017|20031|20073|20111","20","Kansas",4,1
"182","Bartlesville, OK",164,-0.870643914753596,18.71,"20019|20049|20125|20205|40105|40147","20|40","Kansas|Oklahoma",6,2
"183","Atwood, KS",77,-1.5475822860714,2.89,"20023|20153","20","Kansas",2,1
"184","Dodge, KS",121,-0.926358078008128,17.35,"20025|20047|20057|20069|20083","20","Kansas",5,1
"185","Manhattan, KS",142,-0.36979955619836,39.29,"20027|20041|20061|20127|20149|20161","20","Kansas",6,1
"186","Concordia, KS",130,-1.14433681946923,10.54,"20029|20117|20157|20201","20","Kansas",4,1
"187","Norton, KS",98,-1.48958369630985,4.08,"20039|20137|20147","20","Kansas",3,1
"188","Topeka, KS",192,0.708500597276438,79.25,"20045|20085|20087|20139|20177|20197","20","Kansas",6,1
"189","Hays, KS",161,-0.954020135960761,16.5,"20051|20065|20163|20165|20167|20195","20","Kansas",6,1
"190","Salina, KS",158,-0.431329679797768,37.59,"20053|20105|20143|20169","20","Kansas",4,1
"191","Garden, KS",132,-1.41646216121154,4.93,"20055|20067|20071|20075|20093|20187","20","Kansas",6,1
"192","Colby, KS",104,-1.55700366583299,2.55,"20063|20109|20179|20193","20","Kansas",4,1
"193","Hutchinson, KS",201,-0.499027032702016,34.18,"20079|20113|20115|20155|20159","20","Kansas",5,1
"194","Liberal, KS",101,-1.62250302951201,2.04,"20081|20119|20175|40007","20|40","Kansas|Oklahoma",4,2
"195","Beloit, KS",94,-1.78326922955287,0.85,"20089|20123|20141|20183","20","Kansas",4,1
"196","Scott City, KS",97,-1.67885235672929,1.36,"20101|20135|20171|20203","20","Kansas",4,1
"197","Hugoton, KS",69,-2.12279288551676,0.17,"20129|20189|40025","20|40","Kansas|Oklahoma",3,2
"198","Goodland, KS",108,-1.14933100635964,10.2,"20181|20199","20","Kansas",2,1
"199","Bardstown, KY",182,-0.651062376342748,26.87,"21001|21087|21155|21179|21207|21217|21229","21","Kentucky",7,1
"200","Bowling Green, KY",254,-0.0791510392088281,53.06,"21003|21031|21061|21141|21177|21213|21219|21227","21","Kentucky",8,1
"201","Lexington-Fayette, KY",236,1.07687055096129,85.2,"21005|21017|21049|21067|21073|21079|21097|21113|21181|21187|21209|21239","21","Kentucky",12,1
"202","Glasgow, KY",181,-0.480260413378458,35.37,"21009|21099|21169|21171","21","Kentucky",4,1
"203","Mount Sterling, KY",163,-0.592007804751017,29.42,"21011|21165|21173|21175|21197|21205|21237","21","Kentucky",7,1
"204","Middlesborough, KY-TN",135,-0.522572391932648,33.33,"21013|47025|47067","21|47","Kentucky|Tennessee",3,2
"205","Cincinnati, OH-KY",334,1.41499239676794,91.33,"21015|21037|21077|21081|21117|21191|39001|39015|39017|39025|39061|39165","21|39","Kentucky|Ohio",12,2
"206","Huntington, WV-KY-OH",223,-0.113912647388367,51.87,"21019|21043|21063|21089|39087|54011|54099","21|39|54","Kentucky|Ohio|West Virginia",7,3
"207","Danville, KY",182,-0.311244414655487,42.35,"21021|21045|21137|21167","21","Kentucky",4,1
"208","Maysville, KY-OH",159,-0.560873593440807,31.29,"21023|21069|21135|21161|21201","21","Kentucky",5,1
"209","Hazard, KY",121,-0.594425246030873,29.08,"21025|21119|21129|21131|21133|21189|21193","21","Kentucky",7,1
"210","Elizabethtown--Radcliff, KY",171,-0.306015531171075,43.37,"21027|21085|21093|21123|21163","21","Kentucky",5,1
"211","Henderson, KY",200,-0.757180794978045,22.96,"21033|21055|21101|21107|21143|21225|21233","21","Kentucky",7,1
"212","Clarksville, TN-KY",172,0.174281885750985,62.41,"21047|21221|47083|47125|47161","21|47","Kentucky|Tennessee",5,2
"213","Richmond, KY",194,-0.21975088297731,46.94,"21051|21065|21109|21121|21125|21151|21203|21235","21","Kentucky",8,1
"214","Somerset, KY",196,-0.322765288627325,40.99,"21053|21057|21147|21199|21231","21","Kentucky",5,1
"215","Owensboro, KY",189,-0.31081311218676,42.52,"21059|21091|21149|21183","21","Kentucky",4,1
"216","Pikeville, KY",151,-0.560510053580108,31.46,"21071|21115|21127|21153|21159|21195|54045|54059","21|54","Kentucky|West Virginia",8,2
"217","Harlan, KY",86,-0.624090203819717,28.06,"21095","21","Kentucky",1,1
"218","Lafayette, LA",271,0.100710290576367,59.18,"22001|22039|22045|22055|22097|22099|22113","22","Louisiana",7,1
"219","Lake Charles, LA",239,-0.15006351959222,50.17,"22003|22011|22019|22023|22053|22115|48199|48241|48245|48351|48361","22|48","Louisiana|Texas",11,2
"220","New Orleans, LA",311,1.26844798196264,88.78,"22005|22051|22071|22075|22087|22089|22093|22095|22103|22117|28109","22|28","Louisiana|Mississippi",11,2
"221","Houma, LA",183,-0.164319606964469,48.3,"22007|22057|22101|22109","22","Louisiana",4,1
"222","Alexandria, LA",188,-0.466982221503734,35.88,"22009|22025|22043|22059|22079","22","Louisiana",5,1
"223","Monroe, LA",225,-0.155490769214595,49.49,"22013|22021|22049|22061|22067|22073|22111","22","Louisiana",7,1
"224","Shreveport, LA",240,-0.128790722400077,51.02,"22015|22017|22027|22031|22069|22081|22085|22119|22127","22","Louisiana",9,1
"225","Natchez, MS-LA",174,-0.727673216761995,23.98,"22029|28001|28021|28063|28149","22|28","Louisiana|Mississippi",5,2
"226","Baton Rouge, LA",238,0.422475804502242,71.43,"22033|22037|22047|22063|22077|22091|22105|22121|22125","22","Louisiana",9,1
"227","Tallulah, LA",134,-1.12762388856745,11.22,"22035|22041|22065|22083|22107|22123","22","Louisiana",6,1
"228","Portland, ME",283,1.08699695224555,85.54,"23001|23005|23007|23011|23013|23015|23017|23023|23025|23027|23031","23","Maine",11,1
"229","Presque Isle, ME",146,-0.646808047925539,27.04,"23003","23","Maine",1,1
"230","Bangor, ME",230,0.416543816516559,71.26,"23009|23019|23021|23029","23","Maine",4,1
"231","Cumberland, MD-WV-PA",196,-0.235232039883551,46.09,"24001|24023|54023|54031|54057|54071","24|54","Maryland|West Virginia",6,2
"232","Baltimore, MD",238,2.31722629789465,96.94,"24003|24005|24013|24025|24027|24510","24","Maryland",6,1
"233","Germantown, MD",232,2.36415448285873,97.45,"24021|24031|24043|42055|42057","24|42","Maryland|Pennsylvania",5,2
"234","Boston, MA-NH",288,2.98381195695205,99.32,"25001|25009|25017|25021|25023|25025|25027","25","Massachusetts",7,1
"235","Pittsfield, MA",210,1.17491531553096,87.07,"25003|50003","25|50","Massachusetts|Vermont",2,2
"236","Providence, RI-MA",299,1.50060748943007,92.52,"25005|44001|44003|44005|44007|44009","25|44","Massachusetts|Rhode Island",6,2
"237","Vineyard Haven--Edgartown--Oak Bluffs, MA",163,1.37990477655656,90.82,"25007","25","Massachusetts",1,1
"238","Springfield, MA-CT",250,1.13364110450525,86.73,"25011|25013|25015","25","Massachusetts",3,1
"239","Nantucket, MA",146,1.71041298523968,94.05,"25019","25","Massachusetts",1,1
"240","Alpena, MI",186,-0.0567439931056885,53.74,"26001|26007|26069|26141","26","Michigan",4,1
"241","Marquette, MI",207,0.0184280463835425,56.46,"26003|26041|26103|26153","26","Michigan",4,1
"242","Grand Rapids, MI",340,0.889055448308404,82.31,"26005|26015|26067|26081|26121|26123|26127|26139","26","Michigan",8,1
"243","Traverse City--Garfield, MI",271,0.590811453945315,76.19,"26009|26019|26055|26079|26089","26","Michigan",5,1
"244","Saginaw, MI",260,0.0889887450205831,58.84,"26011|26017|26035|26051|26057|26073|26111|26117|26145","26","Michigan",9,1
"245","Houghton--Hancock, MI",141,0.116244236744498,59.69,"26013|26061|26083","26","Michigan",3,1
"246","Kalamazoo, MI",245,0.51282846596138,73.64,"26023|26025|26077|26159","26","Michigan",4,1
"247","Petoskey, MI",210,0.7834957583886,80.61,"26029|26031|26047","26","Michigan",3,1
"248","Sault Ste. Marie, MI",139,0.0707354598525714,58.5,"26033|26095|26097","26","Michigan",3,1
"249","Lansing, MI",216,0.791280121442993,80.95,"26037|26045|26065|26155","26","Michigan",4,1
"250","Houghton Lake, MI",183,-0.39334646070247,38.61,"26039|26119|26129|26135|26137|26143","26","Michigan",6,1
"251","Marinette--Menominee, WI-MI",196,-0.447710497967702,36.73,"26043|26071|26109|55037|55075","26|55","Michigan|Wisconsin",5,2
"252","Detroit, MI",305,1.30624587012648,89.63,"26049|26063|26087|26093|26099|26115|26125|26147|26151|26157|26161|26163","26","Michigan",12,1
"253","Ironwood, MI-WI",141,-0.321835449393175,41.5,"26053|26131|55051","26|55","Michigan|Wisconsin",3,2
"254","Jackson, MI",224,-0.0305802191248169,55.27,"26059|26075|26091","26","Michigan",3,1
"255","Cadillac, MI",186,-0.460032790467489,36.39,"26085|26107|26113|26133|26165","26","Michigan",5,1
"256","Ludington, MI",161,-0.0484147417724406,54.59,"26101|26105","26","Michigan",2,1
"257","Brainerd, MN",220,-0.240277912088807,45.92,"27001|27007|27021|27029|27035|27057","27","Minnesota",6,1
"258","Minneapolis, MN",321,2.03192093440315,95.75,"27003|27019|27025|27037|27053|27059|27065|27115|27123|27139|27163|55093|55109","27|55","Minnesota|Wisconsin",13,2
"259","Fargo, ND-MN",249,0.318196706342095,68.03,"27005|27027|27087|27107|27167|38017|38077","27|38","Minnesota|North Dakota",7,2
"260","St. Cloud, MN",267,-0.0364933892607458,55.1,"27009|27095|27097|27141|27145","27","Minnesota",5,1
"261","Milbank, SD",149,-1.19236210041299,9.35,"27011|27155|46037|46051|46091|46109","27|46","Minnesota|South Dakota",6,2
"262","Mankato, MN",241,0.0534305163471427,57.99,"27013|27015|27079|27103|27131|27147|27161|27165","27","Minnesota",8,1
"263","Duluth, MN-WI",219,0.153989429828462,61.73,"27017|27061|27075|27137|55031","27|55","Minnesota|Wisconsin",5,2
"264","Willmar, MN",185,-1.00276124046429,15.31,"27023|27067|27073|27081|27083|27127|27129|27151|27173","27","Minnesota",9,1
"265","Grand Marais, MN",107,0.7281915466983,79.59,"27031","27","Minnesota",1,1
"266","Worthington, MN",134,-1.30227329478571,6.8,"27033|27063|27091|27101|27105","27","Minnesota",5,1
"267","Rochester, MN",176,0.122831790021419,60.2,"27039|27045|27049|27109|27157","27","Minnesota",5,1
"268","Alexandria, MN",215,-0.607236003327746,28.91,"27041|27051|27111|27121|27149|27153|27159","27","Minnesota",7,1
"269","La Crosse, WI-MN",204,-0.0909785116358458,52.55,"27055|55057|55063|55081|55123","27|55","Minnesota|Wisconsin",5,2
"270","Grafton, ND",112,-1.38285494863314,5.1,"27069|38019|38067|38099","27|38","Minnesota|North Dakota",4,2
"271","International Falls, MN",98,-0.241055831553062,45.75,"27071","27","Minnesota",1,1
"272","Roseau, MN",103,-0.653481534963597,26.7,"27077|27135","27","Minnesota",2,1
"273","Otsego, MN",242,0.0189063981878074,56.63,"27085|27093|27143|27171","27","Minnesota",4,1
"274","Grand Forks, ND-MN",177,-0.338460130235648,40.48,"27089|27113|27119|27125|38035|38091|38097","27|38","Minnesota|North Dakota",7,2
"275","Sioux Falls, SD",238,0.339981031113777,68.71,"27117|27133|46079|46083|46087|46097|46099|46101|46125","27|46","Minnesota|South Dakota",9,2
"276","Eau Claire, WI",256,0.171256621507442,62.07,"27169|55011|55017|55033|55035|55053|55091|55121","27|55","Minnesota|Wisconsin",8,2
"277","Tupelo, MS",230,-0.212970179862625,47.28,"28003|28013|28017|28057|28081|28095|28115|28117|28139|28141|28145","28","Mississippi",11,1
"278","McComb, MS",174,-1.02806143887879,14.46,"28005|28037|28077|28085|28113|28147|28157","28","Mississippi",7,1
"279","Jackson, MS",235,0.341320678117317,68.88,"28007|28029|28049|28051|28089|28121|28163","28","Mississippi",7,1
"280","Greenville, MS",155,-0.779551784950595,21.6,"28011|28053|28055|28125|28133|28151","28","Mississippi",6,1
"281","Greenwood, MS",151,-0.829688239556717,20.41,"28015|28043|28083|28097","28","Mississippi",4,1
"282","Starkville, MS",186,-0.404786385577044,38.27,"28019|28025|28087|28103|28105|28155|28159","28","Mississippi",7,1
"283","Oxford, MS",171,-0.254706275180191,45.07,"28027|28071|28107|28119|28135|28161","28","Mississippi",6,1
"284","Hattiesburg, MS",182,-0.936108084836046,16.84,"28031|28035|28061|28065|28067|28073|28091|28111|28127|28129|28153","28","Mississippi",11,1
"285","Gulfport--Biloxi, MS",179,0.155130045763024,61.9,"28039|28041|28045|28047|28059|28131","28","Mississippi",6,1
"286","Kirksville, MO",141,-1.11834934787089,11.39,"29001|29103|29171|29197|29199|29211","29","Missouri",6,1
"287","Nebraska, NE",112,-1.5613660001877,2.38,"29005|31097|31127|31131","29|31","Missouri|Nebraska",4,2
"288","Columbia, MO",208,0.0791102785517043,58.67,"29007|29019|29027|29051|29053|29089|29135|29151","29","Missouri",8,1
"289","Springfield, MO",281,0.341679408015233,69.05,"29009|29043|29057|29059|29077|29085|29109|29167|29209|29213|29225","29","Missouri",11,1
"290","Sedalia, MO",183,-0.806500274278337,21.26,"29015|29083|29101|29159|29185|29195","29","Missouri",6,1
"291","Cape Girardeau, MO-IL",226,-0.556454709412328,31.97,"29017|29031|29133|29143|29157|29201|29207","29","Missouri",7,1
"292","Poplar Bluff, MO",163,-0.714078792592394,25,"29023|29035|29181|29223","29","Missouri",4,1
"293","Village of Four Seasons, MO",202,0.11584529395496,59.52,"29029|29131|29141","29","Missouri",3,1
"294","Chillicothe, MO",160,-0.988853015640721,15.82,"29033|29041|29115|29117","29","Missouri",4,1
"295","Nevada, MO",146,-0.925289954375746,17.52,"29039|29217","29","Missouri",2,1
"296","Trenton, MO",144,-1.14218714271679,10.88,"29061|29079|29081|29129","29","Missouri",4,1
"297","Fort Leonard Wood--St. Robert--Waynesville, MO",166,-0.492506541092901,34.69,"29065|29105|29125|29161|29169","29","Missouri",5,1
"298","West Plains, MO",180,-0.879126502242979,18.37,"29067|29091|29149|29203|29215|29229","29","Missouri",6,1
"299","Maryville, MO",126,-0.952650337741756,16.67,"29075|29147|29227","29","Missouri",3,1
"300","Farmington, MO",189,-0.564878069304007,30.44,"29093|29123|29179|29186|29187|29221","29","Missouri",6,1
"301","Moberly, MO",153,-1.03566653129833,14.29,"29121|29137|29175|29205","29","Missouri",4,1
"302","Dillon, MT",119,-0.309596980107722,43.03,"30001","30","Montana",1,1
"303","Sheridan, WY",211,0.0526719965064814,57.82,"30003|56019|56033","30|56","Montana|Wyoming",3,2
"304","Great Falls, MT",189,-0.467808607610233,35.71,"30005|30013|30015|30041|30099","30","Montana",5,1
"305","Bozeman, MT",281,1.09003345507821,85.71,"30007|30031|30043|30049|30057|30059","30","Montana",6,1
"306","Billings, MT",269,0.00649560435815128,55.78,"30009|30037|30065|30095|30107|30111","30","Montana",6,1
"307","Baker, MT",106,-0.903497423881149,18.2,"30011|30025","30","Montana",2,1
"308","Miles, MT",139,-1.01029978513242,14.97,"30017|30021|30079","30","Montana",3,1
"309","Plentywood, MT",102,-0.764397182134883,22.28,"30019|30091","30","Montana",2,1
"310","Missoula, MT",282,0.405776583621691,70.92,"30023|30039|30061|30063|30077|30081|30093","30","Montana",7,1
"311","Lewistown, MT",142,-0.875086305719731,18.54,"30027|30045","30","Montana",2,1
"312","Kalispell, MT",269,0.675197373389284,78.57,"30029|30047|30053","30","Montana",3,1
"313","Jordan, MT",57,-0.253954896973026,45.24,"30033","30","Montana",1,1
"314","Shelby, MT",107,-1.36383463737951,5.44,"30035|30073|30101","30","Montana",3,1
"315","Chester, MT",61,-0.723361734792033,24.49,"30051","30","Montana",1,1
"316","Glasgow, MT",107,-1.54153090255197,3.23,"30055|30085|30105","30","Montana",3,1
"317","Livingston, MT",185,0.347300976872353,69.22,"30067|30097","30","Montana",2,1
"318","Winnett, MT",45,0.148403570204468,61.22,"30069","30","Montana",1,1
"319","Malta, MT",100,-1.34485611586333,5.95,"30071","30","Montana",1,1
"320","Colstrip, MT",88,-0.724127887080809,24.15,"30075|30087|30103","30","Montana",3,1
"321","Williston, ND",126,-1.36365618458781,5.61,"30083|38013|38023|38053|38105","30|38","Montana|North Dakota",5,2
"322","Thompson Falls, MT",145,-0.339858220722185,40.14,"30089","30","Montana",1,1
"323","Dickinson, ND",160,-0.92811797383566,17.01,"30109|38007|38025|38033|38041|38089","30|38","Montana|North Dakota",6,2
"324","Hastings, NE",153,-1.26478281106355,7.82,"31001|31035|31129|31169|31181","31","Nebraska",5,1
"325","Norfolk, NE",157,-0.765286439732523,22.11,"31003|31051|31119|31139|31167|31179","31","Nebraska",6,1
"326","North Platte, NE",156,-0.773618780180165,21.77,"31005|31101|31111|31113|31117|31135","31","Nebraska",6,1
"327","Cheyenne, WY",201,-0.493200054647734,34.52,"31007|31105|31123|31157|31165|56021","31|56","Nebraska|Wyoming",6,2
"328","Broken Bow, NE",100,-1.33678180239535,6.46,"31009|31041|31091|31171","31","Nebraska",4,1
"329","Columbus, NE",138,-1.10752064413534,11.73,"31011|31023|31037|31125|31141","31","Nebraska",5,1
"330","Alliance, NE",98,-1.54436072304672,3.06,"31013|31045|31161|46007|46102","31|46","Nebraska|South Dakota",5,2
"331","O'Neill, NE",108,-1.55168764146958,2.72,"31015|31017|31089|31103|31149","31","Nebraska",5,1
"332","Kearney, NE",159,-0.842193041751984,19.9,"31019|31047|31061|31063|31065|31073|31083|31099|31137|31163","31","Nebraska",10,1
"333","Yankton, SD",148,-1.09874767175695,11.9,"31027|31107|46009|46027|46135","31|46","Nebraska|South Dakota",5,2
"334","McCook, NE",110,-1.66854024069986,1.7,"31029|31057|31085|31087|31145","31","Nebraska",5,1
"335","Valentine, NE",78,-1.34327577284991,6.29,"31031|46075|46095|46121","31|46","Nebraska|South Dakota",4,2
"336","Grand Island, NE",174,-0.819410394049663,20.92,"31059|31079|31081|31093|31121|31143|31185","31","Nebraska",7,1
"337","Lincoln, NE",234,0.58304084113607,75.68,"31067|31095|31109|31151|31155|31159","31","Nebraska",6,1
"338","Ord, NE",96,-1.35772096846899,5.78,"31071|31077|31115|31175|31183","31","Nebraska",5,1
"339","Hyannis, NE",47,-0.993875540620087,15.65,"31075","31","Nebraska",1,1
"340","Las Vegas--Henderson--Paradise, NV",234,2.1359497546282,96.09,"32003|32009|32023","32","Nevada",3,1
"341","Elko, NV",136,-1.0843030167576,12.76,"32007|32011|32013|32015|32027|32033","32","Nevada",6,1
"342","St. George, UT",271,0.849492651912289,81.63,"32017|49001|49021|49053","32|49","Nevada|Utah",4,2
"343","Nashua, NH-MA",335,1.71352595179198,94.22,"33001|33003|33011|33013|33015|33017","33","New Hampshire",6,1
"344","Keene, NH",228,0.66803387270879,78.23,"33005|50025","33|50","New Hampshire|Vermont",2,2
"345","Lebanon, NH-VT",250,0.772365034336753,80.27,"33007|33009|33019|50005|50009|50017|50019|50023|50027","33|50","New Hampshire|Vermont",9,2
"346","Trenton, NJ",259,1.78831707493681,94.73,"34001|34005|34007|34009|34011|34015|34021|34033","34","New Jersey",8,1
"347","Newark, NJ",356,2.57905127024973,97.96,"34003|34013|34017|34019|34023|34027|34031|34035|34037|34039|34041","34","New Jersey",11,1
"348","Toms River, NJ",264,1.66086381840021,93.88,"34025|34029","34","New Jersey",2,1
"349","Albuquerque, NM",225,1.25895783176742,87.93,"35001|35028|35039|35043|35049|35053|35057|35061","35","New Mexico",8,1
"350","Roswell, NM",159,-1.06897573593795,13.44,"35005|35015","35","New Mexico",2,1
"351","Las Vegas, NM",124,-0.709598160953041,25.17,"35007|35019|35021|35033|35037|35047","35","New Mexico",6,1
"352","Clovis, NM",115,-1.51671678970939,3.4,"35009|35011|35041|48017|48069|48117|48279|48369","35|48","New Mexico|Texas",8,2
"353","El Paso, TX-NM",211,0.4462346171799,72.45,"35013|35051|48109|48141|48229","35|48","New Mexico|Texas",5,2
"354","Hobbs, NM",116,-1.14911138994354,10.37,"35025|48301|48495","35|48","New Mexico|Texas",3,2
"355","Alamogordo, NM",141,-0.0851675610588845,52.72,"35027|35035","35","New Mexico",2,1
"356","Taos, NM",169,0.69022278815682,78.74,"35055","35","New Mexico",1,1
"357","Dumas, TX",92,-2.02424637257975,0.34,"35059|48111|48205|48341|48421","35|48","New Mexico|Texas",5,2
"358","Albany--Schenectady, NY",258,1.00890252640281,84.01,"36001|36021|36035|36039|36041|36057|36083|36091|36093|36095|36113|36115","36","New York",12,1
"359","Buffalo, NY",302,1.09754451146797,86.05,"36003|36009|36029|36037|36063|36121","36","New York",6,1
"360","New York, NY",233,3.45917195452237,99.83,"36005|36047|36059|36061|36081|36085|36103","36","New York",7,1
"361","Binghamton, NY",220,0.731870785985945,79.76,"36007|36017|36025|36077|36107","36","New York",5,1
"362","Syracuse, NY",278,1.12235109702264,86.56,"36011|36043|36053|36065|36067|36075","36","New York",6,1
"363","Erie, PA",312,0.119380579210703,59.86,"36013|42031|42033|42039|42049|42053|42065|42121|42123","36|42","New York|Pennsylvania",9,2
"364","Elmira, NY",204,0.510571340483698,73.47,"36015|36023|36097|36101|36109","36","New York",5,1
"365","Plattsburgh, NY",183,-0.0395157953746791,54.93,"36019|36031|36033|36089","36","New York",4,1
"366","Yonkers, NY",282,2.01265586039756,95.58,"36027|36071|36079|36087|36105|36111|36119","36","New York",7,1
"367","Watertown, NY",144,-0.312511165642069,42.18,"36045|36049","36","New York",2,1
"368","Rochester, NY",252,1.38744956997946,90.99,"36051|36055|36069|36073|36099|36117|36123","36","New York",7,1
"369","Burlington, NC",230,0.438510556921043,71.6,"37001|37033|51143|51590","37|51","North Carolina|Virginia",4,2
"370","Hickory, NC",237,0.583344353174835,75.85,"37003|37023|37027|37035|37111","37","North Carolina",5,1
"371","Marion, VA",182,-0.273143554214871,44.56,"37005|51021|51035|51077|51173|51197|51640","37|51","North Carolina|Virginia",7,2
"372","Charlotte, NC-SC",356,1.64321998811377,93.2,"37007|37025|37045|37071|37097|37109|37119|37159|37167|37179|45023|45057|45091","37|45","North Carolina|South Carolina",13,2
"373","Boone, NC",179,0.269527205802734,66.16,"37009|37011|37189|47091","37|47","North Carolina|Tennessee",4,2
"374","Washington, NC",192,-0.371981445640074,39.12,"37013|37095|37117|37177|37187","37","North Carolina",5,1
"375","Roanoke Rapids, NC",171,-0.576649514783908,30.1,"37015|37083|37091|37131|51025|51081|51117|51595","37|51","North Carolina|Virginia",8,2
"376","Fayetteville, NC",207,0.141698515020242,60.71,"37017|37051|37085|37093|37105|37123|37125|37153|37155|37165","37","North Carolina",10,1
"377","Wilmington, NC",269,0.998169147072818,83.67,"37019|37047|37129|37141","37","North Carolina",4,1
"378","Asheville, NC",298,1.1646637649881,86.9,"37021|37089|37115|37121|37175|37199","37","North Carolina",6,1
"379","Virginia Beach, VA",222,1.29925030379548,89.46,"37029|37041|37053|37055|37073|37139|37143|51093|51175|51181|51550|51620|51710|51740|51800|51810","37|51","North Carolina|Virginia",16,2
"380","Jacksonville, NC",135,0.596372379786099,76.87,"37031|37049|37103|37133|37137","37","North Carolina",5,1
"381","Raleigh, NC",248,2.33500038737151,97.11,"37037|37063|37069|37077|37101|37135|37145|37181|37183|37185","37","North Carolina",10,1
"382","Winston-Salem, NC",321,0.969604303024521,83.33,"37057|37059|37067|37081|37151|37157|37169|37171|37193|37197","37","North Carolina",10,1
"383","Greenville, NC",196,-0.119146189427648,51.36,"37061|37079|37107|37147|37163|37191","37","North Carolina",6,1
"384","Rocky Mount, NC",213,0.0135475700151268,56.12,"37065|37127|37195","37","North Carolina",3,1
"385","Spartanburg, SC",274,0.550056126208557,74.15,"37149|37161|45021|45083|45087","37|45","North Carolina|South Carolina",5,2
"386","Bowman, ND",108,-1.58639224662738,2.21,"38001|38011|38087|46105","38|46","North Dakota|South Dakota",4,2
"387","Valley, ND",108,-0.869172796251448,19.05,"38003|38039","38","North Dakota",2,1
"388","Devils Lake, ND",104,-1.23557051275601,8.33,"38005|38063|38071","38","North Dakota",3,1
"389","Minot, ND",165,-0.721571586311991,24.83,"38009|38049|38061|38075|38101","38","North Dakota",5,1
"390","Bismarck, ND",214,-0.3507797261272,39.63,"38015|38037|38043|38055|38057|38059|38065","38","North Dakota",7,1
"391","Lisbon, ND",93,-1.5087214889479,3.74,"38021|38045|38073|38081","38","North Dakota",4,1
"392","Carrington, ND",91,-1.77929912285495,1.02,"38027|38031|38083|38103","38","North Dakota",4,1
"393","Jamestown, ND",124,-1.3767581885721,5.27,"38029|38047|38051|38093","38","North Dakota",4,1
"394","Rugby, ND",81,-1.15719352573055,9.69,"38069|38079|38095","38","North Dakota",3,1
"395","Mobridge, SD",100,-1.08924974166298,12.24,"38085|46021|46031|46129","38|46","North Dakota|South Dakota",4,2
"396","Lima, OH",244,-0.275912306439398,44.39,"39003|39011|39107|39137|39161","39","Ohio",5,1
"397","Mansfield, OH",246,0.0169515969666074,56.29,"39005|39033|39101|39117|39139","39","Ohio",5,1
"398","Cleveland, OH",351,1.35462300515289,90.14,"39007|39035|39055|39085|39093|39103|39133|39153","39","Ohio",8,1
"399","Athens, OH",149,-0.321866403407086,41.33,"39009|39053|39105|54053","39|54","Ohio|West Virginia",4,2
"400","Steubenville--Weirton, OH-WV-PA",230,-0.199960255954837,47.45,"39013|39067|39081|39111|54009|54029|54051|54069|54095|54103","39|54","Ohio|West Virginia",10,2
"401","Canton, OH",360,0.0967861527918187,59.01,"39019|39031|39075|39151|39157|39169","39","Ohio",6,1
"402","Dayton, OH",282,0.590982105108819,76.36,"39021|39023|39037|39057|39109|39113|39135|39149","39","Ohio",8,1
"403","Washington Court House, OH",171,-0.125787416228983,51.19,"39027|39047|39071","39","Ohio",3,1
"404","Youngstown, OH",304,0.216934330671143,63.78,"39029|39099|39155|42073|42085","39|42","Ohio|Pennsylvania",5,2
"405","Toledo, OH-MI",282,0.358357023248851,69.9,"39039|39051|39069|39095|39125|39171|39173","39","Ohio",7,1
"406","Columbus, OH",257,1.65145875462892,93.54,"39041|39045|39049|39073|39083|39089|39097|39127|39129|39159","39","Ohio",10,1
"407","Sandusky--Port Clinton, OH",230,0.13129375563405,60.54,"39043|39077|39123|39143","39","Ohio",4,1
"408","Parkersburg, WV-OH",237,-0.515955450167785,33.84,"39059|39115|39119|39121|39167|54073|54085|54105|54107","39|54","Ohio|West Virginia",9,2
"409","Findlay, OH",218,-0.185911479196829,47.62,"39063|39065|39091|39147|39175","39","Ohio",5,1
"410","Portsmouth, OH-KY",165,-0.446562247133589,36.9,"39079|39131|39141|39145|39163","39","Ohio",5,1
"411","Muskogee, OK",152,-0.772080516339952,21.94,"40001|40021|40091|40101","40","Oklahoma",4,1
"412","Enid, OK",176,-0.689029929743804,25.68,"40003|40047|40053|40093|40151","40","Oklahoma",5,1
"413","Ardmore, OK",185,-0.903854752483394,18.03,"40005|40013|40019|40029|40049|40069|40095|40099|40123","40","Oklahoma",9,1
"414","Weatherford, OK",146,-1.22789741281303,8.67,"40009|40039|40129|40149","40","Oklahoma",4,1
"415","Oklahoma, OK",265,0.445513116092288,72.28,"40011|40015|40017|40027|40051|40063|40073|40081|40083|40087|40109|40125|40133","40","Oklahoma",13,1
"416","Wichita Falls, TX",178,-0.561650779415689,31.12,"40031|40033|40067|40137|40141|48009|48077|48485","40|48","Oklahoma|Texas",8,2
"417","Miami, OK",185,-0.552172900489782,32.31,"40035|40041|40097|40115","40","Oklahoma",4,1
"418","Tulsa, OK",301,0.915648665033874,82.48,"40037|40107|40111|40113|40117|40131|40143|40145","40","Oklahoma",8,1
"419","Woodward, OK",135,-1.6243185369934,1.87,"40043|40045|40059|40153","40","Oklahoma",4,1
"420","Altus, OK",102,-1.34375972876199,6.12,"40055|40057|40065|40075","40","Oklahoma",4,1
"421","McAlester, OK",162,-1.04869155335805,13.95,"40061|40077|40079|40121","40","Oklahoma",4,1
"422","Stillwater, OK",171,-0.559776054678776,31.8,"40071|40103|40119","40","Oklahoma",3,1
"423","Dallas, TX",361,2.18479336849886,96.6,"40085|48085|48097|48113|48121|48139|48147|48181|48257|48337|48349|48397","40|48","Oklahoma|Texas",12,2
"424","Guymon, OK",103,-1.86759543608654,0.51,"40139|48195|48295|48357","40|48","Oklahoma|Texas",4,2
"425","La Grande, OR",163,-0.518401213541671,33.5,"41001|41061","41","Oregon",2,1
"426","Eugene, OR",282,0.705748799327132,78.91,"41003|41039|41043","41","Oregon",3,1
"427","Portland, OR-WA",348,1.64373443828626,93.37,"41005|41009|41047|41051|41053|41067|41071|53011|53015|53059|53069","41|53","Oregon|Washington",11,2
"428","Aberdeen, WA",179,0.190058664731494,62.93,"41007|53027|53049","41|53","Oregon|Washington",3,2
"429","Roseburg, OR",197,-0.184578756305548,47.79,"41011|41019","41","Oregon",2,1
"430","Bend, OR",281,1.09072657394195,85.88,"41013|41017|41031","41","Oregon",3,1
"431","Condon, OR",95,-0.291014720696828,44.05,"41021|41069","41","Oregon",2,1
"432","John Day, OR",95,-0.408160634529299,38.1,"41023","41","Oregon",1,1
"433","Burns, OR",95,-0.734309723404604,23.47,"41025","41","Oregon",1,1
"434","The Dalles, OR",181,0.0358557515964587,57.14,"41027|41055|41065|53039","41|53","Oregon|Washington",4,2
"435","Medford, OR",261,0.444965443322172,72.11,"41029|41033","41","Oregon",2,1
"436","Lakeview, OR",85,-1.45392923614372,4.25,"41037","41","Oregon",1,1
"437","Newport, OR",147,0.392328664316777,70.58,"41041|41057","41","Oregon",2,1
"438","Kennewick--Richland--Pasco, WA",184,-0.133871186586935,50.85,"41049|41059|53005|53013|53021|53071","41|53","Oregon|Washington",6,2
"439","Enterprise, OR",142,0.309166263678274,67.86,"41063","41","Oregon",1,1
"440","Harrisburg, PA",343,0.708026150578974,79.08,"42001|42041|42043|42071|42075|42099|42133","42","Pennsylvania",7,1
"441","Pittsburgh, PA",312,1.06943174403198,85.03,"42003|42005|42007|42019|42051|42059|42125|42129","42","Pennsylvania",8,1
"442","Altoona, PA",279,-0.162578108865072,48.64,"42009|42013|42021|42063|42111","42","Pennsylvania",5,1
"443","Allentown--Bethlehem, PA-NJ",290,0.969198103562574,83.16,"42011|42025|42077|42095|42107","42","Pennsylvania",5,1
"444","Williamsport, PA",271,-0.116073069031928,51.7,"42015|42035|42037|42081|42093|42097|42109|42113|42119","42","Pennsylvania",9,1
"445","Bradford, PA-NY",195,-0.543348084997942,32.82,"42023|42047|42083|42105|42117","42","Pennsylvania",5,1
"446","State College, PA",187,-0.0628797230076952,53.57,"42027|42061|42067|42087","42","Pennsylvania",4,1
"447","Scranton, PA",268,0.489960083681724,72.96,"42069|42079|42089|42103|42115|42127|42131","42","Pennsylvania",7,1
"448","Greenville, SC",303,0.946016793308337,82.82,"45001|45007|45045|45047|45059|45065|45073|45077","45","South Carolina",8,1
"449","Hilton Head Island, SC",230,0.857163729601591,81.8,"45003|45005|45011|45013|45037|45049|45053","45","South Carolina",7,1
"450","Columbia, SC",292,0.843944214683909,81.46,"45009|45017|45027|45039|45055|45061|45063|45071|45075|45079|45081|45085","45","South Carolina",12,1
"451","Charleston, SC",302,1.41993984116569,91.5,"45015|45019|45029|45035","45","South Carolina",4,1
"452","Myrtle Beach--North Myrtle Beach, SC-NC",288,0.639736092947077,77.21,"45025|45031|45033|45041|45043|45051|45067|45069|45089","45","South Carolina",9,1
"453","Mitchell, SD",161,-0.82510521846795,20.58,"46003|46005|46035|46061|46073|46111","46","South Dakota",6,1
"454","Brookings, SD",177,-0.618565896974729,28.4,"46011|46025|46029|46039|46057|46077","46","South Dakota",6,1
"455","Aberdeen, SD",163,-0.848898907442417,19.56,"46013|46045|46049|46089|46115","46","South Dakota",5,1
"456","Chamberlain, SD",82,-1.67111413802856,1.53,"46015|46017|46059|46069|46085","46","South Dakota",5,1
"457","Rapid, SD",263,0.232282017117019,64.63,"46019|46033|46047|46081|46093|46103","46","South Dakota",6,1
"458","Parkston, SD",105,-1.26723294256859,7.65,"46023|46043|46067","46","South Dakota",3,1
"459","North Eagle Butte, SD",64,-1.32314910208094,6.63,"46041|46137","46","South Dakota",2,1
"460","Winner, SD",106,-1.04362205797125,14.12,"46053|46123","46","South Dakota",2,1
"461","Philip, SD",76,-1.05111232490046,13.78,"46055|46071","46","South Dakota",2,1
"462","Buffalo, SD",49,-1.44954974790484,4.42,"46063","46","South Dakota",1,1
"463","Pierre, SD",131,-0.36189219224815,39.46,"46065|46107|46117|46119","46","South Dakota",4,1
"464","Knoxville, TN",280,1.00238426572368,83.84,"47001|47009|47013|47093|47105|47123|47129|47145|47151|47173","47","Tennessee",10,1
"465","Murfreesboro, TN",266,0.65274960407501,77.55,"47003|47015|47031|47051|47061|47117|47127|47149","47","Tennessee",8,1
"466","Paris, TN",185,-0.449326378003248,36.56,"47005|47017|47079","47","Tennessee",3,1
"467","Johnson, TN",245,0.249486913431082,65.65,"47019|47059|47073|47163|47171|47179|51169|51191|51520","47|51","Tennessee|Virginia",9,2
"468","Nashville-Davidson, TN",310,2.42385631329774,97.79,"47021|47037|47043|47081|47085|47111|47147|47159|47165|47169|47187|47189","47","Tennessee",12,1
"469","Jackson, TN",246,-0.10657286590024,52.04,"47023|47033|47039|47053|47069|47071|47075|47077|47109|47113","47","Tennessee",10,1
"470","Cookeville, TN",228,-0.0522418719329578,54.25,"47027|47041|47087|47133|47137|47141|47175|47177|47185","47","Tennessee",9,1
"471","Morristown, TN",218,0.586834109965046,76.02,"47029|47057|47063|47089|47155","47","Tennessee",5,1
"472","Crossville, TN",160,-0.0520024292896178,54.42,"47035|47049","47","Tennessee",2,1
"473","Dyersburg, TN",123,-0.844186928781705,19.73,"47045|47095|47097","47","Tennessee",3,1
"474","Columbia, TN",238,0.171581472473127,62.24,"47055|47099|47101|47119|47135|47181","47","Tennessee",6,1
"475","Tyler, TX",262,-0.262316803463683,44.73,"48001|48073|48213|48225|48423|48467|48499","48","Texas",7,1
"476","Odessa, TX",176,-0.44157164071131,37.24,"48003|48103|48135|48173|48227|48317|48329|48389|48461|48475","48","Texas",10,1
"477","Lufkin, TX",184,-0.683648991855527,26.02,"48005|48373|48455|48457","48","Texas",4,1
"478","McAllen, TX",220,-0.079925652685766,52.89,"48007|48025|48215|48261|48273|48355|48391|48409|48427","48","Texas",9,1
"479","Amarillo, TX",258,-0.303790797508306,43.54,"48011|48065|48129|48233|48359|48375|48381","48","Texas",7,1
"480","San Antonio, TX",250,0.71756454891397,79.42,"48013|48019|48029|48091|48163|48187|48255|48259|48283|48297|48311|48325|48479|48493","48","Texas",14,1
"481","Houston, TX",325,1.18488722494911,87.24,"48015|48039|48071|48157|48167|48201|48291|48321|48339|48407|48471|48473|48481","48","Texas",13,1
"482","Austin, TX",288,2.65859861056078,98.3,"48021|48031|48053|48055|48209|48287|48299|48411|48453|48491","48","Texas",10,1
"483","Snyder, TX",142,-1.08738403626105,12.41,"48023|48125|48207|48263|48269|48275|48415","48","Texas",7,1
"484","Killeen, TX",220,0.1984206314157,63.1,"48027|48035|48099|48145|48217|48281|48309|48331","48","Texas",8,1
"485","Lubbock, TX",236,-0.0021107303563236,55.61,"48033|48079|48107|48115|48169|48219|48303|48305|48445","48","Texas",9,1
"486","College Station--Bryan, TX",190,0.152923089561006,61.39,"48041|48051|48185|48395|48477","48","Texas",5,1
"487","Alpine, TX",120,-0.161525634696335,48.98,"48043|48243|48377","48","Texas",3,1
"488","Plainview, TX",137,-1.15275828024433,10.03,"48045|48153|48189|48191|48437","48","Texas",5,1
"489","Alice, TX",101,-1.01253098517028,14.8,"48047|48131|48247|48249","48","Texas",4,1
"490","Brownwood, TX",193,-0.763239973053681,22.45,"48049|48083|48093|48143|48193|48333","48","Texas",6,1
"491","Victoria, TX",214,-0.55527286775916,32.14,"48057|48123|48175|48239|48285|48469","48","Texas",6,1
"492","Abilene, TX",199,-0.229003107841537,46.26,"48059|48253|48417|48433|48441","48","Texas",5,1
"493","Brownsville, TX",176,0.24481134942587,65.31,"48061|48489","48","Texas",2,1
"494","Childress, TX",134,0.121559992942845,60.03,"48075|48087|48101","48","Texas",3,1
"495","San Angelo, TX",203,-0.610293526059833,28.74,"48081|48095|48105|48235|48383|48399|48413|48431|48435|48451","48","Texas",10,1
"496","Gonzales, TX",175,-0.700345203265309,25.51,"48089|48149|48177","48","Texas",3,1
"497","Greenville, TX",215,-0.471061096554351,35.54,"48119|48223|48231|48277|48379|48387","48","Texas",6,1
"498","Eagle Pass, TX",153,-0.635059635102107,27.38,"48127|48271|48323|48465|48507","48","Texas",5,1
"499","Graham, TX",170,-0.954293877444639,16.33,"48133|48237|48429|48447|48503","48","Texas",5,1
"500","Uvalde, TX",151,-0.626594084902241,27.72,"48137|48385|48463","48","Texas",3,1
"501","Sweetwater, TX",114,-1.2384394122134,8.16,"48151|48335|48353","48","Texas",3,1
"502","Vernon, TX",104,-1.14304936666472,10.71,"48155|48197|48487","48","Texas",3,1
"503","Mexia, TX",123,-1.30136242396729,6.97,"48161|48289|48293|48313","48","Texas",4,1
"504","Seminole, TX",137,-1.22693449401348,8.84,"48165|48501","48","Texas",2,1
"505","Kerrville, TX",216,0.180690237770722,62.76,"48171|48265|48319","48","Texas",3,1
"506","Pampa, TX",132,-1.09284105028986,12.07,"48179|48211|48393|48483","48","Texas",4,1
"507","Longview, TX",248,-0.31705804268193,41.84,"48183|48203|48315|48365|48401|48459","48","Texas",6,1
"508","Fort Worth, TX",336,0.957811499404934,82.99,"48221|48251|48363|48367|48425|48439|48497","48","Texas",7,1
"509","Brady, TX",126,-0.83741508183001,20.07,"48267|48307|48327","48","Texas",3,1
"510","Matador, TX",94,-0.221692144080248,46.43,"48345","48","Texas",1,1
"511","Nacogdoches, TX",167,-0.870033488945636,18.88,"48347|48403|48405|48419","48","Texas",4,1
"512","Fort Stockton, TX",109,-1.5110213686681,3.57,"48371","48","Texas",1,1
"513","Sanderson, TX",60,-0.29413421141347,43.88,"48443","48","Texas",1,1
"514","Zapata--Medina, TX",94,-0.585835826088307,29.93,"48505","48","Texas",1,1
"515","Price, UT",122,-0.86315773440352,19.22,"49007|49015","49","Utah",2,1
"516","Vernal, UT",168,-0.70758233663295,25.34,"49009|49013|49047","49","Utah",3,1
"517","Salt Lake, UT",363,1.93603506660482,95.07,"49011|49023|49029|49035|49039|49043|49045|49049|49051|49057","49","Utah",10,1
"518","Richfield, UT",150,-0.622246672746313,28.23,"49017|49031|49041|49055","49","Utah",4,1
"519","Moab, UT",117,0.299597434976137,67.35,"49019|49037","49","Utah",2,1
"520","Delta, UT",95,-1.06940271057603,13.27,"49027","49","Utah",1,1
"521","Burlington, VT",263,1.05891011298489,84.69,"50001|50007|50011|50013|50015|50021","50","Vermont",6,1
"522","Chincoteague, VA",115,0.103041013836778,59.35,"51001|51131","51","Virginia",2,1
"523","Charlottesville, VA",183,1.79344630806494,94.9,"51003|51065|51079|51109|51125|51540","51","Virginia",6,1
"524","Covington, VA",125,0.0398325073952834,57.65,"51005|51017|51580","51","Virginia",3,1
"525","Richmond, VA",273,1.60230582233051,92.69,"51007|51036|51041|51053|51075|51085|51087|51097|51101|51127|51145|51149|51183|51570|51670|51730|51760","51","Virginia",17,1
"526","Lynchburg, VA",207,0.404080185007263,70.75,"51009|51011|51019|51031|51680","51","Virginia",5,1
"527","Harrisonburg, VA",226,0.336566068203363,68.54,"51015|51091|51139|51165|51171|51660|51790|51820","51","Virginia",8,1
"528","Roanoke, VA",227,0.545836843964013,73.98,"51023|51045|51063|51067|51071|51121|51155|51161|51750|51770|51775","51","Virginia",11,1
"529","Bluefield, WV-VA",160,-0.591473481204175,29.76,"51027|51167|51185|54047|54055","51|54","Virginia|West Virginia",5,2
"530","Farmville, VA",160,-0.424765580214301,37.76,"51029|51037|51049|51083|51111|51135|51147","51","Virginia",7,1
"531","Fredericksburg, VA",204,1.03954317581813,84.52,"51033|51099|51177|51179|51193|51630","51","Virginia",6,1
"532","Leesburg, VA",235,1.63829937436269,93.03,"51043|51069|51107|51187|51840|54003|54027|54037|54065","51|54","Virginia|West Virginia",9,2
"533","Warrenton--New Baltimore, VA",211,0.67005968753481,78.4,"51047|51061|51113|51137|51157","51","Virginia",5,1
"534","Wise--Norton, VA",116,-1.01761055506369,14.63,"51051|51105|51195|51720","51","Virginia",4,1
"535","Tappahannock, VA",172,0.0368683015210047,57.31,"51057|51103|51133|51159","51","Virginia",4,1
"536","Newport News, VA",159,1.33013671760512,89.97,"51073|51095|51115|51119|51199|51650|51700|51735|51830","51","Virginia",9,1
"537","Martinsville, VA",154,0.030903690447833,56.8,"51089|51141|51690","51","Virginia",3,1
"538","Lexington, VA",136,0.220072159468503,64.12,"51163|51530|51678","51","Virginia",3,1
"539","Moses Lake, WA",130,-0.662748842902438,26.36,"53001|53025","53","Washington",2,1
"540","Wenatchee, WA",172,0.301073364849583,67.52,"53007|53017","53","Washington",2,1
"541","Sequim, WA",199,0.758969991411984,80.1,"53009|53031","53","Washington",2,1
"542","Seattle--Tacoma, WA",278,2.36317829120986,97.28,"53029|53033|53035|53041|53045|53053|53057|53061|53067|53073","53","Washington",10,1
"543","Yakima, WA",166,-0.482766103938456,35.03,"53037|53077","53","Washington",2,1
"544","Friday Harbor, WA",199,1.37527194224964,90.65,"53055","53","Washington",1,1
"545","Elkins, WV",139,-0.638082206999275,27.21,"54001|54075|54083|54093","54","West Virginia",4,1
"546","Charleston, WV",212,0.204109736381513,63.27,"54005|54013|54015|54035|54039|54043|54079|54087","54","West Virginia",8,1
"547","Morgantown, WV",178,-0.319583392467069,41.67,"54007|54017|54021|54033|54041|54049|54061|54077|54091|54097","54","West Virginia",10,1
"548","Beckley, WV",178,-0.16379533332875,48.47,"54019|54025|54063|54081|54089|54109","54","West Virginia",6,1
"549","Summersville, WV",126,-0.496392209442766,34.35,"54067|54101","54","West Virginia",2,1
"550","Wausau, WI",266,-0.158136561278781,49.32,"55001|55019|55067|55069|55073|55097|55119|55141","55","Wisconsin",8,1
"551","Ashland, WI",152,-0.221292407192212,46.77,"55003|55007|55099","55","Wisconsin",3,1
"552","Rice Lake, WI",213,-0.300518362864981,43.71,"55005|55013|55095|55107|55113|55129","55","Wisconsin",6,1
"553","Green Bay, WI",271,0.465278817810876,72.79,"55009|55029|55061|55078|55083|55115","55","Wisconsin",6,1
"554","Appleton, WI",277,0.284046380233566,66.5,"55015|55027|55039|55047|55087|55135|55137|55139","55","Wisconsin",8,1
"555","Madison, WI",275,1.22261673800586,87.76,"55021|55025|55045|55049|55065|55077|55103|55111","55","Wisconsin",8,1
"556","Rhinelander, WI",190,-0.154075521924239,49.66,"55041|55085|55125","55","Wisconsin",3,1
"557","Milwaukee, WI",355,1.43508036843613,91.67,"55055|55079|55089|55105|55127|55131|55133","55","Wisconsin",7,1
"558","Sheboygan, WI",202,0.0322004923635927,56.97,"55071|55117","55","Wisconsin",2,1
"559","Cody, WY",194,-0.539949341004482,32.99,"56003|56029","56","Wyoming",2,1
"560","Gillette, WY",156,-1.28076561488477,7.31,"56005|56011|56045","56","Wyoming",3,1
"561","Rock Springs, WY",148,-1.20494734628792,9.18,"56007|56037","56","Wyoming",2,1
"562","Casper, WY",232,-0.150736153707117,49.83,"56009|56025|56027","56","Wyoming",3,1
"563","Riverton, WY",187,-0.560023668764602,31.63,"56013|56017|56043","56","Wyoming",3,1
"564","Torrington, WY",134,-1.17979885902493,9.52,"56015|56031","56","Wyoming",2,1
