industry_code,industry_ubiquity,industry_complexity,industry_complexity_percentile
111000,21,-0.5836164665590065,31.26
112000,22,-0.9416128410193323,18.16
113110,17,-0.3733012106195594,39.49
113210,23,-0.2153512358707779,46.04
113310,23,-0.6616104561743256,28.62
114111,15,1.3058347117102873,88.38
114112,9,1.1300492978416237,84.79
114119,11,0.8129486516275587,77.61
114210,15,-0.4202992492075436,37.59
115111,14,-1.2246092844209515,11.3
115112,21,-0.3895406475455404,38.86
115113,12,-0.06768578399342712,50.69
115114,9,0.4414560551271618,66.74
115115,15,-0.5735603090505541,31.57
115116,6,0.3085456663631125,63.67
115210,21,-1.1529295912843256,12.99
115310,16,-0.334933781286219,41.08
211120,10,-0.10446286194037671,49.1
211130,10,0.011909464094660838,54.49
212114,13,-0.874558588028942,20.38
212115,10,-0.7166281546838775,26.5
212210,4,-0.7884504508698374,24.29
212220,6,0.6320022067398446,73.28
212230,8,0.5285056001164719,69.69
212290,8,0.13444787900831337,58.18
212311,20,-1.0713496653671457,14.68
212312,18,-1.5715340847264754,4.44
212313,11,0.0049473933961610645,54.28
212319,21,-0.025173106585495108,52.48
212321,28,-0.2069813297626985,46.36
212322,10,-1.3881469137118618,6.86
212323,11,-0.8528750140891022,21.86
212390,14,0.36323333079709386,64.73
213111,13,-0.33215004271682613,41.18
213112,12,-0.1512541025457986,47.62
213113,12,-0.5569207306854197,32.31
213114,11,0.6419749696608554,73.39
213115,16,0.14015535913306615,58.39
221111,19,0.7869665007803761,77.19
221112,22,-0.5657823696296267,31.78
221113,18,-0.6372143955326569,29.36
221114,11,1.6891579504960967,94.51
221115,14,-0.38527363484913585,38.97
221116,6,0.5263094302083714,69.27
221117,14,0.44535760880541253,66.95
221118,14,0.14817854512671003,58.61
221121,20,-0.2931615839366407,43.61
221122,28,-0.4981767874712222,34.21
221210,15,-0.08303876719963994,50.05
221310,23,-0.01879327145499535,52.59
221320,24,-0.32657641475990035,41.61
221330,13,0.5329593877585853,69.9
236115,24,0.6082652356281995,72.54
236116,15,1.235717955963929,86.48
236117,22,-0.3034280407743741,42.45
236118,21,1.5112723705614115,91.24
236210,20,-0.914241612077027,19.43
236220,28,-0.053176546835385356,51.11
237110,22,0.15186753175516318,58.82
237120,12,-0.42126186207896643,37.49
237130,27,-0.6008637552586586,30.62
237210,13,0.5865870160686137,72.02
237310,30,-0.40236822719276477,38.33
237990,19,-0.1268567655578427,48.15
238110,23,-0.25668119264974987,44.46
238120,17,-0.04367978318312924,51.64
238130,18,0.7163473477532173,75.5
238140,27,0.434768802394759,66.53
238150,15,1.7493064420685749,95.56
238160,17,0.5694441450637643,71.17
238170,24,-0.8300392988251539,22.6
238190,18,0.11988715354810728,57.87
238210,28,0.21771154901052434,60.93
238220,26,-0.10291026341797437,49.21
238290,25,-0.7500452365593894,25.77
238310,22,0.9495691138517861,80.57
238320,20,1.285357454007069,87.75
238330,23,0.6674429506179129,74.34
238340,13,1.8121571190060273,96.52
238350,21,0.24264896525675075,61.99
238390,18,0.22116873497515496,61.03
238910,33,-0.4136707314660195,37.7
238990,20,0.1115141668228452,57.44
311111,19,-1.409734625611066,6.65
311119,22,-1.4184290717504273,6.55
311211,19,-1.1669232250015091,12.35
311212,5,-0.7780065712925854,24.71
311213,11,-0.42432322082873064,37.38
311221,7,-1.9918903560823829,0.63
311224,17,-1.660841541144289,3.06
311225,18,-1.0372791690039012,15.42
311230,15,-0.4370101158422479,36.33
311313,8,-0.3465365257711313,40.65
311314,6,0.324929598155512,63.99
311340,12,-0.5991799607643684,30.73
311351,9,0.6053225801180894,72.33
311352,17,-0.047056538718195345,51.53
311411,13,-0.2556552260966289,44.56
311412,18,-0.8850083880213294,19.96
311421,15,-0.36280732306840746,39.92
311422,10,-1.3233046092215077,8.66
311423,11,-0.029309453750634974,52.16
311511,22,-0.04795597042277125,51.43
311512,12,-0.35919381051208055,40.23
311513,11,-0.2950186218809493,43.51
311514,16,-1.213696098359377,11.51
311520,20,-0.10224765198759922,49.31
311611,16,-1.001950586481878,16.68
311612,17,-1.5656383734890238,4.54
311613,18,-1.4635201087501042,5.91
311615,17,-1.3573391876633405,7.5
311710,12,0.5271869065001559,69.48
311811,16,0.9656572337083743,80.99
311812,19,0.09473451358963401,56.92
311813,15,-0.3019404141077294,42.77
311821,17,-0.9368630741208012,18.37
311824,20,-0.5013597948626027,34.11
311830,15,-0.30053450569861595,42.98
311911,14,0.16125850785999707,59.35
311919,15,-0.8163128685376932,23.13
311920,21,0.5302492891177435,69.8
311930,13,0.039772970301121084,55.44
311941,20,-0.35663135286812775,40.34
311942,15,-0.6795752533583571,27.77
311991,16,0.1070466010524321,57.13
311999,14,-0.8617238938118317,21.44
312111,18,-0.6975974061016519,27.14
312112,16,-0.10753524728628612,49
312113,24,-0.9338916151231581,18.59
312120,22,0.29835669605338166,63.46
312130,6,1.5269864857519366,91.55
312140,15,-0.22903356331907576,45.3
312230,7,-0.8042770073112336,23.55
313110,5,-1.6198396797990144,3.59
313210,10,-0.4873732041532993,34.64
313220,10,-0.25018559770067383,44.67
313230,16,-0.7719308859493339,25.03
313240,9,-0.40232775466569987,38.44
313310,12,0.3369889955950538,64.2
313320,12,-0.227390417025348,45.41
314110,5,-0.4670664001259508,35.27
314120,14,-0.31837622973838603,41.82
314910,22,-0.3995067766097404,38.54
314994,15,-0.16267704616533263,47.52
314999,20,-0.4496734697823953,35.59
315120,6,-1.7511605872442744,2.22
315210,6,0.7768063618963155,76.98
315250,14,0.3030702800232379,63.57
315990,18,0.0033067802853234823,54.17
316110,12,-0.9179553050980674,19.22
316210,9,-0.24841195889738893,44.88
316990,20,0.04729133076852684,55.54
321113,23,-0.7758715256278782,24.82
321114,18,-0.4692469638432817,35.16
321211,20,-1.0181309722436371,16.05
321212,12,-0.5845799366389275,31.05
321215,25,-0.4462737964143527,35.9
321219,21,-0.8566630887960445,21.65
321911,14,-0.48152421162912623,34.85
321912,18,-1.289609823343479,9.82
321918,22,-0.7558787774642419,25.55
321920,20,-1.617070443302728,3.8
321991,13,-0.789923770751784,24.08
321992,22,-0.09723217562106125,49.63
321999,22,-1.1973903971566662,11.93
322110,8,-1.5812144174089025,4.12
322120,21,-0.6120271937666262,30.52
322130,19,-1.0405425843080616,15.31
322211,18,-1.8722206432474995,1.27
322212,15,-1.7567754170097043,2.01
322219,15,-1.6964816224461763,2.43
322220,18,-0.9996921530289732,16.9
322230,18,-0.9546402126617913,17.53
322291,17,-0.613271901538048,30.41
322299,14,-1.4872601040130011,5.28
323111,23,-0.7919684129442494,23.97
323113,23,-1.1821024726137226,12.14
323117,15,-0.8623654379630296,21.33
323120,19,-0.6993551027298862,27.03
324110,18,0.09306842786028816,56.81
324121,22,0.022622283874247043,54.8
324122,21,-0.4295336787056474,36.85
324191,17,-1.344933583632713,7.81
324199,10,-1.5082652794233713,4.96
325110,4,-1.3103468476510765,8.98
325120,16,-0.050679850675828204,51.32
325130,17,-1.0950794946940232,14.26
325180,19,-0.8844253139002763,20.06
325193,11,-1.625528710686623,3.38
325194,14,-1.1618099255137535,12.67
325199,17,-1.5089416031970786,4.86
325211,16,-1.297713300500482,9.19
325212,11,-0.22340472038081877,45.51
325220,8,-1.013330667891179,16.16
325311,15,-1.1228753576291506,13.41
325312,7,-0.559969604031493,32.1
325314,18,-0.627345507136974,29.99
325315,14,0.6125634291688324,72.76
325320,13,-1.8840377125058771,1.16
325411,12,0.6675993566956426,74.45
325412,13,0.14661378946193293,58.5
325413,12,0.7082116600484695,75.29
325414,17,0.16433170121591922,59.45
325510,16,-1.3024589456039122,9.08
325520,16,-0.7624233255333437,25.34
325611,17,-0.8532739911494717,21.75
325612,13,-1.1174161168876466,13.83
325613,12,-0.27420416724973606,43.93
325620,14,-0.33669003512445883,40.87
325910,14,-0.960041603238746,17.42
325920,13,-0.6150491063657979,30.31
325991,16,-0.6356439844400074,29.57
325992,12,0.28315448148494476,63.25
325998,20,-0.8689478103572879,20.59
326111,16,-0.8406390492619544,22.28
326112,13,-1.6881683621203079,2.53
326113,19,-1.0283785812675006,15.95
326121,16,-0.48172269809893997,34.74
326122,19,-1.2300794789884133,11.09
326130,23,-0.6519864482290002,29.14
326140,14,-1.1611921889348453,12.78
326150,20,-1.3292960627247943,8.34
326160,14,-1.4329358073891616,6.44
326191,13,-1.3364496620961455,8.13
326199,19,-1.5775550710144082,4.33
326211,14,-1.756504128252857,2.11
326212,23,-0.5644658903748089,31.89
326220,19,-1.5061270097016684,5.07
326291,11,-1.466218959398719,5.81
326299,24,-0.9344800712896216,18.48
327110,19,-0.09754055818138738,49.42
327120,18,-1.5985761272536594,3.91
327211,17,-0.9725420511706669,17.21
327212,11,0.26696547083997846,62.62
327213,15,-0.5989417386133161,30.83
327215,15,-1.125993974821146,13.2
327310,23,-0.9481828393840346,17.85
327320,29,-0.7788164173245452,24.6
327331,20,-0.5178656993303541,33.37
327332,20,-0.5092234201767164,33.9
327390,26,-0.4364124854295166,36.43
327410,17,-0.9115043997322355,19.54
327420,18,-0.690012942510077,27.46
327910,17,-0.44568413958303005,36.01
327991,25,-0.36617254081055745,39.81
327992,15,-0.9333550902176496,18.69
327993,15,-1.6178838163298266,3.7
327999,15,-0.7893943542448222,24.18
331110,12,-2.0656823376022557,0.42
331210,19,-1.3826606127881391,7.07
331221,18,-1.231937830209119,10.98
331222,13,-1.813748394017973,1.69
331313,12,-0.868096912402271,20.8
331314,11,-1.3259231416464352,8.45
331315,11,-1.2415522071555958,10.77
331318,16,-1.3368470059910773,8.03
331410,16,-0.07414588029644266,50.26
331420,20,-0.9229979283343336,19.11
331491,16,-0.46435035323465834,35.37
331492,16,-0.7581888204278313,25.45
331511,12,-1.6415876191840044,3.27
331512,13,-0.7980388817270865,23.76
331513,13,-1.3498124563666334,7.6
331523,19,-1.291359079774113,9.71
331524,12,-1.384398418616053,6.97
331529,13,-0.8177224557402264,23.02
332111,12,-1.3128941781720231,8.87
332112,8,-0.24991533604528823,44.77
332114,9,-1.0069197471718816,16.37
332117,10,-0.9296944399625613,18.8
332119,15,-0.5550188413155819,32.42
332215,13,-0.26297829064553047,44.24
332216,19,-0.7015174975258283,26.93
332311,23,-1.2058831744117602,11.62
332312,24,-1.2326083305099618,10.88
332313,24,-1.1214744738671618,13.73
332321,16,-1.3253655953094203,8.55
332322,20,-1.121494816887563,13.62
332323,19,-0.19143513560374098,46.46
332410,14,-0.8026346395991643,23.65
332420,22,-1.1942154308597475,12.04
332431,17,-0.827444243273468,22.7
332439,17,-1.293589733837955,9.61
332510,17,-1.4824453765216437,5.49
332613,10,-1.6201081236910788,3.48
332618,18,-1.2973306181450175,9.29
332710,21,-0.8198297439928219,22.91
332721,14,-0.48964686842910476,34.53
332722,16,-0.8423969549758239,22.18
332811,11,-1.3395345403034966,7.92
332812,17,-1.133984623911439,13.09
332813,16,-0.7400101195906151,25.98
332911,17,-1.0013058794187866,16.79
332912,16,-0.4345875047736248,36.75
332913,14,-1.0344233011653075,15.63
332919,17,-0.8650637358934902,21.12
332991,12,-1.442860757068546,6.23
332992,12,-0.9156493159962772,19.32
332993,6,-1.8359704111751731,1.58
332994,22,-0.1373722372562667,47.84
332996,14,-1.2555452854956368,10.56
332999,16,-0.9418452829625561,18.06
333111,13,-1.6657404427836462,2.85
333112,14,-1.2168959984291923,11.4
333120,16,-1.3620990148353334,7.39
333131,17,-0.8810636198074854,20.17
333132,5,-0.39787180155256363,38.75
333241,16,-0.9087424863375989,19.64
333242,7,1.7000533609758302,94.72
333243,16,-0.72595534687662,26.29
333248,16,-1.1074708925298429,14.04
333310,20,-0.3797990227855278,39.18
333413,15,-1.6703839943960916,2.75
333414,21,-0.43797144635649665,36.22
333415,15,-1.5795754358790286,4.22
333511,14,-1.7393728793486447,2.32
333514,12,-1.2452215351123825,10.67
333515,17,-0.9823039213739878,17.11
333517,13,-0.8988469060553276,19.75
333519,11,-0.33536022380068153,40.97
333611,13,-0.011289753256655802,52.9
333612,13,-0.9254753733804704,19.01
333613,19,-0.8331465654879217,22.39
333618,13,-1.335227895410748,8.24
333912,15,-1.0360169806405166,15.52
333914,19,-1.1748667690953192,12.25
333921,12,-0.8154122796785012,23.23
333922,19,-1.4625367437215717,6.02
333923,17,-1.109514898543411,13.94
333924,16,-1.225796453196204,11.19
333991,10,-0.8596866520002218,21.54
333992,11,-1.3672962538332851,7.29
333993,14,-1.0065982050718336,16.47
333994,11,-0.7368299893880974,26.08
333995,15,-1.7812631771215544,1.9
333996,12,-1.1236968978984234,13.31
333998,16,-0.8651748629531119,21.01
334111,9,0.9016202833892123,79.51
334112,5,1.2495562288308264,87.01
334118,12,0.24760250040295056,62.09
334210,10,-0.6361078634935253,29.46
334220,14,0.700836633310605,75.08
334290,17,0.8634011778627011,78.67
334310,11,0.2594719346364104,62.41
334412,15,0.4202160783368271,66
334413,8,1.459696216194989,90.6
334416,16,0.4508051491235018,67.37
334417,14,0.3826069393849424,65.47
334418,16,-0.18459081031327332,46.78
334419,15,0.08063630538450708,56.39
334510,9,1.3967449316732168,89.55
334511,12,1.7646276622715416,95.78
334512,13,-0.9295913369755373,18.9
334513,19,-0.3040865958398944,42.34
334514,12,-0.672458618033582,28.19
334515,10,1.1505545498696579,85.11
334516,15,1.0514569106357157,82.58
334517,8,1.4338868537768636,90.18
334519,12,0.8486799597735701,78.46
334610,11,0.08604362238467236,56.71
335131,13,-0.09518023132743159,49.84
335132,17,-0.11739011541153112,48.57
335139,12,-0.3304467485296927,41.29
335210,9,-0.4400045322214995,36.11
335220,11,-1.963138273433284,0.84
335311,13,-1.3940619414617728,6.76
335312,17,-1.55070035918186,4.65
335313,15,-1.0862068009059536,14.36
335314,13,-0.1158244347667732,48.68
335910,13,-1.276369858855718,10.35
335921,9,0.1518531776992075,58.71
335929,15,-0.3621083420852917,40.13
335931,15,-0.8124873963342136,23.34
335932,12,-1.278004021131116,10.24
335991,16,-0.9435550862308901,17.95
335999,16,0.6489337224669197,73.5
336110,10,-2.0732015954007412,0.32
336120,15,-1.0041471684187364,16.58
336211,15,-1.8392600572784046,1.48
336212,21,-1.4839575516158334,5.39
336213,4,-1.9213327033975667,1.06
336214,11,-0.9497191527039838,17.63
336310,13,-1.9498781377965582,0.95
336320,12,-1.8624269187733247,1.37
336330,11,-1.496886872824077,5.17
336340,9,-1.9766282049107458,0.74
336350,9,-2.1541681182500523,0.11
336360,11,-2.0367176262575426,0.53
336370,11,-2.114947974120704,0.21
336390,15,-1.6818927060749265,2.64
336411,11,-0.17002367420020634,47.31
336412,12,0.18692976911401973,60.08
336413,17,-0.4250174775775113,37.28
336414,8,1.5874454582298965,92.5
336415,12,-0.42745073569050746,36.96
336419,5,-0.18681410600464754,46.67
336510,16,-0.3100773166412281,42.03
336611,10,0.2590396427092931,62.3
336612,17,-0.3450240254168848,40.76
336991,9,-0.04190368290500168,51.74
336992,10,-1.4491970143638568,6.12
336999,10,-1.8114117050532024,1.8
337110,21,-1.1565563119649043,12.88
337121,7,-1.6615773930884143,2.96
337122,20,-0.006423969184289913,53.33
337126,9,-0.7165616971767341,26.61
337127,16,-1.03174049316619,15.73
337211,7,-1.4785063065597053,5.6
337212,22,0.45481600150080614,67.48
337214,9,-0.7237860547896007,26.4
337215,21,-1.3826423709144218,7.18
337910,17,-0.21303250636336277,46.15
337920,16,0.6670512249324378,74.23
339112,15,0.5725779991762325,71.28
339113,17,-0.22025837620514285,45.72
339114,11,0.8586672271090166,78.56
339115,11,0.8155021915049039,77.72
339116,15,0.07675146679216231,56.28
339910,14,1.4817536291775664,90.92
339920,19,-0.42617250452124406,37.17
339930,15,0.6561797911790945,73.6
339940,12,-0.10987858965051299,48.79
339950,20,-0.8661665768505369,20.91
339991,13,-0.878546440941989,20.27
339992,14,1.0418254856626823,82.26
339993,11,0.15607402527602116,59.03
339994,14,-0.8242189390682194,22.81
339995,10,-1.2888930197900872,10.14
339999,14,-0.6527579414474576,29.04
423110,27,-1.103045846832866,14.15
423120,16,-1.2945123817337834,9.4
423130,21,-1.0451334421697096,15.1
423140,23,-0.9923323588256111,17
423210,17,0.21762462930814555,60.82
423220,12,0.4487791584883154,67.16
423310,22,-0.3752483510334888,39.39
423320,17,0.4228199461788992,66.1
423330,26,-0.29535653324061945,43.4
423390,22,-0.2823694403884796,43.72
423410,7,0.8943413748319922,79.2
423420,22,-0.3982167473613302,38.65
423430,15,1.0771213261099912,83.53
423440,16,-0.21868843449367578,45.83
423450,21,0.11820404277915315,57.66
423460,15,0.29647643327062817,63.36
423490,19,0.3182107773470309,63.89
423510,16,-1.315285510543995,8.76
423520,13,-0.18807244623251645,46.57
423610,22,-0.6630841825411302,28.41
423620,14,0.6636605103198459,74.13
423690,13,0.7753984043690685,76.87
423710,18,-0.3079560367847686,42.13
423720,25,0.368103041631433,64.84
423730,19,-0.549600919022006,32.73
423740,20,-0.6350052022244076,29.67
423810,32,-0.6288110896816572,29.78
423820,21,-1.205533070260519,11.72
423830,18,-1.5851932263106294,4.01
423840,22,-1.030267937356238,15.84
423850,23,-0.7325310517861804,26.19
423860,11,0.6268779066750371,73.18
423910,19,0.3479181279958616,64.41
423920,13,0.8816223182024528,78.99
423930,22,-1.289057848445679,10.03
423940,9,2.0526014542438475,97.99
423990,14,0.3903696333570822,65.58
424110,17,-0.3207954231566512,41.71
424120,17,-0.029183977053009857,52.27
424130,13,0.20660985429264322,60.4
424210,18,0.6598328034344605,73.92
424310,9,0.7970180150572791,77.3
424340,12,1.227375285539137,86.17
424350,9,0.5789333020880058,71.49
424410,23,0.22943856915040137,61.35
424420,16,0.001249223883827619,53.96
424430,12,0.39481707184954945,65.79
424440,19,0.022996013817799463,54.91
424450,21,-0.35014140531159765,40.44
424460,14,2.415609246125684,99.05
424470,11,1.4960314148522804,91.02
424480,14,1.4323943930397296,90.07
424490,26,-9.652410922217153e-4,53.75
424510,15,-1.4675330493392886,5.7
424520,21,-1.2894833010167193,9.93
424590,21,0.37699799646742405,65.15
424610,15,-0.491712325359605,34.42
424690,19,-0.8722302564074356,20.49
424710,25,-0.8644595918641296,21.22
424720,19,-0.694880474907241,27.35
424810,28,-0.4057175925247127,38.12
424820,21,1.2988813092882816,88.07
424910,21,-1.0456829323700134,14.99
424920,19,-0.40403416802804537,38.23
424930,9,1.1474408766956636,85.01
424940,24,-0.5268328112295924,33.16
424950,17,-0.6223624526557212,30.1
424990,9,1.3745160530829434,89.33
425120,18,-0.07383703912344602,50.37
441110,32,-0.4709336847294883,35.06
441120,25,-0.7127640636198562,26.82
441210,31,-0.5834033234984072,31.36
441222,23,-0.03709630321481414,52.06
441227,34,-0.654964815317547,28.93
441330,31,-0.7142616867169996,26.72
441340,31,-0.7524349288637313,25.66
444110,33,-0.3030896308789971,42.56
444120,28,0.02831625263240597,55.12
444140,30,-0.7753739026297991,24.92
444180,27,-0.6573008430773806,28.83
444230,24,-0.9484323489376744,17.74
444240,36,-0.5839266802389365,31.15
445110,22,1.0492883947339982,82.37
445131,15,1.7175409267131514,95.04
445132,16,-1.652033486813512,3.17
445230,17,0.9281059044972393,79.94
445240,19,-0.2703214360224017,44.03
445250,16,1.9846517375621517,97.68
445291,14,1.2577901373824727,87.22
445292,20,1.0623296841526437,82.79
445298,24,0.5382924196184102,70.12
445320,23,-0.05293471543765729,51.21
449110,26,-0.43554262446572733,36.64
449121,28,-0.37144856034777435,39.7
449122,17,1.166834679840736,85.43
449129,15,1.3625075186400457,88.91
449210,18,0.40141555567394444,65.89
455110,14,1.5483000114407748,92.19
455211,34,-0.7872960653971524,24.39
455219,26,-1.0432112078189477,15.21
456110,25,-0.23737077397355427,44.98
456120,14,0.7683639295570766,76.56
456130,14,0.4995427805455234,68.53
456191,18,0.593696839509288,72.23
456199,19,-0.7663945951835585,25.24
457110,35,-0.9385996168732231,18.27
457120,22,-0.6817499523537465,27.67
457210,19,0.7525023053235784,76.14
458110,15,1.4503001087239544,90.5
458210,16,1.2399330280914909,86.8
458310,13,2.151079523660861,98.63
458320,11,1.9432792067637414,97.47
459110,31,-0.6170366013373079,30.2
459120,31,-0.32659632276328204,41.5
459130,25,-0.29908975231075285,43.29
459140,18,-0.40924861984106237,37.91
459210,25,1.072445720873916,83.32
459310,30,-0.793710880608272,23.86
459410,25,0.2706031177808934,62.94
459420,24,0.34997716524921235,64.52
459510,26,-0.5898417914907108,30.94
459910,18,0.11496297328607386,57.55
459920,17,1.5997976404725942,92.71
459930,24,-0.5745765943020985,31.47
459991,24,0.1561849472698461,59.13
459999,17,-0.038333054215529204,51.85
481111,16,1.303969219168968,88.28
481112,8,0.46140930005972364,67.79
481211,11,0.17819734916836963,59.77
481212,14,1.1038292554803912,83.84
481219,19,0.5604281763772309,70.86
482110,26,-0.6422681067388293,29.25
483111,6,1.738567214912922,95.35
483112,3,2.0971217586525635,98.42
483113,10,0.9719457263183372,81.52
483114,11,1.3679785737598573,89.02
483211,12,-1.084476484383316,14.47
483212,14,1.464534190101656,90.71
484110,17,-0.45682024477832445,35.48
484121,23,-1.509858584736621,4.75
484122,21,-1.1638508108339718,12.46
484210,22,0.5105787090933477,68.95
484220,29,-0.8447560736587328,22.07
484230,25,-1.3486614927369949,7.71
485111,8,0.5791608136891991,71.59
485112,6,2.505823851793672,99.37
485113,13,1.4108270373521972,89.65
485119,10,1.62455974553314,93.56
485210,15,0.2238176555029502,61.14
485310,10,3.0130295929708364,100
485320,11,2.4918092764068343,99.26
485410,21,0.760282077017159,76.35
485510,23,0.037033297542863663,55.33
485991,19,0.8856698727015727,79.09
485999,19,1.6217777626111431,93.24
486110,12,-0.9704658311224938,17.32
486210,16,-1.122233628538236,13.52
486910,19,-0.8119513792783085,23.44
486990,8,-0.0076895626599824555,53.22
487110,20,1.0675763876244375,83.1
487210,17,1.618583931133286,93.14
487990,13,0.9625964643024542,80.78
488111,20,-0.23188357725673017,45.2
488119,14,1.7891116570495957,96.2
488190,20,-0.02680238787487369,52.38
488210,20,-1.4427255929010987,6.34
488310,11,0.5610604431275683,70.96
488320,14,1.1179335669706107,84.27
488330,11,0.82957830405028965,78.04
488390,13,0.8335068579743597,78.14
488410,21,0.16454916090180463,59.56
488490,23,-0.12476291708922363,48.26
488510,12,-0.20944508298887948,46.25
488991,16,-0.18095438818591125,46.99
488999,16,-0.01509210517008105,52.8
491110,27,-0.16640121639592154,47.41
492110,16,-0.6879548482531257,27.56
492210,13,1.4291520618996425,89.97
493110,16,-0.0970115129985028,49.74
493120,18,-0.6760385220922083,27.88
493130,20,-0.5471455004914518,32.84
493190,20,-0.8687891080474495,20.7
512110,9,1.934089224443032,97.36
512120,5,1.5333197879208733,91.87
512131,22,0.37844192058453624,65.36
512132,22,-0.49368348954380015,34.32
512191,3,2.4679162723499952,99.16
512199,11,1.0639901730235461,82.89
512230,6,1.6559964322837688,93.98
512240,9,1.7379995573790616,95.25
512250,7,2.055893831349746,98.1
512290,12,1.9209450974112727,97.25
513110,27,0.26820238360040266,62.72
513120,14,0.9895567555918419,81.63
513130,11,0.19057735491496303,60.19
513140,11,0.45630664754232847,67.58
513191,7,0.5142690764767031,69.06
513199,14,1.5416388323322352,92.08
513210,12,0.44570939633360745,67.05
516110,31,-0.6287538983014089,29.88
516120,24,0.37111680869930597,64.94
516210,8,2.5275316062537865,99.47
517111,22,0.09591878446658711,57.02
517112,17,-0.12156614734234134,48.47
517121,14,0.45019103047758485,67.27
517410,13,0.9931862972698097,81.94
517810,15,1.2340962690468844,86.38
518210,11,1.0711443985192304,83.21
519210,10,1.7057643202914459,94.93
519290,7,2.811061189847629,99.89
521110,11,-0.003977006951028873,53.64
522110,25,-0.6954673542987284,27.24
522130,28,-0.038310667434396206,51.95
522180,20,0.3712711993248486,65.05
522210,12,0.5461177307241046,70.54
522220,13,-0.23194068537678048,45.09
522291,17,-0.8315166632898119,22.49
522292,18,0.30973543477965215,63.78
522299,17,0.2564360720616227,62.2
522310,14,1.2376745361085952,86.69
522320,17,0.10817615983563302,57.23
522390,10,1.3948675448320333,89.44
523150,16,0.9712469007284946,81.41
523160,8,0.5399015966378548,70.22
523210,7,1.6680535236887415,94.09
523910,12,1.9154921690878495,97.15
523940,10,1.6342941134280902,93.66
523991,19,0.10968970542329275,57.34
523999,14,1.0540354559666285,82.68
524113,18,-0.5359115321926726,33.05
524114,22,-0.3117759732339718,41.92
524126,17,0.0028685302796521974,54.07
524127,18,0.9370097642264722,80.36
524128,19,-0.26975224147385285,44.14
524130,9,0.574103458668117,71.38
524210,19,-0.5138523047034107,33.79
524291,17,-0.7835233250057533,24.5
524292,17,-0.3837990084271965,39.07
524298,20,0.18273789459752968,59.87
525110,19,0.05239166135463699,55.65
525120,15,0.5830850395736266,71.7
525190,12,0.479936922580707,68.43
525910,9,1.7820271029569756,95.99
525920,23,0.06685994410183839,55.97
525990,13,1.1244838606000114,84.58
531110,11,1.528096345368904,91.66
531120,12,1.6478967431169345,93.77
531130,23,0.5272559114677967,69.59
531190,22,0.45803504504951037,67.69
531210,16,1.2795175384991146,87.65
531311,13,2.1224180774674357,98.52
531312,18,1.2465474128145784,86.91
531320,26,-0.3000915476498933,43.19
531390,17,1.6114199068746633,93.03
532111,18,0.7392148546983427,75.82
532112,10,0.9242101135277524,79.73
532120,18,-0.4472824472173136,35.8
532210,17,-1.0554725029190692,14.89
532281,12,0.2763932584083297,63.15
532282,15,0.616991781843996,72.86
532283,27,-0.5514084888817826,32.63
532284,16,1.345456551660705,88.81
532289,19,0.3459034169642685,64.31
532310,19,-0.5027435917891724,34
532411,15,0.6780613169178425,74.66
532412,15,-0.1722810237895158,47.2
532420,17,1.1149584211426204,84.16
532490,15,0.6594321140890651,73.81
533110,15,0.4360730921460431,66.63
541110,12,2.0008028579035604,97.78
541191,29,-0.2795806809855841,43.82
541199,19,1.0974273458884425,83.74
541211,12,1.8210922679952706,96.62
541213,15,0.26593915263257184,62.51
541214,13,0.5345699163676455,70.01
541219,26,0.6622253049869568,74.02
541310,14,1.7293763262951989,95.14
541320,17,0.9457628831834702,80.46
541330,20,0.4771503035975028,68.32
541340,21,0.8710193218745588,78.88
541350,17,0.9675776263919826,81.1
541360,13,0.12383857187181113,57.97
541370,22,0.08262945300376756,56.6
541380,11,-0.054505361150796634,51
541410,14,1.803520896864455,96.41
541420,11,0.6056909709457262,72.44
541430,18,1.4981671967042403,91.13
541490,13,1.1896291791439038,85.64
541511,14,2.0578185932515627,98.2
541512,15,1.072728634669916,83.42
541513,17,0.7782788767862996,77.09
541519,19,0.7262238291113612,75.71
541611,14,1.6003547435545162,92.82
541612,16,0.4685841838126678,68.11
541613,15,1.548436544469413,92.29
541614,14,-0.6629885718593119,28.51
541618,11,1.3696033090922053,89.12
541620,20,1.2970414692260874,87.96
541690,15,1.538422663278274,91.97
541713,15,0.21666060694872905,60.72
541714,10,1.426834321549509,89.86
541715,14,1.4791774729837261,90.81
541720,6,2.6429646957663477,99.68
541810,11,0.8403572536218828,78.25
541820,8,2.703387614070732,99.79
541830,5,1.6219546917293721,93.35
541840,11,1.2278992937182407,86.27
541850,25,0.06527397975669388,55.86
541860,16,-0.12423539130714585,48.36
541870,11,1.6815510517679073,94.4
541890,19,-0.37586261970138546,39.28
541910,13,1.1198650786861044,84.37
541921,21,0.7413042253237746,75.92
541922,16,1.3075116305922987,88.49
541930,17,1.441115813500065,90.29
541940,27,-0.4360319755285648,36.54
541990,17,0.7448061390500881,76.03
551111,18,-0.09729408443421125,49.52
551112,19,-0.01582804534362155,52.69
551114,19,-0.07202513029569645,50.58
561110,21,0.6781664663831113,74.76
561210,21,0.5848174668039411,71.91
561311,15,0.33402025619418363,64.1
561312,14,0.9285032374154683,80.15
561320,15,-1.1634558819944645,12.57
561330,18,1.336217518967298,88.7
561410,14,0.35883147512341673,64.63
561421,18,-0.07293854662769879,50.48
561422,23,-0.6665673981408085,28.3
561431,17,1.0944672421844488,83.63
561439,13,0.9907835952166562,81.73
561440,22,-0.4271261843577036,37.06
561450,10,0.428693204918523,66.21
561491,18,-0.30246032384500315,42.66
561492,15,1.1062762815637135,83.95
561499,16,0.816394361497349,77.82
561510,17,1.1344425592155452,84.9
561520,20,1.597461908871274,92.61
561591,28,0.13444896810134133,58.29
561599,13,1.0177691887499065,82.05
561611,11,1.877764405932514,96.94
561612,12,2.1847559288150937,98.84
561613,19,0.8173664980724106,77.93
561621,17,0.49975212616882686,68.64
561622,19,0.7056013861567909,75.18
561710,16,-0.10898735698393701,48.89
561720,20,1.1239470659363753,84.48
561730,23,1.1628022587752342,85.32
561740,23,-0.009958361116265146,53.01
561790,12,1.2363488118252093,86.59
561910,14,-0.6613665114512366,28.72
561920,20,1.530454378432071,91.76
561990,19,-0.37155385442350053,39.6
562111,28,-0.13728886556978065,47.94
562112,12,0.6699053949534459,74.55
562119,22,0.24014535541644688,61.77
562211,13,-0.07620562446154801,50.16
562212,19,-0.3281424462153024,41.39
562213,12,1.680003240630394,94.3
562219,18,-0.36265891284468854,40.02
562910,21,0.9680377265072216,81.2
562920,16,0.5066353020443926,68.85
562991,26,0.2690211457110489,62.83
562998,16,-0.3491250322516017,40.55
611110,18,1.623089156758607,93.45
611210,19,0.24040071426890747,61.88
611310,16,0.8649802765218676,78.78
611410,17,0.7625873619740594,76.45
611420,13,1.5180804633396183,91.34
611430,17,1.796327608476904,96.3
611511,23,-0.3003339909853154,43.08
611512,18,0.016190451901850377,54.59
611513,18,0.5491163122432371,70.64
611519,22,0.43279999198406116,66.42
611610,18,0.9279892103843563,79.83
611620,19,1.7592421269231577,95.67
611630,15,2.1824739784104747,98.73
611691,13,2.00697973090364,97.89
611692,19,0.5266890010192965,69.38
611699,22,1.5671757073107127,92.4
611710,21,1.1789963500301572,85.53
621111,23,-0.21749630430602424,45.93
621112,21,1.0511727543021026,82.47
621210,21,1.2181843129034209,86.06
621310,26,-0.17927107929563585,47.1
621320,30,-0.6754218163859733,27.98
621330,21,0.8998323507118382,79.3
621340,23,0.005743708187565226,54.38
621391,15,0.9001553654253047,79.41
621399,22,0.805521273198782,77.4
621410,16,1.6547814459288825,93.88
621420,26,0.22782403983314525,61.25
621491,8,1.849860888874383,96.83
621492,22,-0.005635523345870524,53.43
621493,22,-0.005472794720618397,53.54
621498,22,1.211946699308702,85.96
621511,16,0.23718123073687103,61.67
621512,13,1.7855392260307785,96.09
621610,9,0.9283004547424577,80.04
621910,25,0.12645821735517057,58.08
621991,27,-0.7679799865789401,25.13
621999,21,-0.4484175146047909,35.69
622110,31,0.11941061410852429,57.76
622210,26,-0.25767376021970106,44.35
622310,17,0.07063965726053074,56.07
623110,24,-0.8468666184127721,21.96
623210,19,0.5868380077332456,72.12
623220,21,0.7085220932468275,75.4
623311,21,-0.0642200065594131,50.79
623312,20,0.7733279669817668,76.66
623990,23,0.46792188629750325,68
624110,21,0.9924223214714015,81.84
624120,14,0.7549046911620584,76.24
624190,25,1.0373197671424144,82.15
624210,26,0.4750331049159042,68.22
624221,19,0.9626009732541488,80.89
624229,13,1.2768717953422666,87.54
624230,22,0.773514769749045,76.77
624310,29,0.02826799956823201,55.02
624410,26,0.0807741497855789,56.49
711110,20,1.3015369901043419,88.17
711120,16,1.4122947612032144,89.76
711130,8,2.1919396352239393,98.94
711190,13,1.604480966022607,92.93
711211,18,0.27226124425524484,63.04
711212,15,-0.7453096536674927,25.87
711219,13,0.6888140256624254,74.87
711310,21,0.5635712164133673,71.07
711320,18,0.8424308842837358,78.35
711410,4,2.059463159935913,98.31
711510,17,1.9762062161240657,97.57
712110,21,1.3123252576680413,88.6
712120,18,0.15673599962626325,59.24
712130,18,0.44365773024731747,66.84
712190,23,0.021004772327161844,54.7
713110,5,1.2582194786008198,87.33
713120,19,-0.14849543328145842,47.73
713210,18,-0.5379911659467863,32.95
713290,18,0.46277477828387986,67.9
713910,23,0.0752611506218257,56.18
713920,18,0.6120117558975301,72.65
713930,16,0.500035950995202,68.74
713940,23,1.2117482506124444,85.85
713950,24,-0.5608796385404947,32
713990,24,0.7194097736433875,75.61
721110,20,1.1514852519491554,85.22
721120,9,-2.89588180101029e-4,53.85
721191,26,0.9096672916758838,79.62
721199,26,0.19964324786081641,60.3
721211,23,0.1854074910798236,59.98
721214,22,0.37730646951967844,65.26
721310,23,-0.3048996581488277,42.24
722310,24,0.5254323852453728,69.17
722320,16,1.6960736768802904,94.61
722330,23,0.5415342532916073,70.33
722410,26,0.15362114070855834,58.92
722511,19,0.9524742395963995,80.68
722513,24,-0.5537050294800532,32.52
722514,20,-1.2938816785551481,9.5
722515,22,1.5185270499644554,91.45
811111,27,-0.5156876591717484,33.47
811114,27,-0.5259157968199741,33.26
811121,25,-0.5687162990305735,31.68
811122,29,-0.3017234972669241,42.87
811191,22,-1.0098079436646514,16.26
811192,19,-0.5598510586349463,32.21
811198,16,0.584398623961446,71.81
811210,17,-0.40809847116168185,38.01
811310,26,-1.2592287426832225,10.45
811411,24,-0.6735335402249673,28.09
811412,24,0.5542532434405512,70.75
811420,18,0.9349643832501396,80.25
811430,13,1.1262319856206684,84.69
811490,23,0.23280455959893742,61.56
812111,22,0.06123063048811911,55.76
812112,22,-0.22109506856640196,45.62
812113,14,1.821650875641843,96.73
812191,24,-0.009835798652761329,53.12
812199,17,1.7015630658716472,94.83
812210,31,-0.8889123389437396,19.85
812220,16,-0.060767042833558146,50.9
812310,17,1.0675744164360603,83
812320,19,0.9688120110569669,81.31
812331,26,0.5444078622852877,70.43
812332,25,-0.5151108724386093,33.69
812910,27,0.16565721537433137,59.66
812921,16,0.2307511914478878,61.46
812922,22,0.6889394233823173,74.97
812930,10,2.5695876276782124,99.58
812990,17,1.7718306312187162,95.88
813110,28,-1.2004949968238188,11.83
813211,16,1.6796290517101915,94.19
813212,15,1.1905101016237005,85.74
813219,21,0.6179412407326069,72.97
813311,19,1.106279948702578,84.05
813312,24,1.2616523217195155,87.43
813319,21,1.446963037354729,90.39
813410,25,0.6586571087754818,73.71
813910,15,-0.18455222994534523,46.88
813920,10,1.2872023497491891,87.86
813930,24,0.8119595659729346,77.51
813940,17,0.6215838271760918,73.07
813990,13,1.907774630597346,97.04
814110,12,1.74712683753351,95.46
901149,29,-0.08953380395550709,49.95
901199,21,0.43237191304495254,66.31
901200,26,0.20731853814485438,60.51
902611,8,1.372128464900878,89.23
902612,32,-0.41114645008623185,37.8
902619,14,-1.063488754127604,14.78
902622,19,-0.4805887919444346,34.95
902999,33,0.39405750283851176,65.68
903611,29,0.03427585801322373,55.23
903612,17,0.20819868398968233,60.61
903619,11,-1.0716214837104632,14.57
903622,19,-0.5152362916215757,33.58
903999,24,-0.1280201065658229,48.05
999999,12,1.2518858636259376,87.12
