commuting_zone_geoid,commuting_zone_name,industrial_diversity,economic_complexity_index,economic_complexity_percentile_score,strategic_index,strategic_index_percentile
1,"Montgomery, AL",216,0.5739089967900867,75,-1.777506210012766,65.65
2,"Mobile, AL",297,0.35783118724814167,69.56,9.697956841587846,96.09
3,"Dothan, AL",210,-0.3341549546216223,40.65,1.1811711105334102,77.38
4,"Tuscaloosa, AL",197,-0.30639810444842225,43.2,-0.43680805143191,72.96
5,"Birmingham, AL",298,0.5963270391292962,76.7,8.912985253123452,95.41
6,"Anniston--Oxford, AL",226,-0.15049735802067818,50,3.2738923947808485,84.69
7,"Columbus, GA-AL",212,0.35793928184900525,69.73,-2.1095263130174033,63.1
8,"Gadsden, AL",229,-0.37866262472811707,38.95,5.49207511164486,89.46
9,"Meridian, MS",167,-0.7392884572050665,23.3,-3.869762987376828,53.4
10,"Huntsville, AL",233,0.6542154305578685,77.72,-1.7380602092729438,65.99
11,"Andalusia, AL",183,-0.9219421847596401,17.69,0.6370803169619992,76.53
12,"Hamilton, AL",125,-0.9118247821249659,17.86,-10.169501206956081,11.22
565,"Akutan, AK",33,-0.2451462869297635,45.41,-5.976035878701728,39.29
566,"Unalaska, AK",45,0.7821932385517116,80.44,-4.687540840430161,49.32
567,"Anchorage, AK",235,1.0202186453902866,84.18,-5.497933285551377,43.37
568,"Bethel, AK",60,0.5930136976790553,76.53,-5.192697773391647,45.58
569,"Kenai, AK",192,0.2220940122177141,64.29,-5.105873368539571,46.43
570,"Fairbanks, AK",165,0.1434936642443512,60.88,-6.9833330090209955,33.67
571,"Dillingham, AK",49,0.22301261447302767,64.46,-5.705262830485008,41.5
572,"Haines, AK",98,0.2870495712144022,66.84,-10.5382488904849,8.67
573,"Juneau, AK",140,1.286598459846756,89.12,-7.4289032818040015,31.46
574,"Ketchikan, AK",116,0.5056494537812912,73.3,-9.15202946782041,18.03
575,"Kodiak--Mill Bay, AK",103,0.5160081801455764,73.81,-9.367857229716497,16.16
576,"Hooper Bay, AK",33,-0.22145339461486035,46.6,-5.26555807349718,45.07
577,"Nome, AK",65,-0.06577293499429729,53.4,-8.207155179700845,26.53
578,"Utqiaġvik, AK",51,-0.07688575501041996,53.23,-4.725459720391021,48.98
579,"Kotzebue, AK",39,0.3843077644357869,70.41,-4.318094486529025,50.34
580,"Petersburg, AK",89,0.24366526253219314,64.97,-9.89574187004283,12.07
581,"Metlakatla, AK",69,0.2857004509250845,66.67,-8.28942951434645,25.68
582,"Sitka, AK",119,1.1030886100929174,86.22,-8.114140541945645,27.21
583,"Skagway, AK",72,0.8651480394932783,81.97,-7.475974398443215,30.95
584,"Wrangell, AK",61,0.5779939869393218,75.51,-6.359388564827766,36.39
13,"Gallup, NM",132,-0.6258143849344884,27.89,-9.04591815992604,18.88
14,"Tucson, AZ",216,1.2173436110723816,87.59,-8.024956450394498,28.23
15,"Prescott--Prescott Valley, AZ",227,0.5633541754644013,74.66,-5.98257440869905,39.12
16,"Phoenix--Mesa--Scottsdale, AZ",316,2.144411756431545,96.26,-20.90499221798894,2.38
17,"Safford, AZ",130,-0.9677110653359848,15.99,-8.56263056711972,23.81
18,"Los Angeles--Long Beach--Anaheim, CA",355,2.7387006150965316,98.81,-37.91727350164503,0.34
19,"Yuma, AZ-CA",152,-0.3100632491768445,42.86,-5.571479686799053,42.52
20,"Helena-West Helena, AR",144,-1.072136113032062,13.1,-5.189176092368336,45.92
21,"Pine Bluff, AR",169,-1.0076769697462282,15.14,-2.2822588268250623,62.07
22,"Mountain Home, AR",172,-0.09930367243339923,52.38,-7.897164859541535,29.08
23,"Fayetteville--Springdale--Rogers, AR-MO",238,0.7846616802737908,80.78,-2.948018371418847,57.82
24,"Harrison, AR",174,-0.5110540206659335,34.01,-3.474497853569699,55.78
25,"El Dorado, AR",153,-0.7316264540468105,23.64,-5.924984306026166,39.63
26,"Hot Springs, AR",209,-0.44488902569278604,37.07,1.311874234470236,78.4
27,"Jonesboro, AR",205,-0.43684822800084955,37.41,1.5956081582437225,79.08
28,"Heber Springs, AR",157,-0.39233935782959917,38.78,-6.4280479867675195,35.88
29,"Magnolia, AR",113,-0.9991000878562254,15.48,-10.610256168641557,8.33
30,"Little Rock, AR",256,0.5762951958521823,75.34,1.1498476525690629,77.21
31,"Fort Smith, AR-OK",231,-0.09937633324667856,52.21,3.421440976141068,85.03
32,"Memphis, TN-MS-AR",270,1.453957347961953,91.84,-4.561575240659168,49.83
33,"Batesville, AR",160,-0.5632608949721988,30.78,-5.84211147273661,40.65
34,"Searcy, AR",172,-0.7578455502759804,22.79,-2.601816171947416,60.2
35,"Russellville, AR",173,-0.6108737958658146,28.57,-3.661206723217469,55.1
36,"Texarkana, TX-AR",207,-0.4614292880113993,36.22,3.04248491624702,83.84
37,"Blytheville, AR",124,-0.7622427563306389,22.62,-7.815784124649414,29.59
38,"De Queen, AR",150,-0.8353872084800783,20.24,-6.974784467552562,33.84
39,"San Francisco--Oakland, CA",294,3.283970185271193,99.66,-36.676103181886674,0.51
40,"Reno, NV-CA",297,1.1061358649816992,86.39,-2.0026549332428867,64.12
41,"Stockton, CA",243,0.12929045915942644,60.37,6.653088883916218,91.5
42,"Redding, CA",241,0.153505259634671,61.56,3.3014523325994234,84.86
43,"Sacramento, CA",240,1.3553465317263829,90.31,-5.537657450690952,43.2
44,"Crescent, CA",139,0.010007036024104568,55.95,-10.304249292080488,10.2
45,"Fresno, CA",212,0.30471231583817954,67.69,1.6055871535760198,79.25
46,"Eureka, CA",181,0.21658190846542852,63.44,-6.944605681383982,34.18
47,"Bakersfield, CA",179,-0.26014952629866156,44.9,0.04500348455946385,74.49
48,"Ukiah, CA",183,0.21704204592922674,63.95,-5.966897340092463,39.46
49,"Susanville, CA",138,-0.14671846692739995,50.51,-8.711675314849948,21.26
50,"Klamath Falls--Altamont, OR",178,-0.46182296523980804,36.05,-4.061757973504651,52.21
51,"San Jose, CA",169,3.0750683771783223,99.49,-2.913553047407599,57.99
52,"San Diego, CA",282,2.8598204739810984,99.15,-25.488925479860068,1.7
53,"Santa Barbara, CA",241,1.7294027210530762,94.39,-8.332439613770072,25
54,"Denver--Aurora, CO",329,2.7170802205913382,98.64,-35.42764117389265,0.68
55,"Alamosa, CO",160,-0.48980722190382786,34.86,-5.134800152969406,46.09
56,"Farmington, NM",233,-0.1609592894889987,49.15,5.416396229163724,89.29
57,"Lamar, CO",110,-1.2412967229031153,7.99,-8.633422101384268,22.62
58,"Salida, CO",168,0.6567162262919854,77.89,-8.045069420885547,28.06
59,"Burlington, CO",111,-1.1117993154749914,11.56,-7.93278680120498,28.91
60,"Colorado Springs, CO",223,1.0388939413420493,84.35,-7.7243690172317585,29.93
61,"Grand Junction, CO",290,0.3613580295572245,70.07,9.821952895998473,96.43
62,"Edwards--Avon, CO",191,1.3095380184635341,89.8,-8.229832805740942,26.19
63,"Laramie, WY",144,0.14494972631451875,61.05,-9.24361965916109,17.01
64,"Gunnison, CO",165,0.9802806358559516,83.5,-9.177898967465095,17.52
65,"Trinidad, CO",122,-0.5927970677168279,29.25,-9.152464452766585,17.86
66,"Fort Collins, CO",288,0.43865693066486805,71.77,11.298603471901783,96.94
67,"Sterling, CO",116,-1.7616679401498396,1.19,-7.3943520936591485,31.97
68,"Steamboat Springs, CO",205,0.49083483185120735,73.13,-3.651319760554281,55.27
69,"Sidney, NE",104,-1.4242251080486477,4.59,-10.307691744891331,10.03
70,"Hartford, CT",299,2.240918114812845,96.77,-16.63615174222161,3.57
71,"Dover, DE",255,0.5556451519758802,74.49,0.32617593377251936,75.51
72,"Philadelphia, PA",273,2.650284301691406,98.13,-16.686778494219528,3.4
73,"Washington, DC",156,3.554512464474996,100,-1.5970046338436708,67.35
74,"Gainesville, FL",165,0.8318704630545676,81.29,-8.474049691516528,24.83
75,"Jacksonville, FL",307,1.6544838612803727,93.71,-11.0620493061344,6.63
76,"Panama City--Panama City Beach, FL",226,0.6042266357072251,77.04,-6.478589487429854,35.71
77,"Port St. Lucie, FL",298,2.004233696399947,95.41,-17.56384627864678,3.06
78,"Miami, FL",355,2.6669116652338114,98.47,-40.4866534884291,0.17
79,"Bradenton--Sarasota--Venice, FL",280,1.4724131734487031,92.01,-9.072306449412482,18.71
80,"Orlando, FL",304,1.9958932844593336,95.24,-18.709993076555243,2.89
81,"Cape Coral, FL",263,1.2619159553325483,88.27,-8.117952260758049,27.04
82,"Lake, FL",189,-0.660925961236727,26.53,-1.1825057017389278,68.54
83,"Pensacola, FL-AL",233,1.2948900240682832,89.29,-10.55573987478541,8.5
84,"Daytona Beach--Palm Coast--Port Orange, FL",261,1.2679307034530471,88.44,-9.00433030352731,19.22
85,"Eastpoint, FL",117,0.8760882688018403,82.14,-9.599664744325835,14.63
86,"Tallahassee, FL",197,0.8084129344963678,81.12,-3.305242809652268,56.12
87,"Lakeland, FL",275,0.4431492312956208,71.94,6.5499519848622905,90.99
88,"Tampa--St. Petersburg, FL",335,2.1059696125895853,95.92,-22.601071011058032,2.04
89,"Douglas, GA",173,-0.5177602284964198,33.67,-1.4944254252152167,67.86
90,"Albany, GA",192,-0.281873041629984,44.22,-1.1525631533414165,68.88
91,"Milledgeville, GA",186,-0.3475551506080234,39.8,-1.930981913704279,65.14
92,"Gainesville, GA",356,1.3889660385098328,91.16,-3.2543050437748473,56.8
93,"Dalton, GA",219,0.2961210910036073,67.18,0.15703827365967765,75
94,"Tifton, GA",168,-0.5646633718593405,30.61,-2.6509515746979027,59.69
95,"Valdosta, GA",187,-0.32269833632848427,41.16,-2.7170436922217203,59.01
96,"Warner Robins, GA",172,0.17933381366034856,62.59,-6.633314223534326,35.03
97,"Brunswick--St. Simons, GA",200,0.26168566084510725,65.82,-4.724859142123836,49.15
98,"Savannah, GA",235,0.36451960902854263,70.24,1.454559729986978,78.74
99,"Augusta-Richmond County, GA",204,0.24423299879396376,65.14,-2.0881476712852542,63.27
100,"Atlanta, GA",317,2.805590939356615,98.98,-30.11603169320504,1.19
101,"Chattanooga, TN-GA",295,0.659003978449646,78.06,4.5437468827034895,87.59
102,"Woodstock, GA",271,0.942273367882717,82.65,-3.149255691780062,57.31
103,"Athens-Clarke County, GA",186,0.5549924616005621,74.32,-6.369884826418316,36.22
104,"Dublin, GA",175,-0.67174346913452,26.19,-2.8955039790260666,58.33
105,"Americus, GA",154,-0.5685296865401513,30.27,-5.0022621753021905,47.45
106,"Waynesville, NC",160,0.28144748831914695,66.33,-10.668717259821463,7.99
107,"Andrews, NC",173,-0.020181614970890754,55.44,-7.1106409596210325,33.16
586,"Hilo, HI",202,1.2682611644140385,88.61,-8.992276607922738,19.56
587,"Honolulu, HI",208,2.1611826418532076,96.43,-9.437336618579739,15.48
588,"Kapaa, HI",160,1.6024108607423115,92.86,-8.632111445777618,22.79
585,"Kahului--Wailuku, HI",203,1.759123369430963,94.56,-11.695015534109654,5.1
108,"Boise, ID",321,1.0594694757161642,84.86,2.9751332608884224,83.5
109,"McCall, ID",152,0.5735476323623212,74.83,-8.760670557378214,20.92
110,"Pocatello, ID",185,-0.13887829470241267,50.68,-2.4004881585181295,61.39
111,"Evanston, WY",188,-0.5440814177808654,32.65,0.4266160040873185,75.68
112,"Coeur d'Alene, ID",280,0.7501308136108971,79.93,-0.28910087893621833,73.47
113,"Twin Falls, ID",230,0.03893891882866702,57.48,2.0881758743231518,81.12
114,"Spokane, WA",287,0.45138060904796184,72.62,7.087783172190719,93.03
115,"Idaho Falls, ID",268,0.64861539936656,77.38,1.5276977046253042,78.91
116,"Burley, ID",144,-1.0867959046408309,12.59,-5.445498721703311,43.54
117,"Lewiston, ID-WA",183,-0.3107842215367593,42.69,-3.6842420135636376,54.76
118,"Salmon, ID",148,-0.056063357714665994,53.91,-8.008555184642917,28.4
119,"Logan, UT",215,0.2883068647417862,67.01,-0.6596156865748474,72.11
120,"Jackson, WY",186,1.273064499322145,88.95,-7.2835743359097,32.31
121,"Quincy, IL",204,-0.3389932087313207,40.31,2.090722410241677,81.29
122,"Marion--Herrin, IL",180,-0.5616970310311798,30.95,-2.4874239898414605,60.88
123,"Granite City, IL",224,-0.1742589664904873,47.96,4.822939168398876,88.44
124,"Rockford, IL",261,0.26540143706670105,65.99,7.643635984420248,93.88
125,"Peoria, IL",247,0.2166277811861094,63.61,6.527274618789858,90.82
126,"Springfield, IL",152,0.06273131357110674,58.16,-5.0423709876861755,47.11
127,"Champaign, IL",169,0.5743434108106493,75.17,-3.1955155183693007,56.97
128,"Decatur, IL",208,-0.31496391716553745,42.01,2.757537741005251,83.16
129,"Terre Haute, IN",220,-0.48201877452232356,35.2,6.697841057083539,91.67
130,"Olney, IL",149,-1.134678747038847,11.05,-4.6618830697750795,49.49
131,"Centralia, IL",175,-0.8244833134201859,20.75,-0.8283227539340534,71.09
132,"Chicago, IL",392,2.414084498064434,97.62,-31.541676984818725,1.02
133,"Vincennes, IN",147,-1.2189684556659859,9.01,-5.724230322711565,41.33
134,"Harrisburg, IL",128,-0.5916096543825546,29.59,-6.769399427822931,34.69
135,"Burlington, IA-IL",200,-0.629711698891841,27.55,3.592115062414325,85.71
136,"Davenport, IA-IL",241,-0.04028104374829902,54.76,6.876832531384755,92.35
137,"Kankakee, IL",180,-0.2424595860317731,45.58,-1.986969202438064,64.63
138,"Dubuque, IA-IL",263,0.0703942323050247,58.33,12.499573013570679,97.79
139,"Paducah, KY-IL",242,-0.17164847854805884,48.13,8.070398722620599,94.22
140,"St. Louis, MO",298,1.4981974405700127,92.18,-4.432295567619193,50
141,"Lafayette, IN",217,-0.11831660979789989,51.53,3.2397801476910826,84.52
142,"Evansville, IN",267,-0.14803977494385864,50.34,13.194481329078263,98.13
143,"Fort Wayne, IN",336,0.4098842159438704,71.09,19.81045702018467,99.66
144,"Columbus, IN",165,-0.05363433579450701,54.08,-7.2714931202337825,32.48
145,"Muncie, IN",217,-0.16240632249896242,48.81,1.9414266777066582,80.61
146,"Indianapolis, IN",306,1.3602131793329204,90.48,-3.109910626851917,57.48
147,"Logansport, IN",156,-0.7796967498837495,21.43,-6.033508525866275,38.61
148,"Louisville/Jefferson County, KY-IN",308,1.261569586702415,88.1,-0.08042758605043074,73.81
149,"Greendale--Lawrenceburg--Hidden Valley, IN-OH",187,-0.4018901479122217,38.44,-3.867707206741481,53.57
150,"Greensburg, IN",171,-0.723928807799822,24.32,-2.5943837039450472,60.37
151,"South Bend, IN-MI",298,0.32061426628407497,68.2,14.132697526454168,98.81
152,"Richmond, IN-OH",182,-0.34081223792349585,39.97,-4.65977943487279,49.66
153,"Bloomington, IN",173,0.24795946294356275,65.48,-7.581153702068172,30.78
154,"Hammond, IN",293,0.23813596815788388,64.8,12.785433940325817,97.96
155,"Des Moines, IA",264,1.1907014369081748,87.41,-0.9624370146581401,70.24
156,"Creston, IA",137,-1.2723633080491012,7.48,-5.600616847136013,42.35
157,"Platteville, WI",168,-1.0819493952066153,12.93,-0.7669248338191654,71.77
158,"Ottumwa, IA",198,-0.6882625676911065,25.85,4.555594534809357,87.76
159,"Denison, IA",147,-0.9554777784217989,16.16,-3.3002428262014254,56.29
160,"Cedar Rapids, IA",221,0.34852786880560743,69.39,1.7660872489037305,79.59
161,"Waterloo, IA",208,-0.5491954312974188,32.48,4.34429929380345,87.24
162,"Ames, IA",157,-0.3251320558389216,40.82,-3.7544423162322786,54.25
163,"Storm Lake, IA",131,-1.4215963240455916,4.76,-6.312606398136916,36.73
164,"Fort Dodge, IA",167,-0.8583007176004306,19.39,-1.0687947879531405,69.73
165,"Mason, IA",192,-0.7217296758718846,24.66,3.527664530204711,85.2
166,"Decorah, IA",137,-0.7519368371706224,23.13,-6.960782880646249,34.01
167,"Osceola, IA",121,-1.229844743654905,8.5,-8.605600589951711,23.3
168,"Spirit Lake, IA",177,-0.7277101132200192,23.81,-0.013121012533637927,74.32
169,"Iowa Falls, IA",115,-1.2941579726671761,7.14,-7.96240665206526,28.57
170,"Omaha, NE-IA",271,1.082989280973571,85.37,0.18300305350587437,75.17
171,"Sioux Center, IA",149,-0.810847107126516,21.09,-2.363209517950163,61.73
172,"Sioux, IA-NE-SD",197,-0.5286490168639563,33.16,2.6851466134692106,82.82
173,"Parsons, KS",138,-1.0628890982249641,13.61,-5.729835964123576,41.16
174,"Kansas, MO-KS",320,1.5004227411061797,92.35,-5.069065909991157,46.94
175,"St. Joseph, MO-KS",193,-0.4171525990627255,37.93,0.5326382130061679,76.02
176,"Pratt, KS",90,-1.8616231596766015,0.68,-10.156010179140216,11.39
177,"Great Bend, KS",137,-0.9268459273154899,17.18,-5.889463928806178,40.48
178,"Joplin, MO",239,-0.21973038559094746,47.11,7.947693313758016,94.05
179,"Falls, NE",117,-1.4933124726176892,3.91,-8.314021300840134,25.51
180,"Wichita, KS",256,0.3329585888835661,68.37,6.802002486418819,92.01
181,"Emporia, KS",126,-1.1569822362237012,9.86,-9.073845874949113,18.54
182,"Bartlesville, OK",164,-0.8706439147535958,18.71,-2.2401925683281636,62.59
183,"Atwood, KS",77,-1.5475822860713995,2.89,-9.60547745615613,14.46
184,"Dodge, KS",121,-0.9263580780081276,17.35,-7.429893146702262,31.29
185,"Manhattan, KS",142,-0.36979955619836025,39.29,-6.526221039255165,35.37
186,"Concordia, KS",130,-1.144336819469233,10.54,-6.489706869053761,35.54
187,"Norton, KS",98,-1.489583696309849,4.08,-9.045320892989741,19.05
188,"Topeka, KS",192,0.7085005972764379,79.25,-3.9901724869614643,52.89
189,"Hays, KS",161,-0.9540201359607611,16.5,-2.2689991159767047,62.24
190,"Salina, KS",158,-0.43132967979776804,37.59,-5.663029042026609,41.84
191,"Garden, KS",132,-1.416462161211536,4.93,-5.733276712582536,40.99
192,"Colby, KS",104,-1.5570036658329864,2.55,-9.36367207760918,16.33
193,"Hutchinson, KS",201,-0.4990270327020157,34.18,3.8326781947830453,86.22
194,"Liberal, KS",101,-1.6225030295120058,2.04,-9.415396492339914,15.65
195,"Beloit, KS",94,-1.7832692295528687,0.85,-10.835225497102194,7.48
196,"Scott City, KS",97,-1.678852356729294,1.36,-8.535421817442284,24.15
197,"Hugoton, KS",69,-2.122792885516757,0.17,-11.290009354222034,5.95
198,"Goodland, KS",108,-1.1493310063596387,10.2,-10.26331390493291,10.37
199,"Bardstown, KY",182,-0.6510623763427484,26.87,-1.5203021670673447,67.69
200,"Bowling Green, KY",254,-0.0791510392088281,53.06,8.387482791644228,94.9
201,"Lexington-Fayette, KY",236,1.0768705509612917,85.2,-3.82327662575289,53.74
202,"Glasgow, KY",181,-0.48026041337845754,35.37,-2.0027810527339236,63.95
203,"Mount Sterling, KY",163,-0.5920078047510169,29.42,-5.897797691154523,40.31
204,"Middlesborough, KY-TN",135,-0.5225723919326479,33.33,-8.051808121793513,27.72
205,"Cincinnati, OH-KY",334,1.4149923967679443,91.33,-1.7107443618323028,66.5
206,"Huntington, WV-KY-OH",223,-0.11391264738836672,51.87,2.461512981343104,82.31
207,"Danville, KY",182,-0.3112444146554867,42.35,-3.257853939031895,56.63
208,"Maysville, KY-OH",159,-0.5608735934408067,31.29,-5.356203889820588,44.22
209,"Hazard, KY",121,-0.5944252460308729,29.08,-9.487705935744325,14.97
210,"Elizabethtown--Radcliff, KY",171,-0.30601553117107494,43.37,-5.923161102282395,39.8
211,"Henderson, KY",200,-0.7571807949780447,22.96,4.363878216474167,87.41
212,"Clarksville, TN-KY",172,0.17428188575098527,62.41,-5.3502635980778015,44.39
213,"Richmond, KY",194,-0.2197508829773102,46.94,-2.051861529413,63.61
214,"Somerset, KY",196,-0.32276528862732495,40.99,-0.9383957855768774,70.58
215,"Owensboro, KY",189,-0.3108131121867601,42.52,-2.3054123813088725,61.9
216,"Pikeville, KY",151,-0.5605100535801077,31.46,-6.120956144264123,37.93
217,"Harlan, KY",86,-0.6240902038197172,28.06,-9.69818630948202,13.44
218,"Lafayette, LA",271,0.10071029057636734,59.18,11.565010070077237,97.11
219,"Lake Charles, LA",239,-0.15006351959222025,50.17,8.188488963971755,94.73
220,"New Orleans, LA",311,1.268447981962635,88.78,0.5551702851983191,76.36
221,"Houma, LA",183,-0.16431960696446934,48.3,-2.1528943481814657,62.93
222,"Alexandria, LA",188,-0.46698222150373425,35.88,-0.8206329454889115,71.43
223,"Monroe, LA",225,-0.15549076921459548,49.49,4.153144944773306,86.9
224,"Shreveport, LA",240,-0.12879072240007663,51.02,7.149040102482522,93.2
225,"Natchez, MS-LA",174,-0.7276732167619954,23.98,-1.5384766204402067,67.52
226,"Baton Rouge, LA",238,0.422475804502242,71.43,1.8016988409640773,79.93
227,"Tallulah, LA",134,-1.1276238885674457,11.22,-6.1277024375943014,37.59
228,"Portland, ME",283,1.0869969522455476,85.54,-4.175253513418585,51.7
229,"Presque Isle, ME",146,-0.6468080479255394,27.04,-8.539831854060164,23.98
230,"Bangor, ME",230,0.41654381651655925,71.26,-1.9991242824531088,64.46
231,"Cumberland, MD-WV-PA",196,-0.23523203988355063,46.09,-1.7158881837138287,66.33
232,"Baltimore, MD",238,2.317226297894646,96.94,-10.82266014809751,7.65
233,"Germantown, MD",232,2.3641544828587335,97.45,-11.81508845661933,4.76
234,"Boston, MA-NH",288,2.9838119569520494,99.32,-27.872506459586756,1.36
235,"Pittsfield, MA",210,1.1749153155309573,87.07,-7.235658897847152,32.82
236,"Providence, RI-MA",299,1.5006074894300714,92.52,-6.008182310065024,38.78
237,"Vineyard Haven--Edgartown--Oak Bluffs, MA",163,1.3799047765565615,90.82,-9.69479056888165,13.61
238,"Springfield, MA-CT",250,1.133641104505251,86.73,-2.70535367403433,59.18
239,"Nantucket, MA",146,1.7104129852396832,94.05,-9.182189635003368,17.35
240,"Alpena, MI",186,-0.05674399310568854,53.74,-4.900369616564058,47.62
241,"Marquette, MI",207,0.018428046383542524,56.46,-2.37158264426438,61.56
242,"Grand Rapids, MI",340,0.8890554483084039,82.31,9.939025648984279,96.6
243,"Traverse City--Garfield, MI",271,0.5908114539453152,76.19,1.8509586831708937,80.1
244,"Saginaw, MI",260,0.0889887450205831,58.84,7.031952515120107,92.69
245,"Houghton--Hancock, MI",141,0.11624423674449798,59.69,-9.649524445073745,13.78
246,"Kalamazoo, MI",245,0.5128284659613802,73.64,1.228667812581883,77.72
247,"Petoskey, MI",210,0.7834957583885996,80.61,-5.41793038063158,43.71
248,"Sault Ste. Marie, MI",139,0.07073545985257143,58.5,-9.626527872888987,14.12
249,"Lansing, MI",216,0.7912801214429925,80.95,-3.280426646701702,56.46
250,"Houghton Lake, MI",183,-0.39334646070247,38.61,-4.338293791063315,50.17
251,"Marinette--Menominee, WI-MI",196,-0.4477104979677017,36.73,-0.9488616575040538,70.41
252,"Detroit, MI",305,1.3062458701264783,89.63,-1.462527670725881,68.37
253,"Ironwood, MI-WI",141,-0.3218354493931752,41.5,-9.808846142123622,12.59
254,"Jackson, MI",224,-0.03058021912481694,55.27,3.6070759610078573,85.88
255,"Cadillac, MI",186,-0.4600327904674892,36.39,-1.6299132209265332,67.01
256,"Ludington, MI",161,-0.0484147417724406,54.59,-8.580884309413108,23.47
257,"Brainerd, MN",220,-0.24027791208880694,45.92,2.1385340912496145,81.63
258,"Minneapolis, MN",321,2.0319209344031517,95.75,-15.296575677050766,3.74
259,"Fargo, ND-MN",249,0.3181967063420953,68.03,5.331201337892357,89.12
260,"St. Cloud, MN",267,-0.03649338926074579,55.1,12.130525290268213,97.45
261,"Milbank, SD",149,-1.192362100412988,9.35,-4.75273846359747,48.47
262,"Mankato, MN",241,0.05343051634714268,57.99,7.222661635729693,93.71
263,"Duluth, MN-WI",219,0.15398942982846187,61.73,-1.7371088739671852,66.16
264,"Willmar, MN",185,-1.002761240464291,15.31,2.959548833425241,83.33
265,"Grand Marais, MN",107,0.7281915466983,79.59,-9.2526499549235,16.84
266,"Worthington, MN",134,-1.302273294785707,6.8,-6.246710910294097,37.24
267,"Rochester, MN",176,0.12283179002141918,60.2,-6.071473831642903,38.27
268,"Alexandria, MN",215,-0.6072360033277462,28.91,7.196682885591617,93.54
269,"La Crosse, WI-MN",204,-0.0909785116358458,52.55,-0.8227395798857656,71.26
270,"Grafton, ND",112,-1.3828549486331403,5.1,-8.748356170148096,21.09
271,"International Falls, MN",98,-0.24105583155306154,45.75,-11.833886295026307,4.59
272,"Roseau, MN",103,-0.6534815349635974,26.7,-11.013431598398304,6.8
273,"Otsego, MN",242,0.018906398187807382,56.63,6.9790956456821265,92.52
274,"Grand Forks, ND-MN",177,-0.3384601302356481,40.48,-1.4681671938404688,68.2
275,"Sioux Falls, SD",238,0.33998103111377664,68.71,3.9189770250062224,86.39
276,"Eau Claire, WI",256,0.17125662150744167,62.07,7.178498800385373,93.37
277,"Tupelo, MS",230,-0.21297017986262498,47.28,5.252652241942425,88.95
278,"McComb, MS",174,-1.0280614388787868,14.46,-1.9590465381092736,64.8
279,"Jackson, MS",235,0.3413206781173173,68.88,1.7289780403948904,79.42
280,"Greenville, MS",155,-0.7795517849505946,21.6,-4.0661384673439604,52.04
281,"Greenwood, MS",151,-0.829688239556717,20.41,-5.988573468922521,38.95
282,"Starkville, MS",186,-0.40478638557704444,38.27,-1.778089376225183,65.48
283,"Oxford, MS",171,-0.25470627518019123,45.07,-4.779370633276043,48.3
284,"Hattiesburg, MS",182,-0.9361080848360461,16.84,-0.7649263977023875,71.94
285,"Gulfport--Biloxi, MS",179,0.15513004576302375,61.9,-7.764004487474091,29.76
286,"Kirksville, MO",141,-1.1183493478708864,11.39,-6.069147098300572,38.44
287,"Nebraska, NE",112,-1.5613660001876981,2.38,-9.464798192222721,15.14
288,"Columbia, MO",208,0.07911027855170426,58.67,0.13395504040232895,74.83
289,"Springfield, MO",281,0.3416794080152329,69.05,8.132612532744249,94.39
290,"Sedalia, MO",183,-0.8065002742783367,21.26,1.3279967857098087,78.57
291,"Cape Girardeau, MO-IL",226,-0.5564547094123282,31.97,9.45240407969545,95.92
292,"Poplar Bluff, MO",163,-0.7140787925923945,25,-6.124630064389775,37.76
293,"Village of Four Seasons, MO",202,0.11584529395495996,59.52,-4.108458061999689,51.87
294,"Chillicothe, MO",160,-0.9888530156407208,15.82,-2.413046169379351,61.22
295,"Nevada, MO",146,-0.9252899543757456,17.52,-6.296200930378096,36.9
296,"Trenton, MO",144,-1.1421871427167922,10.88,-5.4174059969102,43.88
297,"Fort Leonard Wood--St. Robert--Waynesville, MO",166,-0.49250654109290076,34.69,-6.425921331024154,36.05
298,"West Plains, MO",180,-0.8791265022429786,18.37,-0.49832890509814043,72.79
299,"Maryville, MO",126,-0.9526503377417563,16.67,-8.642005315750792,22.45
300,"Farmington, MO",189,-0.5648780693040073,30.44,-1.468466201656265,68.03
301,"Moberly, MO",153,-1.0356665312983322,14.29,-3.349630381314436,55.95
302,"Dillon, MT",119,-0.30959698010772246,43.03,-9.387657232032279,15.99
303,"Sheridan, WY",211,0.05267199650648139,57.82,3.5548981407504265,85.37
304,"Great Falls, MT",189,-0.46780860761023296,35.71,-0.8130863839747602,71.6
305,"Bozeman, MT",281,1.09003345507821,85.71,-3.6265167519349113,55.44
306,"Billings, MT",269,0.006495604358151276,55.78,11.737383992592191,97.28
307,"Baker, MT",106,-0.9034974238811494,18.2,-10.060697620491256,11.56
308,"Miles, MT",139,-1.0102997851324198,14.97,-6.210261369428515,37.41
309,"Plentywood, MT",102,-0.7643971821348828,22.28,-9.102999913070779,18.37
310,"Missoula, MT",282,0.40577658362169056,70.92,8.180057005264135,94.56
311,"Lewistown, MT",142,-0.8750863057197312,18.54,-7.4276065206630495,31.63
312,"Kalispell, MT",269,0.6751973733892839,78.57,0.8728475839341981,76.87
313,"Jordan, MT",57,-0.25395489697302626,45.24,-8.659255233136719,22.11
314,"Shelby, MT",107,-1.3638346373795143,5.44,-8.318233119350651,25.34
315,"Chester, MT",61,-0.7233617347920334,24.49,-8.689689961329272,21.6
316,"Glasgow, MT",107,-1.5415309025519712,3.23,-10.177956453001626,11.05
317,"Livingston, MT",185,0.3473009768723526,69.22,-5.236875189529743,45.41
318,"Winnett, MT",45,0.1484035702044684,61.22,-5.901688051026599,40.14
319,"Malta, MT",100,-1.3448561158633334,5.95,-10.372892143912802,9.52
320,"Colstrip, MT",88,-0.7241278870808089,24.15,-8.705596694809309,21.43
321,"Williston, ND",126,-1.3636561845878123,5.61,-6.278457085202371,37.07
322,"Thompson Falls, MT",145,-0.3398582207221846,40.14,-8.689562656853573,21.77
323,"Dickinson, ND",160,-0.92811797383566,17.01,-1.6955766300968935,66.67
324,"Hastings, NE",153,-1.2647828110635495,7.82,-3.7501904352233932,54.42
325,"Norfolk, NE",157,-0.7652864397325233,22.11,-4.287996781164303,50.85
326,"North Platte, NE",156,-0.7736187801801654,21.77,-4.283510363356259,51.02
327,"Cheyenne, WY",201,-0.4932000546477343,34.52,3.049026514931179,84.01
328,"Broken Bow, NE",100,-1.3367818023953542,6.46,-10.707621147084394,7.82
329,"Columbus, NE",138,-1.1075206441353445,11.73,-5.6905458755603595,41.67
330,"Alliance, NE",98,-1.5443607230467236,3.06,-10.32702149239727,9.86
331,"O'Neill, NE",108,-1.5516876414695782,2.72,-9.157857592322777,17.69
332,"Kearney, NE",159,-0.842193041751984,19.9,-2.8241046750246004,58.67
333,"Yankton, SD",148,-1.0987476717569504,11.9,-4.2099136533212995,51.19
334,"McCook, NE",110,-1.6685402406998553,1.7,-8.812234004422589,20.41
335,"Valentine, NE",78,-1.3432757728499103,6.29,-11.797762446214112,4.93
336,"Grand Island, NE",174,-0.8194103940496633,20.92,-0.5632726795669393,72.62
337,"Lincoln, NE",234,0.5830408411360702,75.68,1.3034550549701756,78.06
338,"Ord, NE",96,-1.3577209684689904,5.78,-9.84924973065486,12.24
339,"Hyannis, NE",47,-0.9938755406200868,15.65,-9.619350945090211,14.29
340,"Las Vegas--Henderson--Paradise, NV",234,2.1359497546281996,96.09,-11.20852845557446,6.12
341,"Elko, NV",136,-1.0843030167575982,12.76,-8.866913195085122,19.9
342,"St. George, UT",271,0.8494926519122888,81.63,-1.6066305401178553,67.18
343,"Nashua, NH-MA",335,1.7135259517919808,94.22,-14.30376684175736,3.91
344,"Keene, NH",228,0.6680338727087906,78.23,-4.00667733401945,52.55
345,"Lebanon, NH-VT",250,0.772365034336753,80.27,-0.8482351849771255,70.92
346,"Trenton, NJ",259,1.788317074936813,94.73,-7.096726313418829,33.33
347,"Newark, NJ",356,2.5790512702497335,97.96,-32.81509517485587,0.85
348,"Toms River, NJ",264,1.6608638184002127,93.88,-10.934490799638128,6.97
349,"Albuquerque, NM",225,1.2589578317674164,87.93,-7.398931084274003,31.8
350,"Roswell, NM",159,-1.068975735937952,13.44,-1.9574753711625217,64.97
351,"Las Vegas, NM",124,-0.7095981609530413,25.17,-9.699560093848069,13.27
352,"Clovis, NM",115,-1.5167167897093916,3.4,-8.143272483748406,26.87
353,"El Paso, TX-NM",211,0.4462346171799005,72.45,-1.1279107820109189,69.22
354,"Hobbs, NM",116,-1.1491113899435415,10.37,-9.10888650350205,18.2
355,"Alamogordo, NM",141,-0.08516756105888451,52.72,-9.403188066506981,15.82
356,"Taos, NM",169,0.6902227881568203,78.74,-7.944022110492021,28.74
357,"Dumas, TX",92,-2.024246372579754,0.34,-9.715727836798356,13.1
358,"Albany--Schenectady, NY",258,1.0089025264028102,84.01,-2.2537037303279406,62.41
359,"Buffalo, NY",302,1.0975445114679732,86.05,2.278029702654942,81.8
360,"New York, NY",233,3.4591719545223714,99.83,-19.585083881049464,2.55
361,"Binghamton, NY",220,0.7318707859859455,79.76,-3.8008743316831377,54.08
362,"Syracuse, NY",278,1.122351097022638,86.56,-0.9273883191526944,70.75
363,"Erie, PA",312,0.11938057921070253,59.86,20.209050575971464,99.83
364,"Elmira, NY",204,0.5105713404836981,73.47,-4.185850575042585,51.53
365,"Plattsburgh, NY",183,-0.039515795374679065,54.93,-4.854114430948416,47.79
366,"Yonkers, NY",282,2.012655860397564,95.58,-14.068863702062085,4.08
367,"Watertown, NY",144,-0.3125111656420691,42.18,-8.649820453574245,22.28
368,"Rochester, NY",252,1.3874495699794622,90.99,-4.201957032830654,51.36
369,"Burlington, NC",230,0.4385105569210429,71.6,-1.891115696645726,65.31
370,"Hickory, NC",237,0.5833443531748354,75.85,-0.6552065624290697,72.28
371,"Marion, VA",182,-0.2731435542148706,44.56,-4.003031768810847,52.72
372,"Charlotte, NC-SC",356,1.643219988113771,93.2,-8.619517054195326,22.96
373,"Boone, NC",179,0.26952720580273415,66.16,-7.884672392805801,29.25
374,"Washington, NC",192,-0.3719814456400737,39.12,-0.9837764485150088,70.07
375,"Roanoke Rapids, NC",171,-0.576649514783908,30.1,-3.530907963989626,55.61
376,"Fayetteville, NC",207,0.14169851502024178,60.71,0.42819163695273965,75.85
377,"Wilmington, NC",269,0.9981691470728177,83.67,-4.729730476496798,48.81
378,"Asheville, NC",298,1.164663764988097,86.9,-5.189411149570083,45.75
379,"Virginia Beach, VA",222,1.299250303795482,89.46,-7.268489783824881,32.65
380,"Jacksonville, NC",135,0.5963723797860991,76.87,-9.636603921414938,13.95
381,"Raleigh, NC",248,2.3350003873715117,97.11,-13.835840895452733,4.25
382,"Winston-Salem, NC",321,0.9696043030245213,83.33,4.871566001682727,88.78
383,"Greenville, NC",196,-0.11914618942764806,51.36,-1.1323113405824539,69.05
384,"Rocky Mount, NC",213,0.013547570015126754,56.12,1.3104101863630664,78.23
385,"Spartanburg, SC",274,0.5500561262085567,74.15,4.258916666036522,87.07
386,"Bowman, ND",108,-1.5863922466273812,2.21,-8.318930504915448,25.17
387,"Valley, ND",108,-0.869172796251448,19.05,-9.334444951735788,16.67
388,"Devils Lake, ND",104,-1.2355705127560068,8.33,-10.52177146221056,8.84
389,"Minot, ND",165,-0.7215715863119909,24.83,-2.609046155914568,60.03
390,"Bismarck, ND",214,-0.35077972612719954,39.63,6.14452331468626,90.14
391,"Lisbon, ND",93,-1.5087214889479028,3.74,-10.367877898920586,9.69
392,"Carrington, ND",91,-1.7792991228549475,1.02,-11.391303353506661,5.78
393,"Jamestown, ND",124,-1.3767581885721007,5.27,-7.601876245786289,30.61
394,"Rugby, ND",81,-1.1571935257305508,9.69,-11.46941137774126,5.61
395,"Mobridge, SD",100,-1.0892497416629845,12.24,-9.772386182887074,12.76
396,"Lima, OH",244,-0.2759123064393983,44.39,9.169333135336677,95.75
397,"Mansfield, OH",246,0.01695159696660742,56.29,6.226866154043223,90.31
398,"Cleveland, OH",351,1.3546230051528931,90.14,0.5451846840012771,76.19
399,"Athens, OH",149,-0.3218664034070865,41.33,-7.612403271085435,30.44
400,"Steubenville--Weirton, OH-WV-PA",230,-0.19996025595483713,47.45,5.885095660223406,89.8
401,"Canton, OH",360,0.09678615279181868,59.01,35.59421152478736,100
402,"Dayton, OH",282,0.5909821051088185,76.36,6.740408192820171,91.84
403,"Washington Court House, OH",171,-0.12578741622898262,51.19,-3.820690469941294,53.91
404,"Youngstown, OH",304,0.21693433067114265,63.78,14.089730378755611,98.47
405,"Toledo, OH-MI",282,0.35835702324885066,69.9,9.00809381114176,95.58
406,"Columbus, OH",257,1.651458754628924,93.54,-5.399989385301267,44.05
407,"Sandusky--Port Clinton, OH",230,0.13129375563404985,60.54,1.2941843324343352,77.89
408,"Parkersburg, WV-OH",237,-0.515955450167785,33.84,9.741296925921064,96.26
409,"Findlay, OH",218,-0.18591147919682904,47.62,3.7848571521539327,86.05
410,"Portsmouth, OH-KY",165,-0.4465622471335888,36.9,-8.04538079374739,27.89
411,"Muskogee, OK",152,-0.7720805163399516,21.94,-6.815831693574919,34.52
412,"Enid, OK",176,-0.689029929743804,25.68,1.0873409526559925,77.04
413,"Ardmore, OK",185,-0.9038547524833936,18.03,1.7969491287946517,79.76
414,"Weatherford, OK",146,-1.2278974128130349,8.67,-3.6650549107229486,54.93
415,"Oklahoma, OK",265,0.445513116092288,72.28,8.623642129446685,95.07
416,"Wichita Falls, TX",178,-0.5616507794156885,31.12,-1.681893598570699,66.84
417,"Miami, OK",185,-0.5521729004897817,32.31,-1.1618179004340106,68.71
418,"Tulsa, OK",301,0.9156486650338735,82.48,4.866525976469406,88.61
419,"Woodward, OK",135,-1.6243185369933986,1.87,-4.022298638461646,52.38
420,"Altus, OK",102,-1.343759728761995,6.12,-10.840551838215159,7.31
421,"McAlester, OK",162,-1.048691553358049,13.95,-1.7589238735792003,65.82
422,"Stillwater, OK",171,-0.5597760546787756,31.8,-2.5584130720315517,60.54
423,"Dallas, TX",361,2.1847933684988603,96.6,-21.97690042673344,2.21
424,"Guymon, OK",103,-1.8675954360865408,0.51,-8.081654477268675,27.38
425,"La Grande, OR",163,-0.518401213541671,33.5,-5.646766397148906,42.18
426,"Eugene, OR",282,0.705748799327132,78.91,2.687492112615639,82.99
427,"Portland, OR-WA",348,1.643734438286257,93.37,-9.75095913497119,12.93
428,"Aberdeen, WA",179,0.19005866473149383,62.93,-8.260711044915395,26.02
429,"Roseburg, OR",197,-0.18457875630554832,47.79,-2.7003715048695898,59.35
430,"Bend, OR",281,1.0907265739419465,85.88,-5.264456855038601,45.24
431,"Condon, OR",95,-0.2910147206968282,44.05,-8.856371013273195,20.07
432,"John Day, OR",95,-0.40816063452929874,38.1,-11.155179375879898,6.29
433,"Burns, OR",95,-0.7343097234046037,23.47,-11.11160443090556,6.46
434,"The Dalles, OR",181,0.0358557515964587,57.14,-4.303759230199361,50.68
435,"Medford, OR",261,0.44496544332217175,72.11,1.1856139882130392,77.55
436,"Lakeview, OR",85,-1.4539292361437153,4.25,-11.952300376228527,4.42
437,"Newport, OR",147,0.3923286643167772,70.58,-10.84632099581017,7.14
438,"Kennewick--Richland--Pasco, WA",184,-0.13387118658693534,50.85,-2.913164386926069,58.16
439,"Enterprise, OR",142,0.30916626367827427,67.86,-8.149453600193048,26.7
440,"Harrisburg, PA",343,0.7080261505789742,79.08,14.329908937454077,98.98
441,"Pittsburgh, PA",312,1.0694317440319774,85.03,1.860466166957087,80.27
442,"Altoona, PA",279,-0.16257810886507237,48.64,16.823715619884716,99.49
443,"Allentown--Bethlehem, PA-NJ",290,0.9691981035625743,83.16,2.645766849845562,82.48
444,"Williamsport, PA",271,-0.11607306903192816,51.7,15.046063414272124,99.15
445,"Bradford, PA-NY",195,-0.543348084997942,32.82,0.20050202190537256,75.34
446,"State College, PA",187,-0.06287972300769522,53.57,-4.821332792732985,47.96
447,"Scranton, PA",268,0.48996008368172383,72.96,4.040099306614545,86.56
448,"Greenville, SC",303,0.9460167933083368,82.82,3.072265921149906,84.18
449,"Hilton Head Island, SC",230,0.8571637296015913,81.8,-4.8106438808213285,48.13
450,"Columbia, SC",292,0.8439442146839093,81.46,4.748275524407336,88.27
451,"Charleston, SC",302,1.419939841165692,91.5,-7.826638052319045,29.42
452,"Myrtle Beach--North Myrtle Beach, SC-NC",288,0.6397360929470775,77.21,4.67641013065796,88.1
453,"Mitchell, SD",161,-0.8251052184679496,20.58,-2.865795329033679,58.5
454,"Brookings, SD",177,-0.6185658969747293,28.4,-0.0355237167181365,74.15
455,"Aberdeen, SD",163,-0.8488989074424175,19.56,-2.0557193373340708,63.44
456,"Chamberlain, SD",82,-1.6711141380285595,1.53,-11.578821146566156,5.27
457,"Rapid, SD",263,0.232282017117019,64.63,6.2485693165876,90.48
458,"Parkston, SD",105,-1.2672329425685862,7.65,-10.056406054913412,11.73
459,"North Eagle Butte, SD",64,-1.3231491020809436,6.63,-11.575122163667901,5.44
460,"Winner, SD",106,-1.0436220579712499,14.12,-10.24491129498701,10.54
461,"Philip, SD",76,-1.051112324900456,13.78,-10.6349726537106,8.16
462,"Buffalo, SD",49,-1.4495497479048405,4.42,-10.49627077881302,9.01
463,"Pierre, SD",131,-0.3618921922481496,39.46,-7.159114947897438,32.99
464,"Knoxville, TN",280,1.002384265723677,83.84,-2.507924289456632,60.71
465,"Murfreesboro, TN",266,0.6527496040750098,77.55,2.131563541560552,81.46
466,"Paris, TN",185,-0.4493263780032479,36.56,-1.0892219879440463,69.56
467,"Johnson, TN",245,0.2494869134310823,65.65,1.9220628108506224,80.44
468,"Nashville-Davidson, TN",310,2.423856313297737,97.79,-23.972241716155626,1.87
469,"Jackson, TN",246,-0.10657286590024044,52.04,7.046773044653176,92.86
470,"Cookeville, TN",228,-0.05224187193295779,54.25,2.3052070088333156,82.14
471,"Morristown, TN",218,0.5868341099650458,76.02,-3.731097687160109,54.59
472,"Crossville, TN",160,-0.052002429289617756,54.42,-6.324962047884824,36.56
473,"Dyersburg, TN",123,-0.8441869287817054,19.73,-8.476237846196943,24.66
474,"Columbia, TN",238,0.17158147247312652,62.24,3.016467490108394,83.67
475,"Tyler, TX",262,-0.26231680346368297,44.73,14.093789836957614,98.64
476,"Odessa, TX",176,-0.44157164071131016,37.24,-0.5829634237577543,72.45
477,"Lufkin, TX",184,-0.6836489918555271,26.02,-1.0986166321477446,69.39
478,"McAllen, TX",220,-0.07992565268576596,52.89,4.1495514357157885,86.73
479,"Amarillo, TX",258,-0.3037907975083057,43.54,16.79533560669494,99.32
480,"San Antonio, TX",250,0.7175645489139704,79.42,2.6744129482158034,82.65
481,"Houston, TX",325,1.1848872249491067,87.24,6.6042341650247955,91.16
482,"Austin, TX",288,2.6585986105607824,98.3,-26.865262363299255,1.53
483,"Snyder, TX",142,-1.0873840362610476,12.41,-3.179804608431684,57.14
484,"Killeen, TX",220,0.19842063141570046,63.1,-0.17146411041459242,73.64
485,"Lubbock, TX",236,-0.002110730356323597,55.61,6.605147315595314,91.33
486,"College Station--Bryan, TX",190,0.15292308956100595,61.39,-2.4674837355794503,61.05
487,"Alpine, TX",120,-0.1615256346963351,48.98,-7.071449716855692,33.5
488,"Plainview, TX",137,-1.152758280244328,10.03,-5.086127918382434,46.77
489,"Alice, TX",101,-1.0125309851702762,14.8,-8.610416774666234,23.13
490,"Brownwood, TX",193,-0.7632399730536809,22.45,3.1575720323332406,84.35
491,"Victoria, TX",214,-0.5552728677591601,32.14,5.950363528603716,89.97
492,"Abilene, TX",199,-0.2290031078415368,46.26,0.051560518576463564,74.66
493,"Brownsville, TX",176,0.24481134942587005,65.31,-5.304727555266608,44.9
494,"Childress, TX",134,0.1215599929428449,60.03,-5.561360419157788,42.69
495,"San Angelo, TX",203,-0.6102935260598334,28.74,6.35091454130666,90.65
496,"Gonzales, TX",175,-0.7003452032653094,25.51,-0.05769739145458215,73.98
497,"Greenville, TX",215,-0.471061096554351,35.54,5.704025905683,89.63
498,"Eagle Pass, TX",153,-0.6350596351021067,27.38,-4.730364068602771,48.64
499,"Graham, TX",170,-0.9542938774446389,16.33,0.8466389078583653,76.7
500,"Uvalde, TX",151,-0.6265940849022408,27.72,-5.029020846710424,47.28
501,"Sweetwater, TX",114,-1.238439412213401,8.16,-8.22128564176898,26.36
502,"Vernon, TX",104,-1.1430493666647188,10.71,-7.63778227409754,30.27
503,"Mexia, TX",123,-1.3013624239672883,6.97,-7.343596484160209,32.14
504,"Seminole, TX",137,-1.2269344940134785,8.84,-5.329708858776514,44.73
505,"Kerrville, TX",216,0.18069023777072166,62.76,-0.305331218058363,73.3
506,"Pampa, TX",132,-1.09284105028986,12.07,-5.755021266970544,40.82
507,"Longview, TX",248,-0.3170580426819302,41.84,12.32896401318508,97.62
508,"Fort Worth, TX",336,0.9578114994049337,82.99,8.628498915611999,95.24
509,"Brady, TX",126,-0.8374150818300096,20.07,-8.848435472870543,20.24
510,"Matador, TX",94,-0.2216921440802475,46.43,-9.44426083837423,15.31
511,"Nacogdoches, TX",167,-0.8700334889456363,18.88,-2.745091307856297,58.84
512,"Fort Stockton, TX",109,-1.5110213686680958,3.57,-8.664915549067372,21.94
513,"Sanderson, TX",60,-0.29413421141346974,43.88,-9.81202728202275,12.41
514,"Zapata--Medina, TX",94,-0.5858358260883066,29.93,-10.18803249675268,10.88
515,"Price, UT",122,-0.8631577344035197,19.22,-10.200995686739414,10.71
516,"Vernal, UT",168,-0.7075823366329502,25.34,-2.0381836003079195,63.78
517,"Salt Lake, UT",363,1.9360350666048247,95.07,-17.153481029472545,3.23
518,"Richfield, UT",150,-0.6222466727463127,28.23,-7.459967832458963,31.12
519,"Moab, UT",117,0.2995974349761374,67.35,-8.527878129168897,24.32
520,"Delta, UT",95,-1.0694027105760346,13.27,-10.47163464339242,9.18
521,"Burlington, VT",263,1.0589101129848946,84.69,-1.999132835998802,64.29
522,"Chincoteague, VA",115,0.10304101383677784,59.35,-8.791943066837579,20.58
523,"Charlottesville, VA",183,1.7934463080649372,94.9,-5.9222312392005305,39.97
524,"Covington, VA",125,0.039832507395283365,57.65,-9.359704799506575,16.5
525,"Richmond, VA",273,1.6023058223305073,92.69,-8.95579795422244,19.73
526,"Lynchburg, VA",207,0.4040801850072633,70.75,-3.913884628316798,53.06
527,"Harrisonburg, VA",226,0.3365660682033629,68.54,-0.3320634398572661,73.13
528,"Roanoke, VA",227,0.5458368439640133,73.98,-2.6148435348605146,59.86
529,"Bluefield, WV-VA",160,-0.5914734812041751,29.76,-5.5399841666614345,43.03
530,"Farmville, VA",160,-0.42476558021430055,37.76,-5.6576038019130594,42.01
531,"Fredericksburg, VA",204,1.0395431758181337,84.52,-8.512560909152842,24.49
532,"Leesburg, VA",235,1.6382993743626886,93.03,-6.940269950228038,34.35
533,"Warrenton--New Baltimore, VA",211,0.6700596875348095,78.4,-4.315729761902681,50.51
534,"Wise--Norton, VA",116,-1.0176105550636898,14.63,-10.419338248168575,9.35
535,"Tappahannock, VA",172,0.03686830152100469,57.31,-6.106227857298389,38.1
536,"Newport News, VA",159,1.3301367176051158,89.97,-8.060590439478407,27.55
537,"Martinsville, VA",154,0.03090369044783301,56.8,-7.656792327445155,30.1
538,"Lexington, VA",136,0.2200721594685031,64.12,-10.054100341631733,11.9
539,"Moses Lake, WA",130,-0.6627488429024384,26.36,-6.571351368993847,35.2
540,"Wenatchee, WA",172,0.3010733648495834,67.52,-8.564801881607032,23.64
541,"Sequim, WA",199,0.7589699914119837,80.1,-8.267789794625111,25.85
542,"Seattle--Tacoma, WA",278,2.363178291209856,97.28,-18.72716263017162,2.72
543,"Yakima, WA",166,-0.4827661039384564,35.03,-5.331531382450328,44.56
544,"Friday Harbor, WA",199,1.3752719422496442,90.65,-8.769709272626299,20.75
545,"Elkins, WV",139,-0.6380822069992754,27.21,-9.233826922392415,17.18
546,"Charleston, WV",212,0.20410973638151275,63.27,2.025256617419623,80.95
547,"Morgantown, WV",178,-0.31958339246706946,41.67,-3.895508621766215,53.23
548,"Beckley, WV",178,-0.16379533332875018,48.47,-5.11837260045827,46.26
549,"Summersville, WV",126,-0.4963922094427661,34.35,-9.557126065569863,14.8
550,"Wausau, WI",266,-0.1581365612787808,49.32,13.369843888159677,98.3
551,"Ashland, WI",152,-0.22129240719221233,46.77,-8.993093984975072,19.39
552,"Rice Lake, WI",213,-0.30051836286498135,43.71,2.2943557053762325,81.97
553,"Green Bay, WI",271,0.46527881781087604,72.79,4.655207168009197,87.93
554,"Appleton, WI",277,0.28404638023356643,66.5,10.462512019239565,96.77
555,"Madison, WI",275,1.2226167380058588,87.76,-1.0450160523872716,69.9
556,"Rhinelander, WI",190,-0.15407552192423854,49.66,-5.095456826887957,46.6
557,"Milwaukee, WI",355,1.4350803684361317,91.67,-2.669614126707712,59.52
558,"Sheboygan, WI",202,0.03220049236359274,56.97,-2.184650628290734,62.76
559,"Cody, WY",194,-0.5399493410044818,32.99,3.5694938684747277,85.54
560,"Gillette, WY",156,-1.2807656148847748,7.31,-3.1000514036576234,57.65
561,"Rock Springs, WY",148,-1.204947346287918,9.18,-5.543677609522268,42.86
562,"Casper, WY",232,-0.15073615370711693,49.83,6.872803771647042,92.18
563,"Riverton, WY",187,-0.5600236687646024,31.63,1.9677471809319267,80.78
564,"Torrington, WY",134,-1.1797988590249269,9.52,-6.747799111558175,34.86
