cbsa_geoid,cbsa_name,industrial_diversity,economic_complexity_index,economic_complexity_percentile_score,strategic_index,strategic_index_percentile
33860,"Montgomery, AL Metro Area",210,0.42262555639749283,72.97,-0.49258536510029177,86.05
19300,"Daphne-Fairhope-Foley, AL Metro Area",245,0.5778537010978446,76.11,-3.906553682699501,70.49
21640,"Eufaula, AL-GA Micro Area",98,-0.9772972399366451,13.3,-9.368105451305587,20.11
13820,"Birmingham, AL Metro Area",281,0.3025174321744814,68.97,11.919790584234883,99.35
11500,"Anniston-Oxford, AL Metro Area",163,-0.5702680292821188,32.86,-3.4766645019876714,74.05
29300,"LaGrange, GA-AL Micro Area",140,-0.41359043930923267,41.51,-5.0474509153855704,63.03
21460,"Enterprise, AL Micro Area",147,-0.4643040935931304,38.81,-5.789441777461321,55.89
22520,"Florence-Muscle Shoals, AL Metro Area",204,-0.4564624805204196,39.35,1.469827704647675,90.49
45180,"Talladega-Sylacauga, AL Micro Area",144,-1.0534187133498152,9.41,-5.585967792552501,58.16
18980,"Cullman, AL Micro Area",178,-0.7319984077718492,25.3,-1.4133651158998042,82.7
37120,"Ozark, AL Micro Area",90,-0.3647197962543817,43.46,-7.435885263480314,41.08
42820,"Selma, AL Micro Area",138,-0.99094398807661,12.22,-5.953074377510727,55.03
22840,"Fort Payne, AL Micro Area",144,-1.2656933495917286,4.11,-5.140398824395257,61.95
23460,"Gadsden, AL Metro Area",167,-0.7930393959211719,22.05,-4.904092810029733,64.11
40770,"Russellville, AL Micro Area",98,-1.2722447794824638,3.68,-10.081997072833023,13.73
20020,"Dothan, AL Metro Area",209,-0.30624263748698916,46.49,0.7388743311260745,89.3
46220,"Tuscaloosa, AL Metro Area",172,-0.588399507669745,32.32,-2.238476472947455,80.22
42460,"Scottsboro, AL Micro Area",145,-0.8535320688525436,19.03,-5.126170011106596,62.16
19460,"Decatur, AL Metro Area",196,-0.5518244134144513,34.16,1.8870223565153985,91.03
12220,"Auburn-Opelika, AL Metro Area",167,-0.06574742592139013,56.43,-5.492303247433356,59.14
26620,"Huntsville, AL Metro Area",167,1.1423546524709731,85.95,-6.031917849511368,54.27
10700,"Albertville, AL Micro Area",158,-0.8296775921885666,20.54,-3.944820294070383,70.27
33660,"Mobile, AL Metro Area",256,0.2006948774847948,65.95,6.903666875483581,96.86
45980,"Troy, AL Micro Area",91,-1.2281621584183677,5.3,-10.318986695855541,12.11
17980,"Columbus, GA-AL Metro Area",164,0.16550072352189296,64.76,-4.347219475254351,67.46
10760,"Alexander City, AL Micro Area",120,-0.7628632470108175,23.46,-8.458830194580848,30.49
11260,"Anchorage, AK Metro Area",238,1.4850423650072322,90.81,-12.310996860268,6.7
21820,"Fairbanks-College, AK Metro Area",160,0.6792365554264665,77.95,-9.90111981670516,15.35
27940,"Juneau, AK Micro Area",139,2.0097166109439333,95.46,-10.156071955478907,13.19
28540,"Ketchikan, AK Micro Area",116,1.0727072046842103,84.22,-9.392604926771154,19.57
43420,"Sierra Vista-Douglas, AZ Metro Area",155,0.5684517251459823,75.89,-8.09574976054363,33.51
22380,"Flagstaff, AZ Metro Area",177,1.1247248119480875,85.19,-11.729531123198688,7.78
37740,"Payson, AZ Micro Area",111,-0.2974984858760466,46.81,-11.014050089211882,9.51
40940,"Safford, AZ Micro Area",112,-0.6460077464994285,29.51,-10.556212239327705,11.24
38060,"Phoenix-Mesa-Chandler, AZ Metro Area",316,2.1723385988141453,96.65,-20.893435803346204,1.84
29420,"Lake Havasu City-Kingman, AZ Metro Area",219,0.26238746112725686,68,-3.599782328041947,72.86
43320,"Show Low, AZ Micro Area",155,-0.03197025850502925,58.27,-7.960105413621373,35.35
46060,"Tucson, AZ Metro Area",214,1.594528603174654,92,-11.40669150125635,8.54
35700,"Nogales, AZ Micro Area",130,-0.0048253576714778305,59.57,-7.756759914449276,37.51
39150,"Prescott Valley-Prescott, AZ Metro Area",232,1.0237731834635377,83.24,-11.438589470152055,8.32
49740,"Yuma, AZ Metro Area",156,-0.16904710343809817,52.65,-5.75632423300216,56
34260,"Mountain Home, AR Micro Area",152,0.13761905580274128,64.32,-9.585616973082931,17.95
22220,"Fayetteville-Springdale-Rogers, AR Metro Area",236,0.6531667982641074,77.73,-1.077947164138637,83.78
25460,"Harrison, AR Micro Area",171,-0.6990795258459395,27.14,-3.1614383061420868,75.46
15780,"Camden, AR Micro Area",89,-0.7927082865255538,22.16,-9.19169635192364,21.41
11660,"Arkadelphia, AR Micro Area",95,-0.6774286250116381,28.11,-9.73925137971314,16.86
38220,"Pine Bluff, AR Micro Area",137,-0.8536152306658452,18.92,-5.845740717538644,55.57
31620,"Magnolia, AR Micro Area",105,-1.0878574787078463,8.65,-9.715771666132945,17.19
27860,"Jonesboro, AR Metro Area",189,-0.6777998726251241,27.89,-0.8108986990474365,84.86
22900,"Fort Smith, AR-OK Metro Area",231,-0.4320887744170933,40.97,6.8806120725632205,96.76
32820,"Memphis, TN-MS-AR Metro Area",270,1.0944825768141482,84.43,1.228194125288765,90.27
30780,"Little Rock-North Little Rock-Conway, AR Metro Area",255,0.18765101231531944,65.19,6.362136399330176,96.54
26300,"Hot Springs, AR Metro Area",220,0.37519094872941194,71.03,-5.585694663937143,58.27
37500,"Paragould, AR Micro Area",134,-0.9415637002571993,15.46,-6.858182458606134,46.59
31680,"Malvern, AR Micro Area",113,-0.9052123042854545,16.76,-9.799940778454019,16.43
12900,"Batesville, AR Micro Area",119,-0.8345509488769767,20,-8.93074068813208,24.43
45500,"Texarkana, TX-AR Metro Area",207,-0.5655686945999326,33.41,3.3031026940809114,92.76
14180,"Blytheville, AR Micro Area",102,-1.2430016622437225,4.65,-7.674620271935008,38.49
40780,"Russellville, AR Micro Area",172,-1.0190998021987754,11.03,-1.0549617925893768,83.89
22620,"Forrest City, AR Micro Area",101,-1.2221047507237548,5.51,-9.82131570817324,16.11
20980,"El Dorado, AR Micro Area",148,-0.9485278310686674,14.59,-5.062018926784578,62.81
42620,"Searcy, AR Micro Area",166,-0.8473683236674642,19.14,-3.248297638375326,75.24
41860,"San Francisco-Oakland-Fremont, CA Metro Area",282,4.130801804784968,100,-44.24676910899498,0.32
23820,"Gardnerville Ranchos, NV-CA Micro Area",187,1.8343266628485237,94.27,-11.007907285404972,9.73
17020,"Chico, CA Metro Area",217,0.5506594139755664,75.35,-5.086599813451757,62.59
18860,"Crescent City, CA Micro Area",97,0.3045847980424205,69.19,-10.99293988308165,9.84
40900,"Sacramento-Roseville-Folsom, CA Metro Area",237,1.8274175786912399,94.16,-11.134513533113118,9.19
23420,"Fresno, CA Metro Area",217,0.2550704101792646,67.68,2.311504302183009,91.68
21700,"Eureka-Arcata, CA Micro Area",181,0.5121462257235169,75.03,-9.150753635840779,22.16
20940,"El Centro, CA Metro Area",122,-0.26240435322410893,48.22,-5.691635220057279,56.97
13860,"Bishop, CA Micro Area",115,0.44103843624512734,73.62,-10.576990858998682,11.03
12540,"Bakersfield-Delano, CA Metro Area",175,-0.2308133940305163,50.05,-0.1914597386089531,87.24
25260,"Hanford-Corcoran, CA Metro Area",88,-0.856431753737424,18.81,-8.013988662608336,34.49
17340,"Clearlake, CA Micro Area",130,0.13554530261643402,64.22,-9.867399626745296,15.89
45000,"Susanville, CA Micro Area",83,-0.3316303121901534,44.97,-10.715530446930261,10.7
31080,"Los Angeles-Long Beach-Anaheim, CA Metro Area",352,3.2596487654428463,99.35,-49.20608986037796,0.11
46380,"Ukiah, CA Micro Area",175,0.5916608438421851,76.54,-9.093964729593436,22.49
32900,"Merced, CA Metro Area",139,-0.7356179997030685,25.08,-6.501247201502689,50.05
41500,"Salinas, CA Metro Area",126,1.0780543877368143,84.32,-6.79860851546096,47.03
34900,"Napa, CA Metro Area",149,1.5781366438937867,91.78,-8.612552765993547,28.22
46020,"Truckee-Grass Valley, CA Micro Area",241,1.7495167137746155,93.51,-16.30408330835876,2.59
40140,"Riverside-San Bernardino-Ontario, CA Metro Area",303,1.0262986451708989,83.46,2.780652995315281,92.22
41940,"San Jose-Sunnyvale-Santa Clara, CA Metro Area",162,3.8550229632168582,99.78,-6.312075830948484,51.57
41740,"San Diego-Chula Vista-Carlsbad, CA Metro Area",282,3.299538446830201,99.46,-33.32247287054417,0.76
44700,"Stockton-Lodi, CA Metro Area",226,0.21660049861162942,66.49,3.679754053647415,93.62
42020,"San Luis Obispo-Paso Robles, CA Metro Area",234,1.4855236893073764,90.92,-11.868829132994676,7.46
42200,"Santa Maria-Santa Barbara, CA Metro Area",204,2.6185752282601804,98.38,-12.576835525577737,6.27
42100,"Santa Cruz-Watsonville, CA Metro Area",239,1.9757585046634063,95.14,-14.44174821075439,3.68
39820,"Redding, CA Metro Area",226,0.4957079134038871,74.92,-3.923276098031809,70.38
46700,"Vallejo, CA Metro Area",251,0.986509026066695,82.27,-4.116788831022429,68.86
42220,"Santa Rosa-Petaluma, CA Metro Area",276,1.700262458620534,93.08,-14.52661394519688,3.46
33700,"Modesto, CA Metro Area",238,0.04015017873449194,61.08,5.162547940961013,95.24
49700,"Yuba City, CA Metro Area",158,-0.4773287821038863,38.27,-5.67425082553313,57.3
39780,"Red Bluff, CA Micro Area",125,-0.7651017323687507,23.24,-8.89874039376519,24.65
47300,"Visalia, CA Metro Area",170,-0.2078582846947774,51.35,-2.2515123489498894,79.89
43760,"Sonora, CA Micro Area",157,0.5675786222010468,75.78,-11.058942221024475,9.41
37100,"Oxnard-Thousand Oaks-Ventura, CA Metro Area",295,2.0058568820760008,95.35,-15.026293136049494,3.24
19740,"Denver-Aurora-Centennial, CO Metro Area",338,2.7446604063105307,98.49,-37.797418649207714,0.54
10480,"Alamosa, CO Micro Area",136,-0.3295793662045819,45.08,-8.340109930778185,31.68
14500,"Boulder, CO Metro Area",251,3.2554907259944534,99.24,-23.997966028150774,1.19
20780,"Edwards, CO Micro Area",154,2.2540041020834893,97.3,-14.12290066358271,3.89
17820,"Colorado Springs, CO Metro Area",211,2.019585089582732,95.68,-14.01212594967757,4
15860,"Cañon City, CO Micro Area",148,0.1903344361606399,65.51,-8.853956970249289,25.19
40090,"Rifle, CO Micro Area",190,1.7840271040161357,93.73,-13.766930851280447,4.43
14720,"Breckenridge, CO Micro Area",142,2.1423292553152162,96.32,-12.600681876399996,6.16
20420,"Durango, CO Micro Area",225,1.1975420587329084,86.92,-9.874940669012874,15.68
22660,"Fort Collins-Loveland, CO Metro Area",247,1.6902522449269002,92.76,-14.315259946287407,3.78
44540,"Sterling, CO Micro Area",116,-1.2011223576651169,6.16,-8.443106903092929,30.92
24300,"Grand Junction, CO Metro Area",259,0.47446339046108726,74.27,-1.048656477418098,84
44460,"Steamboat Springs, CO Micro Area",202,1.3125490206588342,88.54,-11.678777486747597,7.89
33940,"Montrose, CO Micro Area",219,0.1300281606648561,63.68,-1.7407643933190564,81.73
22820,"Fort Morgan, CO Micro Area",109,-1.6141809001854142,0.54,-8.172464140305998,32.86
39380,"Pueblo, CO Metro Area",188,0.03832585165840814,60.97,-6.151030948024965,52.65
24540,"Greeley, CO Metro Area",245,-0.18375137433935834,52,9.725876941234356,98.49
25540,"Hartford-West Hartford-East Hartford, CT Metro Area",251,1.7397392110328913,93.41,-6.882477246682446,46.16
14860,"Bridgeport-Stamford-Danbury, CT Metro Area",275,2.74908035889457,98.59,-24.135459638631406,1.08
47930,"Waterbury-Shelton, CT Metro Area",263,1.2873895129265422,88.22,-3.8040787985896753,71.03
39480,"Putnam, CT Micro Area",211,0.2986658135080824,68.65,-2.3614714586897256,79.24
45860,"Torrington, CT Micro Area",220,1.1415394901584122,85.84,-8.722534002870624,26.49
35300,"New Haven, CT Metro Area",229,1.5072743010573668,91.35,-6.057698606733019,53.73
35980,"Norwich-New London-Willimantic, CT Metro Area",170,1.1957261964253758,86.81,-7.9372409804715796,35.78
20100,"Dover, DE Metro Area",167,0.4906027217109322,74.81,-6.603545724632747,49.08
37980,"Philadelphia-Camden-Wilmington, PA-NJ-DE-MD Metro Area",281,2.2854980728347782,97.41,-12.828192174729427,5.51
42580,"Seaford, DE Micro Area",209,0.6920950316917466,78.59,-7.486866300474655,40.76
47900,"Washington-Arlington-Alexandria, DC-VA-MD-WV Metro Area",182,4.076346376620148,99.89,-10.869286175378644,10.16
23540,"Gainesville, FL Metro Area",163,0.939099319538028,81.62,-8.970602656655547,23.68
27260,"Jacksonville, FL Metro Area",316,1.8456970751402948,94.38,-14.477615490750996,3.57
37460,"Panama City-Panama City Beach, FL Metro Area",223,1.13043140008244,85.51,-11.739096149862284,7.68
37340,"Palm Bay-Melbourne-Titusville, FL Metro Area",237,1.7521383367110437,93.62,-12.625164647237318,6.05
33100,"Miami-Fort Lauderdale-West Palm Beach, FL Metro Area",365,2.888009490497435,98.81,-47.16046321525149,0.22
39460,"Punta Gorda, FL Metro Area",213,0.9945509170726636,82.38,-9.898069118351348,15.46
26140,"Homosassa Springs, FL Metro Area",189,0.612059701644332,76.97,-9.475899201599564,18.92
34940,"Naples-Marco Island, FL Metro Area",234,1.87326776953345,94.7,-15.758398730591015,2.81
29380,"Lake City, FL Micro Area",165,-0.40923341516620176,41.62,-6.082292164952737,53.51
11580,"Arcadia, FL Micro Area",122,-0.4871097721531332,37.84,-7.72634291690168,38.05
37860,"Pensacola-Ferry Pass-Brent, FL Metro Area",225,1.0009828330455701,82.49,-8.130827393678853,33.3
19660,"Deltona-Daytona Beach-Ormond Beach, FL Metro Area",261,1.3680388220214972,89.41,-11.457315045088514,8.22
45220,"Tallahassee, FL Metro Area",170,1.6154485796328246,92.22,-7.491162222763836,40.65
17500,"Clewiston, FL Micro Area",139,-0.2743132256894183,47.89,-6.422333672910023,50.38
45300,"Tampa-St. Petersburg-Clearwater, FL Metro Area",335,2.106360170401423,96,-21.153388437548497,1.73
42700,"Sebring, FL Metro Area",186,-0.0183825396137462,58.7,-5.4380372964123564,59.89
42680,"Sebastian-Vero Beach-West Vero Corridor, FL Metro Area",227,1.3251481991675398,88.76,-11.163215631998515,9.08
36740,"Orlando-Kissimmee-Sanford, FL Metro Area",283,2.4438591737466084,98.05,-23.291830186171488,1.3
15980,"Cape Coral-Fort Myers, FL Metro Area",243,1.464662701108281,90.59,-13.023934638933941,5.08
35840,"North Port-Bradenton-Sarasota, FL Metro Area",270,1.8114302373010633,93.84,-15.376531933945243,3.14
36100,"Ocala, FL Metro Area",258,0.32895886669606095,69.84,2.799349029125794,92.32
38940,"Port St. Lucie, FL Metro Area",273,1.1738368870599183,86.7,-8.547934998252758,29.08
28580,"Key West-Key Largo, FL Micro Area",169,2.190378956121108,96.76,-12.83497364418772,5.41
18880,"Crestview-Fort Walton Beach-Destin, FL Metro Area",186,1.9889500791477719,95.24,-14.008262619110939,4.11
36380,"Okeechobee, FL Micro Area",141,-0.6698441267484148,28.86,-7.0605564116312,44.76
29460,"Lakeland-Winter Haven, FL Metro Area",261,0.3360604233004717,70.05,5.625371080008108,95.68
37260,"Palatka, FL Micro Area",150,-0.3718057894040613,43.14,-7.6094787374562545,39.14
48680,"Wildwood-The Villages, FL Metro Area",153,0.4057118733881892,72.22,-8.706633292309794,27.24
20060,"Douglas, GA Micro Area",130,-0.9651735907285999,14.16,-6.254107365698028,51.89
33300,"Milledgeville, GA Micro Area",118,-0.2349336492406557,49.84,-9.980453382602997,14.49
12060,"Atlanta-Sandy Springs-Roswell, GA Metro Area",371,2.1614731036257355,96.43,-21.51513702014835,1.62
22340,"Fitzgerald, GA Micro Area",85,-1.096701159399098,8.32,-8.563436592126813,28.86
31420,"Macon-Bibb County, GA Metro Area",207,0.1276551818918843,63.46,-1.5527036262265894,82.27
15260,"Brunswick-St. Simons, GA Metro Area",189,0.7694842738595318,79.46,-8.724831925424569,26.38
46660,"Valdosta, GA Metro Area",183,-0.5205841472556479,36.65,-1.2153256027722241,83.14
42340,"Savannah, GA Metro Area",225,0.7835164000715911,79.68,-2.6793875379162104,78.05
44340,"Statesboro, GA Micro Area",166,-0.3758993943203283,43.03,-5.390828595054223,60.43
12260,"Augusta-Richmond County, GA-SC Metro Area",195,0.014963043666851543,60.22,-0.2535376223834137,86.59
28680,"Kingsland, GA Micro Area",107,0.20785817246123509,66.05,-9.050579592343487,22.92
16860,"Chattanooga, TN-GA Metro Area",275,0.482630982777018,74.49,6.327239324949427,96.32
44900,"Summerville, GA Micro Area",84,-1.1227965174721435,8,-11.012845055026334,9.62
12020,"Athens-Clarke County, GA Metro Area",168,0.924946628612405,81.51,-7.534713586147627,39.89
34220,"Moultrie, GA Micro Area",123,-1.3390929760027839,2.92,-7.214134638274963,43.46
18380,"Cordele, GA Micro Area",109,-1.2770478635452824,3.57,-9.493180624312263,18.7
12460,"Bainbridge, GA Micro Area",122,-1.3469112609586393,2.7,-7.01787065538295,45.3
10500,"Albany, GA Metro Area",179,-0.3173910622059162,46.27,-2.076709206203868,80.76
40660,"Rome, GA Metro Area",149,-0.29258925993511914,47.03,-5.239423323662729,61.19
15660,"Calhoun, GA Micro Area",109,-0.5479907597647832,34.49,-6.796552400708605,47.46
45620,"Thomasville, GA Micro Area",169,-0.09862528148446581,55.46,-3.012452157234355,76.11
18460,"Cornelia, GA Micro Area",130,-0.7829188582595416,22.7,-8.94798175622815,24
23580,"Gainesville, GA Metro Area",196,0.40534903476839035,72.11,-1.978199561726185,81.3
47580,"Warner Robins, GA Metro Area",118,0.0072677268458931086,60.11,-8.036377223709124,34.05
27600,"Jefferson, GA Micro Area",124,-0.0028463836443065466,59.68,-6.029936133664121,54.49
20140,"Dublin, GA Micro Area",152,-0.8464060714059591,19.24,-5.475814351959678,59.46
25980,"Hinesville, GA Metro Area",66,-0.014590335387302426,59.03,-6.865264068610158,46.49
47080,"Vidalia, GA Micro Area",128,-0.9470989774903799,14.7,-7.611753916332879,39.03
19140,"Dalton, GA Metro Area",144,-0.32551170344049346,45.19,-5.235737220686968,61.3
48180,"Waycross, GA Micro Area",144,-0.9688204746474038,13.95,-6.508120328405656,49.95
16340,"Cedartown, GA Micro Area",121,-0.9246574395636035,15.89,-8.94033053346692,24.22
11140,"Americus, GA Micro Area",133,-0.8411037731010295,19.46,-6.609480385599656,48.97
45740,"Toccoa, GA Micro Area",118,-0.7329484576102863,25.19,-8.838163037763065,25.41
45700,"Tifton, GA Micro Area",148,-0.6738262374575809,28.32,-4.183989649756585,68.32
45580,"Thomaston, GA Micro Area",104,-0.6321461927636621,30.38,-9.737234519232377,16.97
27700,"Jesup, GA Micro Area",118,-0.8894782823159589,17.3,-9.915508547546645,15.03
25900,"Hilo-Kailua, HI Micro Area",202,1.6950285665749685,92.97,-12.6708995423262,5.95
46520,"Urban Honolulu, HI Metro Area",208,2.5430417529491276,98.27,-13.890715620761018,4.22
28180,"Kapaa, HI Micro Area",160,2.0140001080901277,95.57,-10.753445429828751,10.59
27980,"Kahului-Wailuku, HI Metro Area",203,2.2371430359721316,97.19,-16.73112229566025,2.27
14260,"Boise City, ID Metro Area",330,1.2200244229942945,87.24,-1.7767245259161861,81.62
38540,"Pocatello, ID Metro Area",208,0.22319263449540652,66.7,-4.631120938162847,65.62
13940,"Blackfoot, ID Micro Area",154,-0.2828883422532559,47.46,-6.418815817979085,50.49
25200,"Hailey, ID Micro Area",195,1.8210091168584939,94.05,-12.887873284983822,5.19
41760,"Sandpoint, ID Micro Area",225,0.7968705390140722,79.89,-7.283902397801891,42.27
26820,"Idaho Falls, ID Metro Area",245,0.5609695301683034,75.57,-1.365586772898159,82.92
15420,"Burley, ID Micro Area",144,-1.1694599636642757,6.92,-4.305581810723516,67.78
34300,"Mountain Home, ID Micro Area",95,-0.839239420054179,19.78,-10.158510837002517,13.08
30860,"Logan, UT-ID Metro Area",210,0.7234281304474975,79.24,-4.0992071888802535,69.3
39940,"Rexburg, ID Micro Area",144,0.4159546503752422,72.65,-7.675953879178513,38.38
46300,"Twin Falls, ID Metro Area",221,-0.12331286815561507,54.38,2.512188098688482,91.78
17660,"Coeur d'Alene, ID Metro Area",284,1.068882248905316,84,-6.615995065415416,48.86
34140,"Moscow, ID Micro Area",150,0.7115974659219614,78.81,-10.242091487540023,12.76
30300,"Lewiston, ID-WA Metro Area",167,-0.349068235854006,43.89,-6.933258184192511,45.84
14940,"Brigham City, UT-ID Micro Area",142,-0.54484790374587,34.81,-7.07770199671351,44.43
36620,"Ontario, OR-ID Micro Area",155,-0.8110876142885476,21.08,-4.6221448176478495,65.73
27220,"Jackson, WY-ID Micro Area",184,2.3330287357147377,97.51,-15.393981199325436,3.03
39500,"Quincy, IL-MO Micro Area",175,-0.06771436632463457,56.22,-3.264588790855603,74.7
16020,"Cape Girardeau, MO-IL Metro Area",206,-0.05575464941319768,56.76,-0.8019298228851895,84.97
41180,"St. Louis, MO-IL Metro Area",304,1.1073049731968267,84.76,3.180325040511603,92.65
40420,"Rockford, IL Metro Area",226,0.4096087978089541,72.43,0.9698891720481206,89.73
36837,"Ottawa, IL Micro Area",210,-0.49633332120558205,37.62,4.171893584182033,94.27
16580,"Champaign-Urbana, IL Metro Area",159,0.7074282231785428,78.7,-4.120113797384138,68.76
45380,"Taylorville, IL Micro Area",117,-0.8066547205721344,21.3,-8.590893675764656,28.43
16660,"Charleston-Mattoon, IL Micro Area",106,-0.606727469210577,31.24,-9.489965731258948,18.81
16980,"Chicago-Naperville-Elgin, IL-IN Metro Area",399,2.0907432029667454,95.89,-16.789444712444652,2.16
20820,"Effingham, IL Micro Area",153,-0.31541948385283264,46.38,-5.977034449951679,54.92
15900,"Canton, IL Micro Area",118,-1.1083843329571537,8.22,-9.380116456219818,19.89
15460,"Burlington, IA-IL Micro Area",166,-0.5400566214663431,35.24,-4.114439066675208,69.08
19340,"Davenport-Moline-Rock Island, IA-IL Metro Area",238,-0.3174627978899719,46.16,8.527581315253592,98.05
16060,"Carbondale, IL Micro Area",119,-0.2613868478559482,48.43,-10.094872115214207,13.51
34500,"Mount Vernon, IL Micro Area",110,-0.9583088008923218,14.27,-9.142615879034077,22.38
28100,"Kankakee, IL Metro Area",174,-0.5245281817651207,36.32,-1.5205820169319135,82.38
23660,"Galesburg, IL Micro Area",119,-0.6555617172491158,29.19,-9.94600315716049,14.81
19940,"Dixon, IL Micro Area",122,-0.4400324877495596,40.54,-8.837548252635312,25.51
38700,"Pontiac, IL Micro Area",114,-1.1759844307826894,6.49,-8.133176782970994,33.08
30660,"Lincoln, IL Micro Area",90,-1.0177433162328835,11.14,-10.061651043847439,13.95
31380,"Macomb, IL Micro Area",90,-1.2394330062370988,4.86,-10.32445670619614,12
14010,"Bloomington, IL Metro Area",129,0.4461389745002077,73.84,-6.122941610605401,52.76
19500,"Decatur, IL Metro Area",156,-0.4320914734737684,40.86,-5.726870069485265,56.22
16460,"Centralia, IL Micro Area",121,-1.1561817682461295,7.14,-8.171148948328494,32.97
37900,"Peoria, IL Metro Area",206,0.24163510540597044,67.24,-0.45173491363084867,86.38
37140,"Paducah, KY-IL Metro Area",194,-0.1539204631695344,53.19,-1.723586246238409,81.95
44100,"Springfield, IL Metro Area",125,1.0178725612387252,83.14,-5.432539427626358,60
27300,"Jacksonville, IL Micro Area",119,-0.724456409431209,25.73,-8.487383269098935,29.84
40300,"Rochelle, IL Micro Area",140,-0.894492134676522,17.08,-5.505178131093374,59.03
23300,"Freeport, IL Micro Area",131,-0.7988382566714849,21.73,-6.909043396813331,46.05
19180,"Danville, IL Micro Area",137,-0.639636398184396,29.73,-6.735913736695896,48.11
44580,"Sterling, IL Micro Area",157,-0.7955757828052287,21.84,-4.116437792329305,68.97
32060,"Marion-Herrin, IL Micro Area",139,-0.47127825264640133,38.59,-7.386988213742142,41.3
19540,"Decatur, IN Micro Area",146,-1.0325835514638544,10.16,-4.410163390864764,67.03
23060,"Fort Wayne, IN Metro Area",275,0.20043408297344398,65.84,10.770610983336624,98.92
18020,"Columbus, IN Metro Area",132,-0.04301874637627935,57.95,-7.237262922323878,42.92
29200,"Lafayette-West Lafayette, IN Metro Area",174,-0.01603912541881479,58.92,-3.570992722957919,73.19
26900,"Indianapolis-Carmel-Greenwood, IN Metro Area",306,1.1640490007741324,86.49,2.079227610254531,91.24
30900,"Logansport, IN Micro Area",117,-0.995585978515257,12,-8.009019697837921,34.7
31140,"Louisville/Jefferson County, KY-IN Metro Area",314,0.720042900551643,79.14,12.533426777413089,99.57
45460,"Terre Haute, IN Metro Area",212,-0.5903045355522583,32.11,5.144595291078107,95.14
23140,"Frankfort, IN Micro Area",108,-1.2777818847685822,3.46,-9.226408894719105,21.08
47780,"Washington, IN Micro Area",134,-1.052492410612926,9.51,-7.340051867672215,41.73
17140,"Cincinnati, OH-KY-IN Metro Area",337,1.0067203487007603,82.81,10.70980375819623,98.81
24700,"Greensburg, IN Micro Area",121,-1.207988339105084,5.84,-7.417465257492967,41.19
12140,"Auburn, IN Micro Area",138,-0.703616016296337,26.7,-6.105996303467663,52.86
34620,"Muncie, IN Metro Area",186,-0.1520819169611139,53.41,-4.092586027458608,69.41
27540,"Jasper, IN Micro Area",129,-0.6102525292895374,31.03,-8.950867298788372,23.89
21140,"Elkhart-Goshen, IN Metro Area",226,-0.05448170947267068,56.97,7.990305371521979,97.84
18220,"Connersville, IN Micro Area",105,-1.0152745656384783,11.35,-10.194408266601194,12.86
31980,"Marion, IN Micro Area",120,-0.9434341588199127,15.24,-9.694005984347276,17.62
35220,"New Castle, IN Micro Area",136,-0.9562735732058205,14.38,-7.6933467676054725,38.27
29020,"Kokomo, IN Metro Area",150,-0.31777197472691204,46.05,-8.75534465829543,26.16
26540,"Huntington, IN Micro Area",144,-0.7675956424091754,22.92,-5.408938760485668,60.22
42980,"Seymour, IN Micro Area",133,-1.2713796225951117,3.78,-6.980847371019688,45.73
31500,"Madison, IN Micro Area",116,-0.7462458095046357,24.43,-10.848285847058959,10.38
47180,"Vincennes, IN Micro Area",114,-1.537243827302287,1.19,-9.24500257063934,20.76
47700,"Warsaw, IN Micro Area",178,-0.3352992561065962,44.54,-2.8210924040737533,77.08
33140,"Michigan City-La Porte, IN Metro Area",202,-0.25256085667836975,48.65,-0.549048309313178,85.62
13260,"Bedford, IN Micro Area",139,-0.9392579642538496,15.68,-8.106794458792839,33.41
38500,"Plymouth, IN Micro Area",165,-0.724165154698373,25.84,-3.6156443151135913,72.76
37940,"Peru, IN Micro Area",122,-1.3762707959650162,2.27,-8.975032158924897,23.57
14020,"Bloomington, IN Metro Area",134,1.1271295277501887,85.41,-8.86487856210086,24.97
18820,"Crawfordsville, IN Micro Area",123,-1.2978743014730534,3.24,-8.446184042248126,30.59
28340,"Kendallville, IN Micro Area",165,-0.4471261241669133,40.11,-2.7189159310106294,77.62
21780,"Evansville, IN Metro Area",249,0.017919123961702577,60.32,6.1888636594858015,96.11
24600,"Greencastle, IN Micro Area",117,-0.9423962412521125,15.35,-8.062512233367265,33.84
43780,"South Bend-Mishawaka, IN-MI Metro Area",238,0.5560276220767791,75.46,0.20697875111064765,88
11420,"Angola, IN Micro Area",152,-0.36827573025093785,43.24,-6.982813280098828,45.62
47340,"Wabash, IN Micro Area",144,-0.6333175181724232,30.27,-6.096657261815947,53.08
39980,"Richmond, IN Micro Area",156,-0.6750756661660121,28.22,-5.474040946367913,59.57
33900,"Monticello, IN Micro Area",121,-1.0894823161753813,8.54,-8.130951535252137,33.19
16300,"Cedar Rapids, IA Metro Area",248,0.30302898192391126,69.08,5.577952807625548,95.57
47940,"Waterloo-Cedar Falls, IA Metro Area",194,-0.35205903290277146,43.78,-0.20726228337056912,87.03
11180,"Ames, IA Metro Area",137,0.058050899195782435,61.51,-6.38266564663117,50.92
44740,"Storm Lake, IA Micro Area",95,-1.385928775922527,2.05,-9.174839306164033,21.73
16140,"Carroll, IA Micro Area",137,-0.8873563681985891,17.51,-4.482910257813143,66.49
32380,"Mason City, IA Micro Area",178,-0.5399161779575069,35.35,-2.333993416092434,79.35
43980,"Spencer, IA Micro Area",156,-0.7589739520210221,23.78,-4.414147902760374,66.92
17540,"Clinton, IA Micro Area",153,-0.7196499306733443,26.05,-4.034358167923751,69.95
19780,"Des Moines-West Des Moines, IA Metro Area",266,0.9686395758972761,81.84,1.7132257667364896,90.81
44020,"Spirit Lake, IA Micro Area",135,-0.2012602323020104,51.46,-9.05873442085544,22.81
20220,"Dubuque, IA Metro Area",214,0.06846332820435977,61.95,-0.1539567651947868,87.57
36540,"Omaha, NE-IA Metro Area",267,1.05762876689862,83.78,-0.24959032125847164,86.7
26980,"Iowa City, IA Metro Area",127,0.6062876947747452,76.86,-7.069447721612135,44.54
22800,"Fort Madison, IA Micro Area",124,-0.8795784389971849,17.73,-7.756944011582839,37.41
36820,"Oskaloosa, IA Micro Area",117,-1.2059379986671168,5.95,-8.587147242510746,28.54
37800,"Pella, IA Micro Area",109,-0.7027484787878118,26.81,-9.380212179597352,19.78
32260,"Marshalltown, IA Micro Area",124,-1.1712053006755219,6.7,-7.970461665491633,35.24
34700,"Muscatine, IA Micro Area",124,-0.9126211438320401,16.43,-7.21623121332666,43.35
30180,"Le Mars, IA Micro Area",109,-1.514135822443198,1.3,-9.742789416688423,16.76
36900,"Ottumwa, IA Micro Area",132,-1.0760625353036657,8.76,-8.855360962164818,25.08
22700,"Fort Dodge, IA Micro Area",132,-0.982556532587503,12.76,-8.46236448589735,30.27
43580,"Sioux City, IA-NE-SD Metro Area",196,-0.6683123311011288,28.97,2.750971388430806,92.11
11860,"Atchison, KS Micro Area",101,-0.39837064623931506,42.27,-9.19776948382699,21.3
24460,"Great Bend, KS Micro Area",135,-1.0958870882798128,8.43,-5.919223922630099,55.46
48620,"Wichita, KS Metro Area",246,0.18910414157259114,65.3,5.9195298721153495,95.89
21380,"Emporia, KS Micro Area",116,-0.9014215530077545,16.97,-9.425383759635752,19.35
27900,"Joplin, MO-KS Metro Area",232,-0.6316193396416727,30.49,10.77295076378381,99.03
11680,"Arkansas City-Winfield, KS Micro Area",108,-1.0724978798631313,8.97,-7.635914420288726,38.7
38260,"Pittsburg, KS Micro Area",116,-0.6312837380540351,30.59,-8.5972417305201,28.32
41140,"St. Joseph, MO-KS Metro Area",187,-0.32405045684437334,45.41,-0.8360241585318603,84.54
29940,"Lawrence, KS Metro Area",167,1.3131078314844293,88.65,-9.9129945326148885,15.14
25700,"Hays, KS Micro Area",138,-0.7070114278521284,26.38,-7.740564520316528,37.95
23780,"Garden City, KS Micro Area",139,-1.1364689089275601,7.35,-5.369867759307886,60.65
19980,"Dodge City, KS Micro Area",114,-0.9808999554655913,13.08,-7.811554108257526,36.86
36840,"Ottawa, KS Micro Area",106,-1.0464260265050611,9.73,-9.430792434696283,19.24
31740,"Manhattan, KS Metro Area",122,0.06789311065751949,61.84,-7.6255301329378895,38.81
45820,"Topeka, KS Metro Area",178,0.42127471423204266,72.86,-3.2890541628959604,74.59
28140,"Kansas City, MO-KS Metro Area",317,1.2839412432370167,87.89,0.6322508972595025,89.08
32700,"McPherson, KS Micro Area",112,-0.9400124385609236,15.57,-7.464362923268733,40.86
41460,"Salina, KS Micro Area",150,-0.46391493381694265,38.92,-6.101309951767679,52.97
26740,"Hutchinson, KS Micro Area",177,-0.6708610608242802,28.65,-0.3552644818685871,86.49
30580,"Liberal, KS Micro Area",96,-1.4374916058238456,1.95,-8.93363558131889,24.32
14540,"Bowling Green, KY Metro Area",225,0.03725923321410234,60.86,1.0624909763574486,89.95
23180,"Frankfort, KY Micro Area",132,0.9861712008259289,82.16,-4.10356306046741,69.19
23980,"Glasgow, KY Micro Area",174,-0.6355579098227937,30.05,-1.4921282270296488,82.59
34460,"Mount Sterling, KY Micro Area",146,-0.9849325047909263,12.54,-5.549176433131856,58.7
33180,"Middlesborough, KY Micro Area",109,-0.6825907121263239,27.78,-8.710845719835955,26.92
30460,"Lexington-Fayette, KY Metro Area",243,0.9676223694005677,81.73,-1.586652273014718,82.16
26580,"Huntington-Ashland, WV-KY-OH Metro Area",230,-0.3651570858176327,43.35,6.648474168807483,96.65
19220,"Danville, KY Micro Area",163,-0.40847494691047714,41.73,-3.542476940868389,73.51
34660,"Murray, KY Micro Area",121,-0.24423955378498777,49.3,-8.010316387416072,34.59
17300,"Clarksville, TN-KY Metro Area",163,-0.06535003987587457,56.54,-3.2587701498562467,74.92
18340,"Corbin, KY Micro Area",171,-0.683737888941032,27.68,-2.8939581068079514,76.86
36980,"Owensboro, KY Metro Area",182,-0.4592901911401065,39.14,-2.025890723201428,80.86
40080,"Richmond-Berea, KY Micro Area",166,0.036564337312589436,60.76,-4.865417528300635,64.32
38210,"Pikeville, KY Micro Area",139,-0.8070879397899633,21.19,-6.024678464317465,54.59
32460,"Mayfield, KY Micro Area",141,-0.7901822738701246,22.27,-6.302307270904314,51.68
15820,"Campbellsville, KY Micro Area",138,-1.0165678156319422,11.24,-7.768423495357694,37.19
21060,"Elizabethtown, KY Metro Area",144,-0.185515607771022,51.78,-7.950909369903541,35.57
25775,"Henderson, KY Micro Area",157,-1.0476703185375489,9.62,-2.8142322693903674,77.19
31580,"Madisonville, KY Micro Area",127,-1.0220674942745247,10.92,-7.206753897457035,43.78
43700,"Somerset, KY Micro Area",182,-0.5394517722969399,35.46,-2.2125996780552186,80.32
23190,"Franklin, KY Micro Area",108,-0.6777963460441475,28,-7.9778466957058844,35.14
29180,"Lafayette, LA Metro Area",259,0.24678753445365445,67.46,6.284273971162257,96.22
12940,"Baton Rouge, LA Metro Area",241,0.4110950497830154,72.54,3.753228590439364,93.95
19760,"DeRidder, LA Micro Area",135,-0.7471051179368111,24.32,-7.54116773750974,39.68
43340,"Shreveport-Bossier City, LA Metro Area",240,-0.11230336236112756,54.7,8.314581706233435,97.95
29340,"Lake Charles, LA Metro Area",212,-0.23322680023621084,49.95,3.312505233966678,92.86
35020,"Natchez, MS-LA Micro Area",156,-0.864139110274457,18.38,-2.6901028951234642,77.73
10780,"Alexandria, LA Metro Area",172,-0.5306442647788877,35.78,-4.140669589569388,68.54
35340,"New Iberia, LA Micro Area",167,-0.46324559247522984,39.03,-3.064984228583678,75.89
35380,"New Orleans-Metairie, LA Metro Area",280,1.690810941197798,92.86,-6.597913476480387,49.19
26380,"Houma-Bayou Cane-Thibodaux, LA Metro Area",175,-0.21292597611834263,50.81,-2.9197435429898215,76.76
40820,"Ruston, LA Micro Area",153,-0.19423795650701794,51.68,-6.411360451631773,50.59
33740,"Monroe, LA Metro Area",219,-0.535910631477404,35.68,7.532118719589167,97.62
35060,"Natchitoches, LA Micro Area",113,-0.7381831663321977,24.97,-8.717656144917822,26.7
36660,"Opelousas, LA Micro Area",172,-1.0239231816699084,10.59,0.38994014784149295,88.54
34020,"Morgan City, LA Micro Area",144,-0.1419029589265109,53.84,-4.036043978114105,69.84
43640,"Slidell-Mandeville-Covington, LA Metro Area",273,1.2934456376297927,88.32,-7.052245660241163,45.08
25220,"Hammond, LA Metro Area",197,-0.1793421380709149,52.11,-1.5148645892598285,82.49
14220,"Bogalusa, LA Micro Area",113,-1.1707644007456899,6.81,-9.008230680340844,23.24
33380,"Minden, LA Micro Area",129,-1.3840393680123069,2.16,-7.3485088951995206,41.51
30340,"Lewiston-Auburn, ME Metro Area",223,0.13477104916844096,64,-1.3762788894012277,82.81
38860,"Portland-South Portland, ME Metro Area",267,1.6365439232760977,92.32,-13.546243363325495,4.65
12300,"Augusta-Waterville, ME Micro Area",180,0.09260559557795556,62.7,-6.224222443908796,52.11
12620,"Bangor, ME Metro Area",219,0.13553669179425512,64.11,-2.461298059078668,79.14
19060,"Cumberland, MD-WV Micro Area",163,-0.12173482095328533,54.49,-5.470873884165333,59.68
12580,"Baltimore-Columbia-Towson, MD Metro Area",246,2.381840584822583,97.73,-13.267388583532894,4.76
30500,"Lexington Park, MD Metro Area",147,1.2841600471915908,88,-9.82728244725073,16
15700,"Cambridge, MD Micro Area",138,0.22759274715237252,67.03,-6.878290328621992,46.27
41540,"Salisbury, MD Metro Area",193,0.46672723934483656,74.16,-5.201228499591927,61.51
20660,"Easton, MD Micro Area",193,1.3946959068025855,89.62,-10.761716411821023,10.49
25180,"Hagerstown-Martinsburg, MD-WV Metro Area",234,0.07230052119359384,62.05,1.543792221761416,90.59
36180,"Ocean Pines, MD Micro Area",159,1.150030725982898,86.16,-11.477155423308805,8.11
12700,"Barnstable Town, MA Metro Area",210,1.8508504472042642,94.49,-16.32602438036486,2.49
38340,"Pittsfield, MA Metro Area",199,1.3546624590084633,89.3,-10.492563801042824,11.46
39300,"Providence-Warwick, RI-MA Metro Area",299,1.493427126448437,91.14,-6.20396918845003,52.32
47240,"Vineyard Haven, MA Micro Area",163,1.9108789925038254,95.03,-13.621379722278531,4.54
14460,"Boston-Cambridge-Newton, MA-NH Metro Area",291,3.6179627803101053,99.68,-38.79034887596688,0.43
24640,"Greenfield, MA Micro Area",196,0.4758526883886014,74.38,-6.3356014411660935,51.35
44140,"Springfield, MA Metro Area",227,0.903209189810198,81.08,-1.7342238568324653,81.84
11200,"Amherst Town-Northampton, MA Metro Area",172,1.6434146472601945,92.43,-9.370288887662044,20
34880,"Nantucket, MA Micro Area",146,2.161688430790286,96.54,-12.018371462906405,7.14
49340,"Worcester, MA Metro Area",267,1.200660775659785,87.03,-4.9974799769518015,63.35
26090,"Holland, MI Micro Area",215,0.0606416568675841,61.62,0.8360835966029294,89.51
10980,"Alpena, MI Micro Area",158,-0.2231915204047316,50.38,-6.796418544713773,47.57
24340,"Grand Rapids-Wyoming-Kentwood, MI Metro Area",322,0.74980436072131,79.35,11.403533588882059,99.14
13020,"Bay City, MI Metro Area",193,-0.12362792716595834,54.27,-2.5814993534003614,78.59
45900,"Traverse City, MI Metro Area",277,0.8205175256685355,80,-3.250375209190813,75.14
35660,"Niles, MI Metro Area",211,0.19057296979874114,65.62,-0.9032679410520801,84.43
17740,"Coldwater, MI Micro Area",141,-0.5612114948931561,33.73,-6.248973672472209,52
12980,"Battle Creek, MI Metro Area",163,0.18422208923675798,65.08,-4.812337431272183,64.65
42300,"Sault Ste. Marie, MI Micro Area",125,0.11684087146284625,63.14,-9.269666545190363,20.32
29620,"Lansing-East Lansing, MI Metro Area",209,0.8735197925189351,80.54,-4.048650083951539,69.73
21540,"Escanaba, MI Micro Area",171,-0.05470669826356576,56.86,-6.782350639016836,47.68
27020,"Iron Mountain, MI-WI Micro Area",153,-0.17152050137521646,52.43,-6.797804518708442,47.14
37950,"Petoskey, MI Micro Area",161,1.0015474970655553,82.59,-10.637301000212712,10.81
22420,"Flint, MI Metro Area",212,0.34475148255896193,70.49,-3.3172815905803086,74.38
10940,"Alma, MI Micro Area",132,-0.9739026787319115,13.62,-6.763215129032404,47.89
25880,"Hillsdale, MI Micro Area",136,-1.1839529520067127,6.27,-7.293094668496176,42.05
26340,"Houghton, MI Micro Area",140,0.4330639419155152,73.19,-8.667730381346438,27.57
34380,"Mount Pleasant, MI Micro Area",131,-0.12723580649858562,54.05,-8.483954149550806,30.05
27100,"Jackson, MI Metro Area",186,0.002065184291977831,60,-2.9519383356395856,76.43
28020,"Kalamazoo-Portage, MI Metro Area",225,0.9138570326301579,81.19,-4.733440276927743,65.19
19820,"Detroit-Warren-Dearborn, MI Metro Area",311,1.1371542587024766,85.62,2.996993409970729,92.54
10300,"Adrian, MI Micro Area",187,-0.5148717184465286,36.86,-0.4751150586809929,86.27
32100,"Marquette, MI Micro Area",160,0.433942852439658,73.51,-9.97605842535969,14.59
31220,"Ludington, MI Micro Area",140,-0.21593132273729548,50.7,-9.44046487242075,19.14
13660,"Big Rapids, MI Micro Area",128,-0.653550617458118,29.3,-9.265522075290466,20.54
31940,"Marinette, WI-MI Micro Area",153,-0.6711526082852682,28.43,-6.000507730033615,54.81
33220,"Midland, MI Metro Area",133,0.6016696697286819,76.65,-8.46059834309764,30.38
15620,"Cadillac, MI Micro Area",165,-0.44529607719369063,40.22,-4.860156066854068,64.43
33780,"Monroe, MI Metro Area",189,-0.31872167735570495,45.84,-2.502322952209295,79.03
34740,"Muskegon-Norton Shores, MI Metro Area",197,-0.010237232696348922,59.35,-2.008618375809105,81.19
40980,"Saginaw, MI Metro Area",199,0.3966224954484027,71.78,-3.5754783750225165,73.08
44780,"Sturgis, MI Micro Area",158,-0.8589946226965568,18.7,-3.7747582955938634,71.35
37020,"Owosso, MI Micro Area",168,-0.4508918574012824,39.89,-3.4634852417926596,74.16
11460,"Ann Arbor, MI Metro Area",159,2.408770378270967,97.95,-3.568261767405243,73.3
33460,"Minneapolis-St. Paul-Bloomington, MN-WI Metro Area",332,1.8145739746385299,93.95,-9.709682956814493,17.41
19810,"Detroit Lakes, MN Micro Area",157,-0.09796616004752882,55.57,-7.340812839859174,41.62
13420,"Bemidji, MN Micro Area",159,-0.02979901636188438,58.38,-7.305939201126315,41.84
41060,"St. Cloud, MN Metro Area",231,-0.12044350544942335,54.59,4.338762115898848,94.38
31860,"Mankato, MN Metro Area",192,-0.09935550815778373,55.35,-2.161817804749791,80.54
35580,"New Ulm, MN Micro Area",123,-1.1280307227286515,7.68,-7.760453658570174,37.3
20260,"Duluth, MN-WI Metro Area",211,0.3635067005343042,70.7,-3.534998975228271,73.62
14660,"Brainerd, MN Micro Area",205,-0.047181948318497265,57.62,-3.751038048703079,71.46
22020,"Fargo, ND-MN Metro Area",234,0.632233745498571,77.19,-1.134776972650779,83.46
40340,"Rochester, MN Metro Area",148,0.1894884869868589,65.41,-8.025881258582151,34.16
10820,"Alexandria, MN Micro Area",184,-0.171192192949675,52.54,-4.128252048885255,68.65
10660,"Albert Lea, MN Micro Area",137,-1.073488211408777,8.86,-5.8376326090592165,55.68
39860,"Red Wing, MN Micro Area",159,-0.5038076594684668,37.41,-5.6744452274917,57.19
29100,"La Crosse-Onalaska, WI-MN Metro Area",191,-0.011800242387211807,59.14,-4.476137247838202,66.59
24330,"Grand Rapids, MN Micro Area",157,-0.3457389276013302,44.32,-7.777776522110328,37.08
48820,"Willmar, MN Micro Area",142,-0.9202284310246482,16.32,-6.450069015044281,50.27
32140,"Marshall, MN Micro Area",114,-1.1609398309649333,7.03,-8.021443104634619,34.27
26780,"Hutchinson, MN Micro Area",150,-0.594897450735663,31.78,-6.075390856831735,53.62
21860,"Fairmont, MN Micro Area",115,-1.1773987878101146,6.38,-8.686862976240256,27.35
12380,"Austin, MN Micro Area",117,-0.8693250034070615,18.16,-8.375463271124442,31.46
49380,"Worthington, MN Micro Area",89,-1.352063580413378,2.59,-9.611228322359096,17.84
22260,"Fergus Falls, MN Micro Area",179,-0.6944143616696815,27.46,-0.7513278373098423,85.08
24220,"Grand Forks, ND-MN Metro Area",175,-0.06748116163196514,56.32,-3.1797652546373234,75.35
22060,"Faribault-Northfield, MN Micro Area",135,0.020940687837085987,60.54,-8.50214391294833,29.62
43620,"Sioux Falls, SD-MN Metro Area",239,0.39943987258352026,72,2.2347885212926517,91.57
36940,"Owatonna, MN Micro Area",135,-0.5494332638515006,34.38,-7.53617317403703,39.78
47420,"Wahpeton, ND-MN Micro Area",112,-1.4484690268209166,1.84,-7.2923538913745505,42.16
49100,"Winona, MN Micro Area",155,-0.24493135830778207,49.19,-4.789991163643792,64.97
18420,"Corinth, MS Micro Area",136,-0.822504555474609,20.76,-8.215782579278967,32.32
17380,"Cleveland, MS Micro Area",120,-1.0005088022724884,11.57,-7.598489009615638,39.35
24900,"Greenwood, MS Micro Area",123,-1.233876668879912,5.08,-7.052679975503665,44.97
32940,"Meridian, MS Micro Area",176,-0.6009723659100008,31.68,-2.8068518757046856,77.3
17260,"Clarksdale, MS Micro Area",113,-0.580455765399167,32.65,-7.853673135948919,36.43
27140,"Jackson, MS Metro Area",230,-0.05004807593643757,57.3,5.484629701820202,95.35
25620,"Hattiesburg, MS Metro Area",173,-0.5663143411412218,33.3,-5.010274658949388,63.14
24980,"Grenada, MS Micro Area",127,-1.067175600077828,9.08,-8.074045417790474,33.62
25060,"Gulfport-Biloxi, MS Metro Area",171,0.3684856797110657,70.92,-7.560191687329082,39.57
46180,"Tupelo, MS Micro Area",190,-0.5700910307811375,32.97,0.16985125246505461,87.89
29860,"Laurel, MS Micro Area",128,-1.576799295404779,0.86,-6.211340148659512,52.22
37060,"Oxford, MS Micro Area",147,0.4332692292044912,73.3,-8.507822526060327,29.51
15020,"Brookhaven, MS Micro Area",128,-1.240072772237369,4.76,-8.287469464743516,32
18060,"Columbus, MS Micro Area",176,-0.831659922393248,20.43,-0.7335120995123403,85.19
44260,"Starkville, MS Micro Area",110,-0.30271857282546355,46.59,-9.181375068799317,21.62
38100,"Picayune, MS Micro Area",154,-0.7865171380815282,22.49,-5.491417134262169,59.24
32620,"McComb, MS Micro Area",141,-1.4543025020128166,1.73,-5.551932487643451,58.59
46980,"Vicksburg, MS Micro Area",116,-0.6279889368054323,30.7,-9.530335400167003,18.38
24740,"Greenville, MS Micro Area",150,-1.1239439947230556,7.89,-3.9573811009987847,70.05
28860,"Kirksville, MO Micro Area",125,-0.8628507473661885,18.49,-8.708751343224092,27.03
33020,"Mexico, MO Micro Area",134,-1.0390515115620658,9.84,-6.796622385336707,47.35
17860,"Columbia, MO Metro Area",183,0.48370996448633796,74.59,-5.35499530228936,60.97
38740,"Poplar Bluff, MO Micro Area",147,-0.9027227225207564,16.86,-7.277052253744076,42.49
27620,"Jefferson City, MO Metro Area",172,-0.3805149354962715,42.59,-2.631651896859203,78.38
44180,"Springfield, MO Metro Area",250,0.23251808638651386,67.14,3.7517020330494244,93.84
28380,"Kennett, MO Micro Area",101,-1.011079100608275,11.46,-9.388291987295002,19.68
48460,"West Plains, MO Micro Area",175,-0.8210277991233622,20.97,-0.23077821835116816,86.92
47660,"Warrensburg, MO Micro Area",97,-1.0264576131317857,10.49,-10.036612878294337,14.05
30060,"Lebanon, MO Micro Area",132,-1.0223569764780598,10.81,-8.822078178427317,25.84
25300,"Hannibal, MO Micro Area",160,-0.9991124007250312,11.68,-3.2508936955890744,75.03
43460,"Sikeston, MO Micro Area",148,-0.9222604663997817,16.11,-3.955402633745434,70.16
32340,"Maryville, MO Micro Area",103,-1.359009287037879,2.49,-10.26534948794424,12.54
42740,"Sedalia, MO Micro Area",151,-0.9382461123855138,15.78,-5.213259965140523,61.41
40620,"Rolla, MO Micro Area",137,-0.40592680373229945,41.84,-9.19051123975193,21.51
22780,"Fort Leonard Wood, MO Micro Area",67,-0.5683375913774666,33.19,-9.969945517768151,14.7
33620,"Moberly, MO Micro Area",117,-1.484791007526819,1.41,-8.670394550038942,27.46
22100,"Farmington, MO Micro Area",155,-0.6917594409996527,27.57,-5.540030105731888,58.81
32180,"Marshall, MO Micro Area",98,-1.5696438990281034,0.97,-8.945065310823473,24.11
14700,"Branson, MO Micro Area",147,1.5312279568879485,91.68,-10.972137295689777,9.95
25740,"Helena, MT Metro Area",213,0.8824795475139238,80.65,-8.769816610130016,26.05
13740,"Billings, MT Metro Area",273,0.17157959608988957,64.86,6.923326646312475,97.08
24500,"Great Falls, MT Metro Area",194,0.05299957864767005,61.41,-4.571084831094718,65.95
28060,"Kalispell, MT Micro Area",265,1.274905855835455,87.68,-11.8878827124503,7.24
14580,"Bozeman, MT Metro Area",278,1.8586307414366563,94.59,-18.841987280944263,1.95
33540,"Missoula, MT Metro Area",273,1.1588096518042956,86.27,-9.06736401659553,22.7
15580,"Butte-Silver Bow, MT Micro Area",178,0.020826245291956084,60.43,-6.924841882920354,45.95
25580,"Hastings, NE Micro Area",156,-1.2209215001226907,5.62,-3.0831252203439536,75.78
42420,"Scottsbluff, NE Micro Area",156,-0.8905045663383031,17.19,-4.979223369822154,63.57
28260,"Kearney, NE Micro Area",177,-0.4393825425326655,40.76,-3.5327615258904106,73.84
18100,"Columbus, NE Micro Area",142,-1.0299719964528156,10.27,-4.150839598845701,68.43
30420,"Lexington, NE Micro Area",97,-1.7333532979540995,0.43,-8.714443193808837,26.81
23340,"Fremont, NE Micro Area",147,-0.9727774967084922,13.73,-5.660778849645868,57.51
13100,"Beatrice, NE Micro Area",130,-1.2326549707164671,5.19,-6.696515824454824,48.43
24260,"Grand Island, NE Metro Area",178,-0.7999111710860819,21.51,-1.2061562924594034,83.24
30700,"Lincoln, NE Metro Area",228,0.7803145487096217,79.57,-2.2464872275716825,80.11
35820,"North Platte, NE Micro Area",148,-0.7050475303430007,26.59,-7.262930517347536,42.59
35740,"Norfolk, NE Micro Area",179,-0.6710033559331499,28.54,-0.5226342203798144,85.73
21980,"Fallon, NV Micro Area",117,-0.3342174946892217,44.76,-9.235900708328142,20.97
29820,"Las Vegas-Henderson-North Las Vegas, NV Metro Area",234,2.3886412995620265,97.84,-16.201338294529283,2.7
21220,"Elko, NV Micro Area",128,-0.5847800328972028,32.54,-9.447625902756606,19.03
49080,"Winnemucca, NV Micro Area",93,-1.2195907497139196,5.73,-11.107528529289155,9.3
39900,"Reno, NV Metro Area",284,1.261356257496549,87.46,-5.37562659218562,60.54
37220,"Pahrump, NV Micro Area",147,0.3499376892842565,70.59,-8.56239409279563,28.97
16180,"Carson City, NV Metro Area",171,0.6339751959843317,77.3,-6.66658242052302,48.65
29060,"Laconia, NH Micro Area",200,0.6869911348437386,78.49,-9.045406422792265,23.03
28300,"Keene, NH Micro Area",203,0.5323648804442287,75.14,-7.118386081417124,44.11
30150,"Lebanon-Claremont, NH-VT Micro Area",218,1.1010494861553661,84.65,-8.215780040373495,32.43
31700,"Manchester-Nashua, NH Metro Area",276,1.7110670287436318,93.19,-11.534856002840026,8
18180,"Concord, NH Micro Area",237,1.0034883206316607,82.7,-5.920635438186381,55.24
12100,"Atlantic City-Hammonton, NJ Metro Area",184,1.1245751685225338,85.08,-9.647090633337614,17.73
35620,"New York-Newark-Jersey City, NY-NJ Metro Area",289,3.482811099307892,99.57,-35.55432163262814,0.65
47220,"Vineland, NJ Metro Area",183,-0.15414408521773296,53.08,-2.560027059696171,78.81
45940,"Trenton-Princeton, NJ Metro Area",166,2.762185432175008,98.7,-3.846696799896459,70.7
10900,"Allentown-Bethlehem-Easton, PA-NJ Metro Area",274,0.8902452991076029,80.86,3.3279361909034693,92.97
10740,"Albuquerque, NM Metro Area",231,1.5244316336910217,91.57,-10.310373804386634,12.32
40740,"Roswell, NM Micro Area",160,-0.6171413494887329,30.81,-3.638228877859718,72.54
17580,"Clovis, NM Micro Area",123,-1.066491744998197,9.19,-7.3033145052567985,41.95
29740,"Las Cruces, NM Metro Area",187,0.4489119112376093,73.95,-5.128165159324332,62.05
16100,"Carlsbad-Artesia, NM Micro Area",150,-0.7441141185460814,24.54,-3.4388492603857164,74.27
43500,"Silver City, NM Micro Area",116,-0.3241249069447336,45.3,-9.762103416919235,16.54
26020,"Hobbs, NM Micro Area",107,-1.2366471903700254,4.97,-8.446181171853274,30.7
40760,"Ruidoso, NM Micro Area",156,0.6346294598946592,77.41,-11.189395347581325,8.97
31060,"Los Alamos, NM Micro Area",27,2.350207447244529,97.62,-0.09707539187220038,87.78
19700,"Deming, NM Micro Area",103,-0.8866993911021274,17.62,-9.566123026393843,18.05
23700,"Gallup, NM Micro Area",126,-0.4527716365635125,39.57,-9.92712656746876,14.92
29780,"Las Vegas, NM Micro Area",108,-0.10792793287642895,55.03,-9.902650811356954,15.24
10460,"Alamogordo, NM Micro Area",107,-0.09492703280593941,55.68,-10.243194731559255,12.65
21580,"Española, NM Micro Area",113,0.18106655482658074,64.97,-8.869174517819221,24.86
22140,"Farmington, NM Metro Area",170,-0.7606459329860124,23.68,-2.92569593495018,76.65
42140,"Santa Fe, NM Metro Area",204,2.0374994579670958,95.78,-16.39822083585929,2.38
45340,"Taos, NM Micro Area",169,1.114270379620037,84.86,-11.438159589912553,8.43
10580,"Albany-Schenectady-Troy, NY Metro Area",225,1.386780718212685,89.51,-7.06462947643703,44.65
13780,"Binghamton, NY Metro Area",194,0.6372813088565155,77.51,-5.103920634535958,62.27
36460,"Olean, NY Micro Area",144,-0.5586306305906805,33.84,-8.798513909744456,25.95
12180,"Auburn, NY Micro Area",161,-0.23840134250566228,49.51,-5.467391647714208,59.78
27460,"Jamestown-Dunkirk, NY Micro Area",190,-0.1689228862321549,52.76,-2.175664687633052,80.43
21300,"Elmira, NY Metro Area",190,-0.01045460881465729,59.24,-3.834742133211945,70.81
38460,"Plattsburgh, NY Micro Area",159,0.2608575479058927,67.89,-5.919268326154071,55.35
26460,"Hudson, NY Micro Area",186,0.9828506447467726,82.05,-8.064349848605612,33.73
18660,"Cortland, NY Micro Area",137,-0.1450977717100818,53.73,-8.544996828466035,29.19
28880,"Kiryas Joel-Poughkeepsie-Newburgh, NY Metro Area",260,1.1240926523163546,84.97,-6.382077654827052,51.03
15380,"Buffalo-Cheektowaga, NY Metro Area",294,1.1380636936012736,85.73,0.649332875549812,89.19
24100,"Gloversville, NY Micro Area",139,-0.037610400600960596,58.05,-8.888606412794925,24.76
12860,"Batavia, NY Micro Area",166,-0.2490635957843069,48.97,-4.866890259132951,64.22
46540,"Utica-Rome, NY Metro Area",222,0.37986631551912886,71.35,1.0063973957967591,89.84
48060,"Watertown-Fort Drum, NY Metro Area",125,-0.2440279213836757,49.41,-9.26979132435773,20.22
40380,"Rochester, NY Metro Area",245,1.495898967907097,91.24,-5.554612431495716,58.49
45060,"Syracuse, NY Metro Area",250,1.0241506562256653,83.35,-2.3135626777416176,79.57
11220,"Amsterdam, NY Micro Area",123,-0.22397067451643893,50.27,-8.833078088633966,25.62
36580,"Oneonta, NY Micro Area",138,0.22421022290746515,66.81,-9.804459916079082,16.32
32390,"Massena-Ogdensburg, NY Micro Area",136,-0.544651143912472,35.03,-8.44386415187373,30.81
42900,"Seneca Falls, NY Micro Area",130,-0.4645044476358234,38.7,-7.50500436822501,40.54
18500,"Corning, NY Micro Area",132,-0.12676028542451923,54.16,-8.421971973239646,31.24
33910,"Monticello, NY Micro Area",136,0.3426691101667349,70.38,-7.820815618496327,36.76
27060,"Ithaca, NY Metro Area",137,1.716575245180964,93.3,-8.040409723369017,33.95
28740,"Kingston, NY Metro Area",244,1.3507211675924768,89.08,-11.883841233212996,7.35
24020,"Glens Falls, NY Metro Area",190,0.4432417533167423,73.73,-6.567888915858317,49.51
15500,"Burlington, NC Metro Area",198,0.15975715506368734,64.54,-3.7169570213539815,71.68
25860,"Hickory-Lenoir-Morganton, NC Metro Area",231,0.2696070590897822,68.22,3.8875880006669927,94.05
16740,"Charlotte-Concord-Gastonia, NC-SC Metro Area",349,1.4155052922927724,89.95,-0.1838154975955636,87.35
47820,"Washington, NC Micro Area",155,-0.5118008358032218,36.97,-5.620227237884208,57.95
48900,"Wilmington, NC Metro Area",263,1.2564552668560762,87.35,-10.378061777832974,11.89
11700,"Asheville, NC Metro Area",286,1.3273474079258298,88.86,-10.299594983609907,12.43
47260,"Virginia Beach-Chesapeake-Norfolk, VA-NC Metro Area",208,1.2718491581775355,87.57,-7.561680843019314,39.46
33980,"Morehead City, NC Micro Area",189,1.1256644713642834,85.3,-12.856572943301998,5.3
20500,"Durham-Chapel Hill, NC Metro Area",161,2.981942482630396,98.92,-3.80374160441648,71.14
43140,"Shelby-Kings Mountain, NC Micro Area",167,-0.28968856766355017,47.14,-3.873255998143147,70.59
35100,"New Bern, NC Micro Area",143,0.09652062456528217,62.81,-8.225607178010968,32.22
22180,"Fayetteville, NC Metro Area",108,0.20849328776414003,66.16,-6.5686161850963884,49.41
28620,"Kill Devil Hills, NC Micro Area",156,1.4612434334659812,90.49,-13.1128860062699,4.86
49180,"Winston-Salem, NC Metro Area",270,0.6035574485449782,76.76,4.896162801440461,94.92
40580,"Rocky Mount, NC Metro Area",173,-0.44389440567977206,40.43,-1.0788045068440169,83.68
39580,"Raleigh-Cary, NC Metro Area",278,2.2069978143748155,97.08,-18.64280049748305,2.05
24660,"Greensboro-High Point, NC Metro Area",295,0.5835216305019603,76.22,9.731719244691138,98.59
40260,"Roanoke Rapids, NC Micro Area",145,-0.9825250402446024,12.86,-6.050450723455388,54.05
11360,"Anderson Creek, NC Micro Area",161,-0.21235202347288518,50.92,-6.729788910347434,48.22
48200,"Waynesville, NC Micro Area",179,0.2995754070785514,68.76,-9.423097290888123,19.46
41820,"Sanford, NC Micro Area",144,-0.1675024469034103,52.86,-7.208645177325092,43.68
28820,"Kinston, NC Micro Area",123,-0.45100952728054766,39.78,-6.994274555463985,45.51
32000,"Marion, NC Micro Area",126,-0.6020539268172116,31.57,-8.997937350234178,23.35
38240,"Pinehurst-Southern Pines, NC Metro Area",182,0.9000527970660677,80.97,-9.174697181598113,21.84
27340,"Jacksonville, NC Metro Area",90,1.0110501396521943,82.92,-7.82793318055275,36.65
21020,"Elizabeth City, NC Micro Area",123,-0.11036088549787577,54.81,-10.861666329859245,10.27
24780,"Greenville, NC Metro Area",158,0.26566104536003066,68.11,-6.776102496655686,47.78
40460,"Rockingham, NC Micro Area",130,-0.4275546032523689,41.08,-7.744345245440974,37.84
31300,"Lumberton, NC Micro Area",148,-0.7998732219879618,21.62,-5.661070752823186,57.41
22580,"Forest City, NC Micro Area",171,-0.24644357837412503,49.08,-5.049750126433731,62.92
29900,"Laurinburg, NC Micro Area",111,-1.1267015583216875,7.78,-9.870694926573195,15.78
10620,"Albemarle, NC Micro Area",173,-0.5290533862531379,36,-3.7086139691636637,71.89
34340,"Mount Airy, NC Micro Area",159,-0.6430590029217569,29.62,-5.644704618288651,57.62
14820,"Brevard, NC Micro Area",143,1.14826939101592,86.05,-11.399803321701556,8.76
25780,"Henderson, NC Micro Area",131,-0.44749049226095794,40,-8.631740615668207,28
14380,"Boone, NC Micro Area",144,1.2869511151723205,88.11,-12.702268391932272,5.84
24140,"Goldsboro, NC Metro Area",158,-0.445140647585148,40.32,-5.154569907245361,61.84
35900,"North Wilkesboro, NC Micro Area",147,-0.6032104323990463,31.46,-7.828471628467226,36.54
48980,"Wilson, NC Micro Area",162,-0.37758379724642416,42.81,-4.806030590057487,64.76
19860,"Dickinson, ND Micro Area",159,-0.8646598134199238,18.27,-2.3338835670499196,79.46
13900,"Bismarck, ND Metro Area",221,-0.08825491191642959,55.89,2.155896626486473,91.46
33500,"Minot, ND Metro Area",167,-0.47654846775029763,38.38,-4.790614975067456,64.86
27420,"Jamestown, ND Micro Area",120,-1.2810876650436422,3.35,-8.019793702570274,34.38
48780,"Williston, ND Micro Area",124,-1.0375146670041964,9.95,-6.375658828768978,51.14
30620,"Lima, OH Metro Area",208,-0.17891722067393848,52.22,0.5727340770925791,88.76
11740,"Ashland, OH Micro Area",156,-0.4143489997878144,41.3,-6.030796474302948,54.38
17410,"Cleveland, OH Metro Area",334,1.1679402000541597,86.59,6.944547974745433,97.19
11900,"Athens, OH Micro Area",115,0.3280176083863395,69.62,-8.95804731529864,23.78
47540,"Wapakoneta, OH Micro Area",137,-0.5248608929253261,36.22,-7.530877894213215,40.11
48540,"Wheeling, WV-OH Metro Area",192,-0.23639855240858515,49.62,-0.8228764692205529,84.76
15940,"Canton-Massillon, OH Metro Area",291,-0.01776664443996973,58.81,16.098106808724875,100
46500,"Urbana, OH Micro Area",124,-0.9967159058557574,11.89,-8.658384807186096,27.68
44220,"Springfield, OH Metro Area",172,-0.5069574820108818,37.3,-3.533151726469775,73.73
48940,"Wilmington, OH Micro Area",115,-0.17727026395606926,52.32,-7.532977104545462,40
41400,"Salem, OH Micro Area",207,-0.6063368485028369,31.35,4.562837210884675,94.49
18740,"Coshocton, OH Micro Area",160,-0.6663601584020757,29.08,-3.6714464509182245,72.32
15340,"Bucyrus, OH Micro Area",157,-1.1338999840615542,7.46,-4.271772042982959,68
24820,"Greenville, OH Micro Area",164,-0.9465699031508386,14.81,-3.037725501910568,76
19580,"Defiance, OH Micro Area",138,-0.7896537883897944,22.38,-7.889481995877262,36.11
18140,"Columbus, OH Metro Area",251,1.4608421465300108,90.38,-1.9477219123327805,81.41
41780,"Sandusky, OH Metro Area",184,0.25948727841561914,67.78,-4.347997860507684,67.35
47920,"Washington Court House, OH Micro Area",122,-0.728102609109118,25.62,-7.9486689961512305,35.68
45780,"Toledo, OH Metro Area",273,0.13822878612061373,64.43,11.403955751665274,99.24
23680,"Gallipolis, OH Micro Area",104,-0.8452720888548418,19.35,-9.702453163617674,17.51
19430,"Dayton-Kettering-Beavercreek, OH Metro Area",252,0.82145487983006,80.11,1.1203566430805365,90.05
15740,"Cambridge, OH Micro Area",141,-0.9686323400065664,14.05,-6.831433866635231,46.81
22300,"Findlay, OH Micro Area",150,-0.8215812778601703,20.86,-4.990407137058372,63.46
35940,"Norwalk, OH Micro Area",148,-0.7544533952867516,24,-5.813460933184645,55.78
48260,"Weirton-Steubenville, WV-OH Metro Area",179,-0.23528311504681665,49.73,-2.6587568748618495,78.27
34540,"Mount Vernon, OH Micro Area",166,-0.8403021654828601,19.68,-4.382034714807021,67.24
13340,"Bellefontaine, OH Micro Area",127,-0.4815996754971915,38.05,-7.989781687830536,34.92
49660,"Youngstown-Warren, OH Metro Area",275,0.07578256308457569,62.27,10.122128498018533,98.7
32020,"Marion, OH Micro Area",132,-0.7093554471850448,26.27,-8.343586256788516,31.57
16380,"Celina, OH Micro Area",135,-1.1338648647214902,7.57,-6.842699381733976,46.7
49780,"Zanesville, OH Micro Area",171,-0.9769911705988799,13.41,-2.7424254710395424,77.51
10420,"Akron, OH Metro Area",294,0.590058079061841,76.32,8.779352628782348,98.38
31900,"Mansfield, OH Metro Area",200,-0.34601160135183856,44.22,-0.5005620161905323,85.95
17060,"Chillicothe, OH Micro Area",137,-0.5556874389225983,34.05,-9.158727932482773,22.05
23380,"Fremont, OH Micro Area",148,-0.782148790366166,22.81,-6.16157132314942,52.54
39020,"Portsmouth, OH Micro Area",130,-0.608253091748695,31.14,-8.840762065132168,25.3
45660,"Tiffin, OH Micro Area",149,-0.547162166075799,34.7,-5.476286659273014,59.35
43380,"Sidney, OH Micro Area",119,-1.034142395134144,10.05,-7.2426238841607695,42.81
35420,"New Philadelphia-Dover, OH Micro Area",249,-0.7646495261973598,23.35,14.364342302758608,99.78
46780,"Van Wert, OH Micro Area",117,-1.2702025511632997,3.89,-8.484831821867262,29.95
31930,"Marietta, OH Micro Area",160,-0.5644955348725893,33.62,-4.308992859850287,67.68
49300,"Wooster, OH Micro Area",222,-0.6360739050564864,29.95,8.654468276243312,98.16
21120,"Elk City, OK Micro Area",101,-1.5785869535524868,0.76,-9.713581890070639,17.3
20460,"Durant, OK Micro Area",123,-0.9951252751875098,12.11,-7.9595384261755004,35.46
36420,"Oklahoma City, OK Metro Area",261,0.5667797000447529,75.68,5.517040071951349,95.46
11620,"Ardmore, OK Micro Area",161,-0.42147426137676947,41.19,-4.088217894254326,69.51
45140,"Tahlequah, OK Micro Area",82,-0.972496041204077,13.84,-10.00479558521579,14.38
30020,"Lawton, OK Metro Area",117,-0.3006992228654529,46.7,-8.706985981024475,27.14
46140,"Tulsa, OK Metro Area",300,0.6826583181406468,78.16,8.67510170143704,98.27
48220,"Weatherford, OK Micro Area",141,-1.2250403216806431,5.41,-4.339495807581276,67.57
21420,"Enid, OK Metro Area",163,-0.47280216372519845,38.49,-4.059511201832362,69.62
11060,"Altus, OK Micro Area",89,-1.2675412190960382,4,-9.89626149954199,15.57
38620,"Ponca City, OK Micro Area",142,-1.3361047407167128,3.03,-4.2705775993769794,68.11
34780,"Muskogee, OK Micro Area",151,-0.8406329782468541,19.57,-5.075948963395705,62.7
33060,"Miami, OK Micro Area",115,-0.833425428430208,20.22,-9.142881728008192,22.27
44660,"Stillwater, OK Micro Area",141,-0.15230192740246506,53.3,-7.277427518091655,42.38
32540,"McAlester, OK Micro Area",134,-0.990474619841921,12.32,-6.532332556062158,49.73
10220,"Ada, OK Micro Area",115,-0.3762718016524762,42.92,-7.209649397106869,43.57
43060,"Shawnee, OK Micro Area",155,-0.6372280338954465,29.84,-5.712750825105331,56.54
20340,"Duncan, OK Micro Area",135,-1.145780343900647,7.24,-5.591304335196937,58.05
25100,"Guymon, OK Micro Area",79,-1.803601052832926,0.32,-9.819707559948792,16.22
12780,"Bartlesville, OK Micro Area",144,-0.2753205269995525,47.68,-7.079602993475147,44.32
49260,"Woodward, OK Micro Area",136,-1.243164232038784,4.54,-4.6844935281207185,65.51
12520,"Baker City, OR Micro Area",140,-0.0049325898790930295,59.46,-8.20879548769607,32.54
18700,"Corvallis, OR Metro Area",151,1.279590345769376,87.78,-8.573998157558519,28.65
38900,"Portland-Vancouver-Hillsboro, OR-WA Metro Area",357,2.110445220677162,96.11,-23.136739738234986,1.41
11820,"Astoria, OR Micro Area",161,1.0377465993896973,83.57,-12.714265643844485,5.73
18300,"Coos Bay-North Bend, OR Micro Area",178,0.32889217098049195,69.73,-7.646822890037397,38.59
13460,"Bend, OR Metro Area",281,1.351773410351544,89.19,-11.866231262963995,7.57
15060,"Brookings, OR Micro Area",153,0.6439077214199741,77.62,-10.894725407399978,10.05
40700,"Roseburg, OR Micro Area",181,-0.2954016280543427,46.92,-4.6972575418958185,65.41
26220,"Hood River, OR Micro Area",137,1.056218583257294,83.68,-10.315568228974367,12.22
32780,"Medford, OR Metro Area",271,0.6818383306141684,78.05,-2.246668401921206,80
24420,"Grants Pass, OR Metro Area",195,0.41985556395216,72.76,-8.003012242564992,34.81
28900,"Klamath Falls, OR Micro Area",184,-0.33359822044354137,44.86,-3.5969849007033985,72.97
21660,"Eugene-Springfield, OR Metro Area",279,1.0110505733637396,83.03,-4.2799693260483735,67.89
35440,"Newport, OR Micro Area",146,1.1600876997340979,86.38,-12.31058537303639,6.81
10540,"Albany, OR Metro Area",195,-0.3483492043352142,44,-0.20206149588288302,87.14
41420,"Salem, OR Metro Area",216,0.39889476716482775,71.89,-2.0233646015484563,80.97
25840,"Hermiston-Pendleton, OR Micro Area",141,-0.7675189600123278,23.03,-4.4941170487010025,66.38
29260,"La Grande, OR Micro Area",144,-0.5233931679554267,36.43,-7.987834050177604,35.03
45520,"The Dalles, OR Micro Area",132,-0.3235789609711132,45.62,-10.00861230531927,14.27
23900,"Gettysburg, PA Metro Area",187,0.021375028595209403,60.65,-4.786630725053185,65.08
38300,"Pittsburgh, PA Metro Area",319,0.8331195301915372,80.22,7.654316816411203,97.73
39740,"Reading, PA Metro Area",265,0.3831760312385123,71.57,5.820253931532111,95.78
11020,"Altoona, PA Metro Area",215,-0.20856336884747032,51.24,1.9296767370365422,91.14
42380,"Sayre, PA Micro Area",146,-0.8746324837835019,18.05,-6.360771389587218,51.24
27780,"Johnstown, PA Metro Area",204,-0.10219876645308143,55.24,-0.1832290393792554,87.46
44300,"State College, PA Metro Area",146,0.9162775865988841,81.3,-8.473645220036884,30.16
20180,"DuBois, PA Micro Area",170,-0.8598434435346971,18.59,-3.1490481771849708,75.68
30820,"Lock Haven, PA Micro Area",145,-0.5700527872237693,33.08,-7.440902747986237,40.97
14100,"Bloomsburg-Berwick, PA Micro Area",159,-0.32396709704621457,45.51,-6.0035680653844645,54.7
32740,"Meadville, PA Micro Area",198,-0.3876294108768159,42.38,0.6210392844954936,88.97
25420,"Harrisburg-Carlisle, PA Metro Area",205,1.0703747451300536,84.11,-4.549434945858535,66.05
41260,"St. Marys, PA Micro Area",128,-0.7285686330408921,25.51,-8.20077281308365,32.65
21500,"Erie, PA Metro Area",228,0.39261999500011857,71.68,-0.9782439956867114,84.22
16540,"Chambersburg, PA Metro Area",190,-0.5856999360857994,32.43,-0.8281658226134009,84.65
26500,"Huntingdon, PA Micro Area",133,-0.8781234180920423,17.84,-8.194118577919966,32.76
26860,"Indiana, PA Micro Area",180,-0.7055087803623232,26.49,-2.298266398820749,79.78
42540,"Scranton--Wilkes-Barre, PA Metro Area",261,0.24897829482082362,67.57,7.243831045659172,97.41
29540,"Lancaster, PA Metro Area",329,0.48743326289951466,74.7,14.646123463857153,99.89
30140,"Lebanon, PA Metro Area",198,-0.4795796859113564,38.16,0.25875483538944544,88.22
48700,"Williamsport, PA Metro Area",218,-0.14580444090501887,53.62,2.6411179468468466,92
14620,"Bradford, PA Micro Area",139,-0.9447243087868651,15.03,-7.7234742500143865,38.16
25850,"Hermitage, PA Micro Area",195,-0.400858889418149,42.16,-1.255391160550763,83.03
30380,"Lewistown, PA Micro Area",168,-0.9750620618896819,13.51,-2.9852464439730606,76.32
20700,"East Stroudsburg, PA Micro Area",171,0.5685203628205376,76,-9.268739420976331,20.43
44980,"Sunbury, PA Micro Area",173,-0.22010536038890843,50.49,-2.8785106448264273,76.97
25770,"Hemlock Farms, PA Micro Area",136,0.40914699114870906,72.32,-10.14608768768026,13.3
39060,"Pottsville, PA Micro Area",199,-0.48777063752022454,37.73,1.2045992918456578,90.16
42780,"Selinsgrove, PA Micro Area",150,-0.7853736014535253,22.59,-7.1875443365586404,43.89
43740,"Somerset, PA Micro Area",198,-0.5648813791802656,33.51,1.6468654431002288,90.7
30260,"Lewisburg, PA Micro Area",122,-0.4139642878351365,41.41,-10.444074039298728,11.57
36340,"Oil City, PA Micro Area",174,-0.379125552664772,42.7,-4.249262187567921,68.22
47620,"Warren, PA Micro Area",137,-0.9098665235104267,16.65,-6.322308667930739,51.46
49620,"York-Hanover, PA Metro Area",270,0.31264656662821544,69.41,6.1064342451343245,96
24940,"Greenwood, SC Micro Area",163,-0.254789251167539,48.54,-5.681438426507607,57.08
24860,"Greenville-Anderson-Greer, SC Metro Area",286,0.6232154812098708,77.08,7.410413115721535,97.51
25940,"Hilton Head Island-Bluffton-Port Royal, SC Metro Area",199,1.670912830645317,92.54,-13.843062374185898,4.32
16700,"Charleston-North Charleston, SC Metro Area",302,1.6118834298157865,92.11,-11.402004643911896,8.65
17900,"Columbia, SC Metro Area",276,0.7860496272020716,79.78,4.725092943904884,94.7
23500,"Gaffney, SC Micro Area",148,-0.22577644757047893,50.16,-6.0945200092868275,53.19
22500,"Florence, SC Metro Area",188,-0.2746752203195495,47.78,-0.48181685335712254,86.16
34680,"Murrells Inlet, SC Micro Area",162,0.7172979261901381,79.03,-8.248955889603506,32.11
34820,"Myrtle Beach-Conway-North Myrtle Beach, SC Metro Area",235,1.4262990656716046,90.05,-12.509176408909749,6.38
35140,"Newberry, SC Micro Area",119,-0.7489822261292974,24.22,-7.609101525874549,39.24
42860,"Seneca, SC Micro Area",179,0.37725450070783906,71.14,-5.526685473965221,58.92
36700,"Orangeburg, SC Micro Area",162,-0.7430145738798755,24.76,-3.3037258244260452,74.49
43900,"Spartanburg, SC Metro Area",245,0.13246024505436824,63.89,7.242844131111993,97.3
44940,"Sumter, SC Metro Area",152,-0.26628935872526327,48,-6.868581231030008,46.38
26700,"Huron, SD Micro Area",123,-1.2577962339631061,4.22,-7.218843004602644,43.24
15100,"Brookings, SD Micro Area",129,-0.12826773981507036,53.95,-7.028918688872035,45.19
10100,"Aberdeen, SD Micro Area",173,-0.6968005844062848,27.35,-1.6379557245922067,82.05
46820,"Vermillion, SD Micro Area",77,-0.2500856648302687,48.86,-10.011969985166708,14.16
47980,"Watertown, SD Micro Area",170,-0.5447540432352661,34.92,-2.5896095290722205,78.49
39660,"Rapid City, SD Metro Area",246,0.38220290640095117,71.46,-0.9076529222881673,84.32
33580,"Mitchell, SD Micro Area",154,-0.45105497657052684,39.68,-5.560093781020697,58.38
38180,"Pierre, SD Micro Area",129,-0.18517165295682775,51.89,-7.750610294861732,37.62
43940,"Spearfish, SD Micro Area",166,0.4335031811738294,73.41,-8.746865017727707,26.27
49460,"Yankton, SD Micro Area",142,-0.5733741298420214,32.76,-6.09292324322002,53.3
28940,"Knoxville, TN Metro Area",270,0.8394262965730462,80.32,0.4106020999364312,88.65
43180,"Shelbyville, TN Micro Area",136,-0.6513419254665481,29.41,-7.142769740016104,44
17420,"Cleveland, TN Metro Area",197,0.08789081707717876,62.38,-3.6660400026275344,72.43
34980,"Nashville-Davidson--Murfreesboro--Franklin, TN Metro Area",328,1.8977977820106329,94.92,-12.42782061211747,6.49
27740,"Johnson City, TN Metro Area",191,0.29595788853394583,68.54,-5.700497285030361,56.76
27180,"Jackson, TN Metro Area",211,-0.45655857101076697,39.24,3.5558740761735446,93.51
35460,"Newport, TN Micro Area",118,-0.5083927678957473,37.19,-10.088677056616696,13.62
46100,"Tullahoma-Manchester, TN Micro Area",145,-0.024227060253634268,58.59,-6.5255064288457945,49.84
18900,"Crossville, TN Micro Area",165,-0.05826110979850886,56.65,-5.632593400304106,57.73
20540,"Dyersburg, TN Micro Area",117,-1.1734879268284801,6.59,-7.5188175254863925,40.22
49010,"Winchester, TN Micro Area",131,-0.6343651685911952,30.16,-8.615307664429903,28.11
24620,"Greeneville, TN Micro Area",154,-0.8343099238535815,20.11,-4.4077802236225745,67.14
34100,"Morristown, TN Metro Area",186,-0.48309790164023336,37.95,-0.24739325472330714,86.81
28700,"Kingsport-Bristol, TN-VA Metro Area",227,-0.049016155248495834,57.51,3.5065044393958296,93.3
37540,"Paris, TN Micro Area",153,-0.5898629101028935,32.22,-4.533334900431498,66.16
18260,"Cookeville, TN Micro Area",200,-0.3562652468164139,43.68,-0.6875766959175676,85.3
29980,"Lawrenceburg, TN Micro Area",145,-0.9222141557638882,16.22,-6.05584713181277,53.84
22190,"Fayetteville, TN Micro Area",126,-0.7134904812810058,26.16,-8.913283979721474,24.54
11940,"Athens, TN Micro Area",157,-1.0651899799754045,9.3,-3.1575521554904733,75.57
30280,"Lewisburg, TN Micro Area",139,-0.530254829291752,35.89,-6.701789782882006,48.32
46460,"Union City, TN Micro Area",127,-1.1220338408699546,8.11,-6.6818509037283595,48.54
42940,"Sevierville, TN Micro Area",142,1.581625976105571,91.89,-10.429919509430944,11.68
32660,"McMinnville, TN Micro Area",144,-0.7383273549219403,24.86,-5.706852154500892,56.65
32280,"Martin, TN Micro Area",119,-0.7653849107522671,23.14,-7.232328641963701,43.14
37300,"Palestine, TX Micro Area",151,0.2947655699884852,68.43,-3.7472773431767212,71.57
11380,"Andrews, TX Micro Area",85,-0.9522379140475192,14.49,-7.619342388187079,38.92
31260,"Lufkin, TX Micro Area",168,-0.6131746030290482,30.92,-3.6991702780369944,72
18580,"Corpus Christi, TX Metro Area",231,0.22684797246226485,66.92,3.5507228511814706,93.41
48660,"Wichita Falls, TX Metro Area",177,-0.5510081098513074,34.27,-2.1148063237582213,80.65
11100,"Amarillo, TX Metro Area",250,-0.322749797451999,45.73,12.179011435400746,99.46
41700,"San Antonio-New Braunfels, TX Metro Area",251,0.8423373588833524,80.43,0.8130615627025835,89.41
26420,"Houston-Pasadena-The Woodlands, TX Metro Area",335,1.2015847896913026,87.14,6.912288387055791,96.97
12420,"Austin-Round Rock-San Marcos, TX Metro Area",286,3.0984245941801234,99.03,-33.26254210697895,0.86
13300,"Beeville, TX Micro Area",101,-0.7007749101125823,27.03,-8.495648997574522,29.73
28660,"Killeen-Temple, TX Metro Area",150,-0.07771404867895543,56,-6.999682456568983,45.41
47380,"Waco, TX Metro Area",227,0.13017699652842182,63.78,1.7156040945599074,90.92
17780,"College Station-Bryan, TX Metro Area",170,0.33713766599648315,70.16,-4.453873275015619,66.81
10860,"Alice, TX Micro Area",93,-1.3695425120529479,2.38,-9.017548413938401,23.14
15220,"Brownwood, TX Micro Area",142,-0.8349439897724205,19.89,-7.080159483056213,44.22
38920,"Port Lavaca, TX Micro Area",85,-0.10268427719020413,55.14,-7.518338738018086,40.32
10180,"Abilene, TX Metro Area",195,-0.3841928039384691,42.49,0.37393664247996533,88.43
15180,"Brownsville-Harlingen, TX Metro Area",172,0.16408641916488256,64.65,-5.003749479484462,63.24
34420,"Mount Pleasant, TX Micro Area",122,-1.3066272225405504,3.14,-7.060522652584613,44.86
27380,"Jacksonville, TX Micro Area",142,-0.723820574005643,25.95,-5.719646688601765,56.43
31180,"Lubbock, TX Metro Area",229,-0.049963041431551725,57.41,4.059971218109554,94.16
19100,"Dallas-Fort Worth-Arlington, TX Metro Area",378,1.8883590814889455,94.81,-12.360864846257105,6.59
23620,"Gainesville, TX Micro Area",144,-0.7589267961423645,23.89,-6.456249088945155,50.16
25820,"Hereford, TX Micro Area",76,-2.040982852119494,0.22,-9.7305188602629,17.08
36220,"Odessa, TX Metro Area",181,-0.4536577872859674,39.46,-0.1184015531018167,87.68
21340,"El Paso, TX Metro Area",206,0.3077575194743293,69.3,-0.6704831902109321,85.41
44500,"Stephenville, TX Micro Area",146,-0.527216492924675,36.11,-5.087923756583975,62.49
14300,"Bonham, TX Micro Area",128,-0.8331829013828732,20.32,-7.243097911592367,42.7
38380,"Plainview, TX Micro Area",119,-1.4768079831842735,1.51,-6.036644864729383,54.16
23240,"Fredericksburg, TX Micro Area",177,0.7137079584794618,78.92,-8.397497328582787,31.35
47020,"Victoria, TX Metro Area",213,-0.5201669506852158,36.76,4.753040508902625,94.81
37420,"Pampa, TX Micro Area",117,-1.2036208182781138,6.05,-7.783952815481254,36.97
43300,"Sherman-Denison, TX Metro Area",201,-0.3186714939843866,45.95,0.9623922558465338,89.62
30980,"Longview, TX Metro Area",241,-0.5376452110045525,35.57,13.155951295622902,99.68
13140,"Beaumont-Port Arthur, TX Metro Area",230,-0.14598786239682887,53.51,6.335255126534369,96.43
11980,"Athens, TX Micro Area",183,-0.5478578313187481,34.59,-1.0830024923001362,83.57
32580,"McAllen-Edinburg-Mission, TX Metro Area",186,-0.09113078103760514,55.78,-2.7873865017276547,77.41
24180,"Granbury, TX Micro Area",200,-0.07297760625785651,56.11,-1.0285724168253936,84.11
44860,"Sulphur Springs, TX Micro Area",149,-0.8065835770697611,21.41,-4.96107529084544,63.68
13700,"Big Spring, TX Micro Area",137,-0.9968489410948929,11.78,-4.576124874706966,65.84
14420,"Borger, TX Micro Area",86,-1.461998026167878,1.62,-9.756130031747114,16.65
41660,"San Angelo, TX Metro Area",199,-0.5211336354819076,36.54,3.410718906798949,93.19
28500,"Kerrville, TX Micro Area",177,0.27154233960693414,68.32,-7.892439261338451,36
28780,"Kingsville, TX Micro Area",110,-0.9776086509771592,13.19,-8.994321557676871,23.46
37580,"Paris, TX Micro Area",155,-0.9872680747296139,12.43,-3.260425156412469,74.81
33260,"Midland, TX Metro Area",152,-0.10886648648251789,54.92,-2.0137132130985247,81.08
13060,"Bay City, TX Micro Area",126,-0.7011934911500337,26.92,-7.3519511477828345,41.41
20580,"Eagle Pass, TX Metro Area",117,-0.4395838670468054,40.65,-7.905678570822141,35.89
20300,"Dumas, TX Micro Area",72,-2.2545150296407166,0.11,-8.646565872499957,27.89
34860,"Nacogdoches, TX Micro Area",149,-0.7439202949527163,24.65,-5.175927727024624,61.62
18620,"Corsicana, TX Micro Area",161,-1.028476227776684,10.38,-3.003300377929492,76.22
45020,"Sweetwater, TX Micro Area",97,-1.249491814476741,4.43,-8.424316761711559,31.14
33420,"Mineral Wells, TX Micro Area",141,-0.2807877507720365,47.57,-6.663387431747936,48.76
45880,"Town of Pecos, TX Micro Area",89,-0.9460907767928193,14.92,-9.223839828084131,21.19
43660,"Snyder, TX Micro Area",91,-1.5423748744528416,1.08,-8.567697703003402,28.76
46340,"Tyler, TX Metro Area",223,-0.03227922759115103,58.16,0.28407802690035505,88.32
40100,"Rio Grande City-Roma, TX Micro Area",116,-0.8238256772218089,20.65,-8.316159364483097,31.89
46620,"Uvalde, TX Micro Area",140,-0.59375630398677115,32,-6.402975054731066,50.81
19620,"Del Rio, TX Micro Area",113,-0.7317832862662245,25.41,-9.243610831883016,20.86
26660,"Huntsville, TX Micro Area",97,-0.9809866826039677,12.97,-10.170794278733496,12.97
14780,"Brenham, TX Micro Area",150,-0.5564891893184424,33.95,-5.308162137565916,61.08
29700,"Laredo, TX Metro Area",157,0.06735045377193719,61.73,-5.355930246347061,60.86
20900,"El Campo, TX Micro Area",140,-1.5801688353610177,0.65,-3.5284921779832565,73.95
46900,"Vernon, TX Micro Area",80,-1.3439038108137003,2.81,-8.649265719516425,27.78
39700,"Raymondville, TX Micro Area",83,-0.7948211195829459,21.95,-7.883461384352626,36.22
49820,"Zapata, TX Micro Area",94,-0.7613243261962925,23.57,-9.255305228072368,20.65
39220,"Price, UT Micro Area",112,-0.8881580247659145,17.41,-10.575757281716966,11.14
36260,"Ogden, UT Metro Area",259,0.9174808553003031,81.41,-2.931905715715952,76.54
16260,"Cedar City, UT Micro Area",189,0.3785347687963467,71.24,-5.357080167133647,60.76
39340,"Provo-Orem-Lehi, UT Metro Area",293,2.131083863470889,96.22,-15.75586654396375,2.92
21740,"Evanston, WY-UT Micro Area",148,-0.3354154453584706,44.43,-6.055313941300595,53.95
41620,"Salt Lake City-Murray, UT Metro Area",351,2.1967211219480323,96.86,-22.74081836549133,1.51
25720,"Heber, UT Micro Area",212,2.2014779831745708,96.97,-14.574560951034098,3.35
46860,"Vernal, UT Micro Area",149,-0.28444533722316173,47.35,-5.698541529305764,56.86
41100,"St. George, UT Metro Area",245,1.511269440432478,91.46,-12.782152941716635,5.62
13540,"Bennington, VT Micro Area",176,0.9697088316753294,81.95,-9.070006935580432,22.59
15540,"Burlington-South Burlington, VT Metro Area",248,1.6827598338943353,92.65,-10.609715297627403,10.92
40860,"Rutland, VT Micro Area",210,0.3359803820152655,69.95,-5.413923321035934,60.11
12740,"Barre, VT Micro Area",175,1.4877285973599028,91.03,-8.829036316324485,25.73
14710,"Brattleboro, VT Micro Area",192,1.312471512219636,88.43,-8.327310687375446,31.78
16820,"Charlottesville, VA Metro Area",170,2.5191222957181365,98.16,-8.71843526010576,26.59
40060,"Richmond, VA Metro Area",273,1.4111905024686213,89.73,-5.933240261523071,55.14
31340,"Lynchburg, VA Metro Area",207,0.11593180721565804,63.03,-0.5201300460756222,85.84
44420,"Staunton-Stuarts Draft, VA Metro Area",184,-0.05022188485786088,57.19,-3.7770642037843096,71.24
40220,"Roanoke, VA Metro Area",244,0.5325463841394804,75.24,2.108129476025956,91.35
13980,"Blacksburg-Christiansburg-Radford, VA Metro Area",146,0.11726516767124892,63.24,-6.797013208891034,47.24
49020,"Winchester, VA-WV Metro Area",179,0.0018354603671092873,59.89,-5.6324605215189125,57.84
32300,"Martinsville, VA Micro Area",146,-0.26161597871675446,48.32,-6.574767001926532,49.3
29470,"Lake of the Woods, VA Micro Area",131,0.12792476805722067,63.57,-9.159333371732131,21.95
19260,"Danville, VA Micro Area",174,-0.1944423788127181,51.57,-3.8340647785789184,70.92
25500,"Harrisonburg, VA Metro Area",164,0.24333043862863393,67.35,-6.180314007856855,52.43
14140,"Bluefield, WV-VA Micro Area",159,-0.9120544312132071,16.54,-3.67610344425281,72.22
36830,"Othello, WA Micro Area",76,-1.2554598911632198,4.32,-9.49795080389119,18.59
28420,"Kennewick-Richland, WA Metro Area",166,0.0920573824688744,62.59,-7.508963664009412,40.43
48300,"Wenatchee-East Wenatchee, WA Metro Area",172,0.6631612401707674,77.84,-10.5439487827464,11.35
38820,"Port Angeles, WA Micro Area",175,0.8874901350511049,80.76,-11.229890517948213,8.86
31020,"Longview-Kelso, WA Metro Area",185,-0.358850918518513,43.57,-2.6826688208018443,77.84
34180,"Moses Lake, WA Micro Area",131,-0.5431840040653657,35.14,-5.756039251610569,56.11
10140,"Aberdeen, WA Micro Area",147,0.07490333866157393,62.16,-9.551885913930057,18.16
36020,"Oak Harbor, WA Micro Area",176,1.4517986154114324,90.27,-12.287142340812638,6.92
39040,"Port Townsend, WA Micro Area",184,1.4132506955640398,89.84,-12.046916514997136,7.03
42660,"Seattle-Tacoma-Bellevue, WA Metro Area",269,3.1306141290938374,99.14,-27.153699526918974,0.97
14740,"Bremerton-Silverdale-Port Orchard, WA Metro Area",175,1.3346442827515284,88.97,-13.044302137963381,4.97
21260,"Ellensburg, WA Micro Area",153,0.12443641925687289,63.35,-10.411894930815539,11.78
16500,"Centralia, WA Micro Area",191,-0.33498903530037333,44.65,-1.7871280789241197,81.51
43220,"Shelton, WA Micro Area",138,0.42343941004327423,73.08,-10.0630661373169,13.84
34580,"Mount Vernon-Anacortes, WA Metro Area",229,0.4628287565221,74.05,-2.30420785953213,79.68
44060,"Spokane-Spokane Valley, WA Metro Area",294,0.6865745236832498,78.38,3.6868843954242574,93.73
36500,"Olympia-Lacey-Tumwater, WA Metro Area",182,1.0623693312977653,83.89,-8.518027078320145,29.3
47460,"Walla Walla, WA Metro Area",128,0.10663991428410383,62.92,-9.532058875042672,18.27
13380,"Bellingham, WA Metro Area",275,1.0967213233689865,84.54,-5.096719160448792,62.38
39420,"Pullman, WA Micro Area",96,0.21121289991573897,66.27,-8.429235923194627,31.03
49420,"Yakima, WA Metro Area",151,-0.5108416597173728,37.08,-6.084380968299294,53.41
16620,"Charleston, WV Metro Area",185,0.3380110892856587,70.27,-2.576774706807334,78.7
17220,"Clarksburg, WV Micro Area",148,-0.2662194794381846,48.11,-6.544623863687872,49.62
13220,"Beckley, WV Metro Area",160,-0.2190574004780784,50.59,-6.404188402268301,50.7
21900,"Fairmont, WV Micro Area",156,-0.25232367205508455,48.76,-7.233761305519244,43.03
34060,"Morgantown, WV Metro Area",148,-0.043372945344348865,57.84,-6.266080109769593,51.78
21180,"Elkins, WV Micro Area",132,-0.6702333334753149,28.76,-9.527924888958346,18.49
37620,"Parkersburg-Vienna, WV Metro Area",174,-0.34814557871997065,44.11,-4.698066809163775,65.3
39960,"Rice Lake, WI Micro Area",156,-0.6968356583648078,27.24,-4.944308542705544,63.89
24580,"Green Bay, WI Metro Area",243,0.09033001702255311,62.49,4.675317871861342,94.59
11540,"Appleton, WI Metro Area",247,0.21347874722987056,66.38,2.5992871969902733,91.89
20740,"Eau Claire, WI Metro Area",235,0.2183319137244391,66.59,0.21901621201018384,88.11
31540,"Madison, WI Metro Area",264,1.4437528955466195,90.16,-3.7148526620397813,71.78
13180,"Beaver Dam, WI Micro Area",144,-0.752673311056193,24.11,-4.919626588963939,64
32860,"Menomonie, WI Micro Area",128,-0.40539483332727705,41.95,-8.51660833124353,29.41
22540,"Fond du Lac, WI Metro Area",200,-0.49766947695380903,37.51,0.6038114265783564,88.86
38420,"Platteville, WI Micro Area",149,-0.9443056362467823,15.14,-5.158951981997115,61.73
48020,"Watertown-Fort Atkinson, WI Micro Area",183,-0.04582981722368357,57.73,-3.558485215036888,73.41
28450,"Kenosha, WI Metro Area",187,0.5914251229629331,76.43,-4.46176787809632,66.7
31820,"Manitowoc, WI Micro Area",184,-0.28885325666093,47.24,-2.509446342673732,78.92
48140,"Wausau, WI Metro Area",217,-0.40304730908383146,42.05,3.372215316941419,93.08
43020,"Shawano, WI Micro Area",163,-0.5944829374231636,31.89,-3.6900951855504434,72.11
33340,"Milwaukee-Waukesha, WI Metro Area",322,1.4646632357380396,90.7,-0.5532946562416856,85.51
43890,"Sparta, WI Micro Area",121,-0.9237948912992993,16,-7.876471028524542,36.32
44620,"Stevens Point-Plover, WI Micro Area",171,-0.05365137079267305,57.08,-4.955572464604823,63.78
39540,"Racine-Mount Pleasant, WI Metro Area",228,0.19479287454168984,65.73,1.4238554377610737,90.38
27500,"Janesville-Beloit, WI Metro Area",216,-0.21021524684380183,51.14,2.8000602848940126,92.43
12660,"Baraboo, WI Micro Area",162,0.3024822259241069,68.86,-7.744909188212908,37.73
43100,"Sheboygan, WI Metro Area",165,-0.21203102041994523,51.03,-5.725721238612417,56.32
48580,"Whitewater-Elkhorn, WI Micro Area",214,0.3176493645244768,69.51,-1.1613839819587284,83.35
36780,"Oshkosh-Neenah, WI Metro Area",177,0.36800477802186315,70.81,-2.6766033324703873,78.16
49220,"Wisconsin Rapids-Marshfield, WI Micro Area",157,-0.8763134979587949,17.95,-4.506473582002895,66.27
29660,"Laramie, WY Micro Area",125,0.04205980819115626,61.19,-10.131280821318915,13.41
23940,"Gillette, WY Micro Area",139,-1.0231837640088328,10.7,-6.748393670462319,48
40180,"Riverton, WY Micro Area",165,-0.15981613728342928,52.97,-4.823110421785922,64.54
16940,"Cheyenne, WY Metro Area",181,0.0448601904727351,61.3,-5.398139831627554,60.32
16220,"Casper, WY Metro Area",244,-0.02536050482293415,58.49,5.099447574239948,95.03
17650,"Cody, WY Micro Area",192,-0.0017930149635834803,59.78,-2.682615949982189,77.95
43260,"Sheridan, WY Micro Area",209,0.6842187246520269,78.27,-3.6179193928882376,72.65
40540,"Rock Springs, WY Micro Area",140,-0.9837878275190991,12.65,-6.824988024719112,46.92
